dataset,filename,score,path
aihub,ID2303.png,2,C:\Users\한국전파진흥협회\Desktop\dataset\combined\images\aihub\ID2303.png
aihub,ID2304.png,3,C:\Users\한국전파진흥협회\Desktop\dataset\combined\images\aihub\ID2304.png
aihub,ID2305.png,2,C:\Users\한국전파진흥협회\Desktop\dataset\combined\images\aihub\ID2305.png
aihub,ID2306.png,2,C:\Users\한국전파진흥협회\Desktop\dataset\combined\images\aihub\ID2306.png
aihub,ID2307.png,2,C:\Users\한국전파진흥협회\Desktop\dataset\combined\images\aihub\ID2307.png
aihub,ID2308.png,2,C:\Users\한국전파진흥협회\Desktop\dataset\combined\images\aihub\ID2308.png
aihub,ID2310.png,2,C:\Users\한국전파진흥협회\Desktop\dataset\combined\images\aihub\ID2310.png
aihub,ID2313.png,4,C:\Users\한국전파진흥협회\Desktop\dataset\combined\images\aihub\ID2313.png
aihub,ID2314.png,2,C:\Users\한국전파진흥협회\Desktop\dataset\combined\images\aihub\ID2314.png
aihub,ID2315.png,3,C:\Users\한국전파진흥협회\Desktop\dataset\combined\images\aihub\ID2315.png
aihub,ID2316.png,3,C:\Users\한국전파진흥협회\Desktop\dataset\combined\images\aihub\ID2316.png
aihub,ID2317.png,3,C:\Users\한국전파진흥협회\Desktop\dataset\combined\images\aihub\ID2317.png
aihub,ID2318.png,2,C:\Users\한국전파진흥협회\Desktop\dataset\combined\images\aihub\ID2318.png
aihub,ID2321.png,1,C:\Users\한국전파진흥협회\Desktop\dataset\combined\images\aihub\ID2321.png
aihub,ID2322.png,4,C:\Users\한국전파진흥협회\Desktop\dataset\combined\images\aihub\ID2322.png
aihub,ID2323.png,3,C:\Users\한국전파진흥협회\Desktop\dataset\combined\images\aihub\ID2323.png
aihub,ID2324.png,4,C:\Users\한국전파진흥협회\Desktop\dataset\combined\images\aihub\ID2324.png
aihub,ID2325.png,4,C:\Users\한국전파진흥협회\Desktop\dataset\combined\images\aihub\ID2325.png
aihub,ID2326.png,3,C:\Users\한국전파진흥협회\Desktop\dataset\combined\images\aihub\ID2326.png
aihub,ID2327.png,2,C:\Users\한국전파진흥협회\Desktop\dataset\combined\images\aihub\ID2327.png
aihub,ID2328.png,3,C:\Users\한국전파진흥협회\Desktop\dataset\combined\images\aihub\ID2328.png
aihub,ID2330.png,2,C:\Users\한국전파진흥협회\Desktop\dataset\combined\images\aihub\ID2330.png
aihub,ID2335.png,3,C:\Users\한국전파진흥협회\Desktop\dataset\combined\images\aihub\ID2335.png
aihub,ID2336.png,3,C:\Users\한국전파진흥협회\Desktop\dataset\combined\images\aihub\ID2336.png
aihub,ID2338.png,2,C:\Users\한국전파진흥협회\Desktop\dataset\combined\images\aihub\ID2338.png
aihub,ID2339.png,4,C:\Users\한국전파진흥협회\Desktop\dataset\combined\images\aihub\ID2339.png
aihub,ID2342.png,2,C:\Users\한국전파진흥협회\Desktop\dataset\combined\images\aihub\ID2342.png
aihub,ID2345.png,2,C:\Users\한국전파진흥협회\Desktop\dataset\combined\images\aihub\ID2345.png
aihub,ID2346.png,2,C:\Users\한국전파진흥협회\Desktop\dataset\combined\images\aihub\ID2346.png
aihub,ID2354.png,3,C:\Users\한국전파진흥협회\Desktop\dataset\combined\images\aihub\ID2354.png
aihub,ID2356.png,2,C:\Users\한국전파진흥협회\Desktop\dataset\combined\images\aihub\ID2356.png
aihub,ID2358.png,2,C:\Users\한국전파진흥협회\Desktop\dataset\combined\images\aihub\ID2358.png
aihub,ID2360.png,4,C:\Users\한국전파진흥협회\Desktop\dataset\combined\images\aihub\ID2360.png
aihub,ID2361.png,3,C:\Users\한국전파진흥협회\Desktop\dataset\combined\images\aihub\ID2361.png
aihub,ID2363.png,2,C:\Users\한국전파진흥협회\Desktop\dataset\combined\images\aihub\ID2363.png
aihub,ID2367.png,4,C:\Users\한국전파진흥협회\Desktop\dataset\combined\images\aihub\ID2367.png
aihub,ID2368.png,4,C:\Users\한국전파진흥협회\Desktop\dataset\combined\images\aihub\ID2368.png
aihub,ID2370.png,4,C:\Users\한국전파진흥협회\Desktop\dataset\combined\images\aihub\ID2370.png
aihub,ID2371.png,4,C:\Users\한국전파진흥협회\Desktop\dataset\combined\images\aihub\ID2371.png
aihub,ID2372.png,4,C:\Users\한국전파진흥협회\Desktop\dataset\combined\images\aihub\ID2372.png
aihub,ID2374.png,3,C:\Users\한국전파진흥협회\Desktop\dataset\combined\images\aihub\ID2374.png
aihub,ID2375.png,2,C:\Users\한국전파진흥협회\Desktop\dataset\combined\images\aihub\ID2375.png
aihub,ID2377.png,2,C:\Users\한국전파진흥협회\Desktop\dataset\combined\images\aihub\ID2377.png
aihub,ID2378.png,3,C:\Users\한국전파진흥협회\Desktop\dataset\combined\images\aihub\ID2378.png
aihub,ID2379.png,2,C:\Users\한국전파진흥협회\Desktop\dataset\combined\images\aihub\ID2379.png
aihub,ID2381.png,2,C:\Users\한국전파진흥협회\Desktop\dataset\combined\images\aihub\ID2381.png
aihub,ID2382.png,2,C:\Users\한국전파진흥협회\Desktop\dataset\combined\images\aihub\ID2382.png
aihub,ID2385.png,2,C:\Users\한국전파진흥협회\Desktop\dataset\combined\images\aihub\ID2385.png
aihub,ID2386.png,3,C:\Users\한국전파진흥협회\Desktop\dataset\combined\images\aihub\ID2386.png
aihub,ID2387.png,2,C:\Users\한국전파진흥협회\Desktop\dataset\combined\images\aihub\ID2387.png
aihub,ID2391.png,2,C:\Users\한국전파진흥협회\Desktop\dataset\combined\images\aihub\ID2391.png
aihub,ID2392.png,2,C:\Users\한국전파진흥협회\Desktop\dataset\combined\images\aihub\ID2392.png
aihub,ID2401.png,5,C:\Users\한국전파진흥협회\Desktop\dataset\combined\images\aihub\ID2401.png
aihub,ID2402.png,2,C:\Users\한국전파진흥협회\Desktop\dataset\combined\images\aihub\ID2402.png
aihub,ID2403.png,2,C:\Users\한국전파진흥협회\Desktop\dataset\combined\images\aihub\ID2403.png
aihub,ID2404.png,4,C:\Users\한국전파진흥협회\Desktop\dataset\combined\images\aihub\ID2404.png
aihub,ID2405.png,4,C:\Users\한국전파진흥협회\Desktop\dataset\combined\images\aihub\ID2405.png
aihub,ID2409.png,3,C:\Users\한국전파진흥협회\Desktop\dataset\combined\images\aihub\ID2409.png
aihub,ID2410.png,4,C:\Users\한국전파진흥협회\Desktop\dataset\combined\images\aihub\ID2410.png
aihub,ID2411.png,3,C:\Users\한국전파진흥협회\Desktop\dataset\combined\images\aihub\ID2411.png
aihub,ID2413.png,4,C:\Users\한국전파진흥협회\Desktop\dataset\combined\images\aihub\ID2413.png
aihub,ID2414.png,2,C:\Users\한국전파진흥협회\Desktop\dataset\combined\images\aihub\ID2414.png
aihub,ID2415.png,2,C:\Users\한국전파진흥협회\Desktop\dataset\combined\images\aihub\ID2415.png
aihub,ID2419.png,3,C:\Users\한국전파진흥협회\Desktop\dataset\combined\images\aihub\ID2419.png
aihub,ID2420.png,4,C:\Users\한국전파진흥협회\Desktop\dataset\combined\images\aihub\ID2420.png
aihub,ID2423.png,2,C:\Users\한국전파진흥협회\Desktop\dataset\combined\images\aihub\ID2423.png
aihub,ID2424.png,3,C:\Users\한국전파진흥협회\Desktop\dataset\combined\images\aihub\ID2424.png
aihub,ID2425.png,1,C:\Users\한국전파진흥협회\Desktop\dataset\combined\images\aihub\ID2425.png
aihub,ID2426.png,3,C:\Users\한국전파진흥협회\Desktop\dataset\combined\images\aihub\ID2426.png
aihub,ID2429.png,3,C:\Users\한국전파진흥협회\Desktop\dataset\combined\images\aihub\ID2429.png
aihub,ID2430.png,2,C:\Users\한국전파진흥협회\Desktop\dataset\combined\images\aihub\ID2430.png
aihub,ID2431.png,2,C:\Users\한국전파진흥협회\Desktop\dataset\combined\images\aihub\ID2431.png
aihub,ID2436.png,3,C:\Users\한국전파진흥협회\Desktop\dataset\combined\images\aihub\ID2436.png
aihub,ID2438.png,3,C:\Users\한국전파진흥협회\Desktop\dataset\combined\images\aihub\ID2438.png
aihub,ID2442.png,4,C:\Users\한국전파진흥협회\Desktop\dataset\combined\images\aihub\ID2442.png
aihub,ID2444.png,4,C:\Users\한국전파진흥협회\Desktop\dataset\combined\images\aihub\ID2444.png
aihub,ID2446.png,3,C:\Users\한국전파진흥협회\Desktop\dataset\combined\images\aihub\ID2446.png
aihub,ID2447.png,2,C:\Users\한국전파진흥협회\Desktop\dataset\combined\images\aihub\ID2447.png
aihub,ID2449.png,3,C:\Users\한국전파진흥협회\Desktop\dataset\combined\images\aihub\ID2449.png
aihub,ID2450.png,3,C:\Users\한국전파진흥협회\Desktop\dataset\combined\images\aihub\ID2450.png
aihub,ID2451.png,3,C:\Users\한국전파진흥협회\Desktop\dataset\combined\images\aihub\ID2451.png
aihub,ID2452.png,3,C:\Users\한국전파진흥협회\Desktop\dataset\combined\images\aihub\ID2452.png
aihub,ID2453.png,4,C:\Users\한국전파진흥협회\Desktop\dataset\combined\images\aihub\ID2453.png
aihub,ID2455.png,3,C:\Users\한국전파진흥협회\Desktop\dataset\combined\images\aihub\ID2455.png
aihub,ID2456.png,4,C:\Users\한국전파진흥협회\Desktop\dataset\combined\images\aihub\ID2456.png
aihub,ID2457.png,3,C:\Users\한국전파진흥협회\Desktop\dataset\combined\images\aihub\ID2457.png
aihub,ID2458.png,4,C:\Users\한국전파진흥협회\Desktop\dataset\combined\images\aihub\ID2458.png
aihub,ID2459.png,4,C:\Users\한국전파진흥협회\Desktop\dataset\combined\images\aihub\ID2459.png
aihub,ID2460.png,2,C:\Users\한국전파진흥협회\Desktop\dataset\combined\images\aihub\ID2460.png
aihub,ID2462.png,3,C:\Users\한국전파진흥협회\Desktop\dataset\combined\images\aihub\ID2462.png
aihub,ID2463.png,2,C:\Users\한국전파진흥협회\Desktop\dataset\combined\images\aihub\ID2463.png
aihub,ID2467.png,2,C:\Users\한국전파진흥협회\Desktop\dataset\combined\images\aihub\ID2467.png
aihub,ID2468.png,3,C:\Users\한국전파진흥협회\Desktop\dataset\combined\images\aihub\ID2468.png
aihub,ID2469.png,3,C:\Users\한국전파진흥협회\Desktop\dataset\combined\images\aihub\ID2469.png
aihub,ID2470.png,2,C:\Users\한국전파진흥협회\Desktop\dataset\combined\images\aihub\ID2470.png
aihub,ID2471.png,3,C:\Users\한국전파진흥협회\Desktop\dataset\combined\images\aihub\ID2471.png
aihub,ID2472.png,2,C:\Users\한국전파진흥협회\Desktop\dataset\combined\images\aihub\ID2472.png
aihub,ID2474.png,2,C:\Users\한국전파진흥협회\Desktop\dataset\combined\images\aihub\ID2474.png
aihub,ID2475.png,2,C:\Users\한국전파진흥협회\Desktop\dataset\combined\images\aihub\ID2475.png
aihub,ID2476.png,3,C:\Users\한국전파진흥협회\Desktop\dataset\combined\images\aihub\ID2476.png
aihub,ID2477.png,2,C:\Users\한국전파진흥협회\Desktop\dataset\combined\images\aihub\ID2477.png
aihub,ID2478.png,4,C:\Users\한국전파진흥협회\Desktop\dataset\combined\images\aihub\ID2478.png
aihub,ID2479.png,3,C:\Users\한국전파진흥협회\Desktop\dataset\combined\images\aihub\ID2479.png
aihub,ID2481.png,3,C:\Users\한국전파진흥협회\Desktop\dataset\combined\images\aihub\ID2481.png
aihub,ID2482.png,2,C:\Users\한국전파진흥협회\Desktop\dataset\combined\images\aihub\ID2482.png
aihub,ID2483.png,4,C:\Users\한국전파진흥협회\Desktop\dataset\combined\images\aihub\ID2483.png
aihub,ID2485.png,4,C:\Users\한국전파진흥협회\Desktop\dataset\combined\images\aihub\ID2485.png
aihub,ID2489.png,3,C:\Users\한국전파진흥협회\Desktop\dataset\combined\images\aihub\ID2489.png
aihub,ID2491.png,3,C:\Users\한국전파진흥협회\Desktop\dataset\combined\images\aihub\ID2491.png
aihub,ID2492.png,4,C:\Users\한국전파진흥협회\Desktop\dataset\combined\images\aihub\ID2492.png
aihub,ID2495.png,2,C:\Users\한국전파진흥협회\Desktop\dataset\combined\images\aihub\ID2495.png
aihub,ID2502.png,2,C:\Users\한국전파진흥협회\Desktop\dataset\combined\images\aihub\ID2502.png
aihub,ID2506.png,1,C:\Users\한국전파진흥협회\Desktop\dataset\combined\images\aihub\ID2506.png
aihub,ID2510.png,2,C:\Users\한국전파진흥협회\Desktop\dataset\combined\images\aihub\ID2510.png
aihub,ID2514.png,2,C:\Users\한국전파진흥협회\Desktop\dataset\combined\images\aihub\ID2514.png
aihub,ID2515.png,3,C:\Users\한국전파진흥협회\Desktop\dataset\combined\images\aihub\ID2515.png
aihub,ID2517.png,2,C:\Users\한국전파진흥협회\Desktop\dataset\combined\images\aihub\ID2517.png
aihub,ID2518.png,1,C:\Users\한국전파진흥협회\Desktop\dataset\combined\images\aihub\ID2518.png
aihub,ID2520.png,3,C:\Users\한국전파진흥협회\Desktop\dataset\combined\images\aihub\ID2520.png
aihub,ID2522.png,5,C:\Users\한국전파진흥협회\Desktop\dataset\combined\images\aihub\ID2522.png
aihub,ID2526.png,2,C:\Users\한국전파진흥협회\Desktop\dataset\combined\images\aihub\ID2526.png
aihub,ID2530.png,2,C:\Users\한국전파진흥협회\Desktop\dataset\combined\images\aihub\ID2530.png
aihub,ID2539.png,2,C:\Users\한국전파진흥협회\Desktop\dataset\combined\images\aihub\ID2539.png
aihub,ID2546.png,2,C:\Users\한국전파진흥협회\Desktop\dataset\combined\images\aihub\ID2546.png
aihub,ID2548.png,2,C:\Users\한국전파진흥협회\Desktop\dataset\combined\images\aihub\ID2548.png
aihub,ID2549.png,2,C:\Users\한국전파진흥협회\Desktop\dataset\combined\images\aihub\ID2549.png
aihub,ID2552.png,1,C:\Users\한국전파진흥협회\Desktop\dataset\combined\images\aihub\ID2552.png
aihub,ID2555.png,1,C:\Users\한국전파진흥협회\Desktop\dataset\combined\images\aihub\ID2555.png
aihub,ID2556.png,2,C:\Users\한국전파진흥협회\Desktop\dataset\combined\images\aihub\ID2556.png
aihub,ID2561.png,2,C:\Users\한국전파진흥협회\Desktop\dataset\combined\images\aihub\ID2561.png
aihub,ID2562.png,3,C:\Users\한국전파진흥협회\Desktop\dataset\combined\images\aihub\ID2562.png
aihub,ID2564.png,3,C:\Users\한국전파진흥협회\Desktop\dataset\combined\images\aihub\ID2564.png
aihub,ID2572.png,2,C:\Users\한국전파진흥협회\Desktop\dataset\combined\images\aihub\ID2572.png
aihub,ID2575.png,2,C:\Users\한국전파진흥협회\Desktop\dataset\combined\images\aihub\ID2575.png
aihub,ID2576.png,4,C:\Users\한국전파진흥협회\Desktop\dataset\combined\images\aihub\ID2576.png
aihub,ID2578.png,2,C:\Users\한국전파진흥협회\Desktop\dataset\combined\images\aihub\ID2578.png
aihub,ID2583.png,2,C:\Users\한국전파진흥협회\Desktop\dataset\combined\images\aihub\ID2583.png
aihub,ID2585.png,2,C:\Users\한국전파진흥협회\Desktop\dataset\combined\images\aihub\ID2585.png
aihub,ID2586.png,2,C:\Users\한국전파진흥협회\Desktop\dataset\combined\images\aihub\ID2586.png
aihub,ID2587.png,2,C:\Users\한국전파진흥협회\Desktop\dataset\combined\images\aihub\ID2587.png
aihub,ID2593.png,1,C:\Users\한국전파진흥협회\Desktop\dataset\combined\images\aihub\ID2593.png
aihub,ID2597.png,2,C:\Users\한국전파진흥협회\Desktop\dataset\combined\images\aihub\ID2597.png
aihub,ID2599.png,2,C:\Users\한국전파진흥협회\Desktop\dataset\combined\images\aihub\ID2599.png
aihub,ID2601.png,2,C:\Users\한국전파진흥협회\Desktop\dataset\combined\images\aihub\ID2601.png
aihub,ID2602.png,3,C:\Users\한국전파진흥협회\Desktop\dataset\combined\images\aihub\ID2602.png
aihub,ID2608.png,3,C:\Users\한국전파진흥협회\Desktop\dataset\combined\images\aihub\ID2608.png
aihub,ID2610.png,1,C:\Users\한국전파진흥협회\Desktop\dataset\combined\images\aihub\ID2610.png
aihub,ID2611.png,1,C:\Users\한국전파진흥협회\Desktop\dataset\combined\images\aihub\ID2611.png
aihub,ID2619.png,2,C:\Users\한국전파진흥협회\Desktop\dataset\combined\images\aihub\ID2619.png
aihub,ID2620.png,3,C:\Users\한국전파진흥협회\Desktop\dataset\combined\images\aihub\ID2620.png
aihub,ID2629.png,2,C:\Users\한국전파진흥협회\Desktop\dataset\combined\images\aihub\ID2629.png
aihub,ID2639.png,2,C:\Users\한국전파진흥협회\Desktop\dataset\combined\images\aihub\ID2639.png
aihub,ID2640.png,2,C:\Users\한국전파진흥협회\Desktop\dataset\combined\images\aihub\ID2640.png
aihub,ID2641.png,2,C:\Users\한국전파진흥협회\Desktop\dataset\combined\images\aihub\ID2641.png
aihub,ID2643.png,4,C:\Users\한국전파진흥협회\Desktop\dataset\combined\images\aihub\ID2643.png
aihub,ID2646.png,2,C:\Users\한국전파진흥협회\Desktop\dataset\combined\images\aihub\ID2646.png
aihub,ID2647.png,3,C:\Users\한국전파진흥협회\Desktop\dataset\combined\images\aihub\ID2647.png
aihub,ID2649.png,3,C:\Users\한국전파진흥협회\Desktop\dataset\combined\images\aihub\ID2649.png
aihub,ID2652.png,4,C:\Users\한국전파진흥협회\Desktop\dataset\combined\images\aihub\ID2652.png
aihub,ID2654.png,2,C:\Users\한국전파진흥협회\Desktop\dataset\combined\images\aihub\ID2654.png
aihub,ID2656.png,3,C:\Users\한국전파진흥협회\Desktop\dataset\combined\images\aihub\ID2656.png
aihub,ID2661.png,2,C:\Users\한국전파진흥협회\Desktop\dataset\combined\images\aihub\ID2661.png
aihub,ID2670.png,3,C:\Users\한국전파진흥협회\Desktop\dataset\combined\images\aihub\ID2670.png
aihub,ID2675.png,2,C:\Users\한국전파진흥협회\Desktop\dataset\combined\images\aihub\ID2675.png
aihub,ID2679.png,3,C:\Users\한국전파진흥협회\Desktop\dataset\combined\images\aihub\ID2679.png
aihub,ID2681.png,3,C:\Users\한국전파진흥협회\Desktop\dataset\combined\images\aihub\ID2681.png
aihub,ID2686.png,1,C:\Users\한국전파진흥협회\Desktop\dataset\combined\images\aihub\ID2686.png
aihub,ID2688.png,4,C:\Users\한국전파진흥협회\Desktop\dataset\combined\images\aihub\ID2688.png
aihub,ID2690.png,3,C:\Users\한국전파진흥협회\Desktop\dataset\combined\images\aihub\ID2690.png
aihub,ID2693.png,3,C:\Users\한국전파진흥협회\Desktop\dataset\combined\images\aihub\ID2693.png
aihub,ID2697.png,4,C:\Users\한국전파진흥협회\Desktop\dataset\combined\images\aihub\ID2697.png
aihub,ID2699.png,2,C:\Users\한국전파진흥협회\Desktop\dataset\combined\images\aihub\ID2699.png
aihub,ID2701.png,4,C:\Users\한국전파진흥협회\Desktop\dataset\combined\images\aihub\ID2701.png
aihub,ID2709.png,3,C:\Users\한국전파진흥협회\Desktop\dataset\combined\images\aihub\ID2709.png
aihub,ID2712.png,3,C:\Users\한국전파진흥협회\Desktop\dataset\combined\images\aihub\ID2712.png
aihub,ID2716.png,2,C:\Users\한국전파진흥협회\Desktop\dataset\combined\images\aihub\ID2716.png
aihub,ID2724.png,2,C:\Users\한국전파진흥협회\Desktop\dataset\combined\images\aihub\ID2724.png
aihub,ID2725.png,3,C:\Users\한국전파진흥협회\Desktop\dataset\combined\images\aihub\ID2725.png
aihub,ID2728.png,2,C:\Users\한국전파진흥협회\Desktop\dataset\combined\images\aihub\ID2728.png
aihub,ID2732.png,2,C:\Users\한국전파진흥협회\Desktop\dataset\combined\images\aihub\ID2732.png
aihub,ID2738.png,2,C:\Users\한국전파진흥협회\Desktop\dataset\combined\images\aihub\ID2738.png
aihub,ID2740.png,1,C:\Users\한국전파진흥협회\Desktop\dataset\combined\images\aihub\ID2740.png
aihub,ID2741.png,2,C:\Users\한국전파진흥협회\Desktop\dataset\combined\images\aihub\ID2741.png
aihub,ID2744.png,3,C:\Users\한국전파진흥협회\Desktop\dataset\combined\images\aihub\ID2744.png
aihub,ID2745.png,2,C:\Users\한국전파진흥협회\Desktop\dataset\combined\images\aihub\ID2745.png
aihub,ID2746.png,2,C:\Users\한국전파진흥협회\Desktop\dataset\combined\images\aihub\ID2746.png
aihub,ID2750.png,4,C:\Users\한국전파진흥협회\Desktop\dataset\combined\images\aihub\ID2750.png
aihub,ID2751.png,2,C:\Users\한국전파진흥협회\Desktop\dataset\combined\images\aihub\ID2751.png
aihub,ID2752.png,2,C:\Users\한국전파진흥협회\Desktop\dataset\combined\images\aihub\ID2752.png
aihub,ID2756.png,3,C:\Users\한국전파진흥협회\Desktop\dataset\combined\images\aihub\ID2756.png
aihub,ID2759.png,3,C:\Users\한국전파진흥협회\Desktop\dataset\combined\images\aihub\ID2759.png
aihub,ID2767.png,3,C:\Users\한국전파진흥협회\Desktop\dataset\combined\images\aihub\ID2767.png
aihub,ID2768.png,2,C:\Users\한국전파진흥협회\Desktop\dataset\combined\images\aihub\ID2768.png
aihub,ID2772.png,3,C:\Users\한국전파진흥협회\Desktop\dataset\combined\images\aihub\ID2772.png
aihub,ID2773.png,3,C:\Users\한국전파진흥협회\Desktop\dataset\combined\images\aihub\ID2773.png
aihub,ID2785.png,2,C:\Users\한국전파진흥협회\Desktop\dataset\combined\images\aihub\ID2785.png
aihub,ID2786.png,3,C:\Users\한국전파진흥협회\Desktop\dataset\combined\images\aihub\ID2786.png
aihub,ID2787.png,2,C:\Users\한국전파진흥협회\Desktop\dataset\combined\images\aihub\ID2787.png
aihub,ID2788.png,3,C:\Users\한국전파진흥협회\Desktop\dataset\combined\images\aihub\ID2788.png
aihub,ID2790.png,5,C:\Users\한국전파진흥협회\Desktop\dataset\combined\images\aihub\ID2790.png
aihub,ID2792.png,2,C:\Users\한국전파진흥협회\Desktop\dataset\combined\images\aihub\ID2792.png
aihub,ID2794.png,1,C:\Users\한국전파진흥협회\Desktop\dataset\combined\images\aihub\ID2794.png
aihub,ID2795.png,3,C:\Users\한국전파진흥협회\Desktop\dataset\combined\images\aihub\ID2795.png
aihub,ID2796.png,1,C:\Users\한국전파진흥협회\Desktop\dataset\combined\images\aihub\ID2796.png
aihub,ID2803.png,2,C:\Users\한국전파진흥협회\Desktop\dataset\combined\images\aihub\ID2803.png
aihub,ID2805.png,1,C:\Users\한국전파진흥협회\Desktop\dataset\combined\images\aihub\ID2805.png
aihub,ID2807.png,1,C:\Users\한국전파진흥협회\Desktop\dataset\combined\images\aihub\ID2807.png
aihub,ID2808.png,3,C:\Users\한국전파진흥협회\Desktop\dataset\combined\images\aihub\ID2808.png
aihub,ID2809.png,1,C:\Users\한국전파진흥협회\Desktop\dataset\combined\images\aihub\ID2809.png
aihub,ID2813.png,1,C:\Users\한국전파진흥협회\Desktop\dataset\combined\images\aihub\ID2813.png
aihub,ID2818.png,1,C:\Users\한국전파진흥협회\Desktop\dataset\combined\images\aihub\ID2818.png
aihub,ID2822.png,1,C:\Users\한국전파진흥협회\Desktop\dataset\combined\images\aihub\ID2822.png
aihub,ID2825.png,4,C:\Users\한국전파진흥협회\Desktop\dataset\combined\images\aihub\ID2825.png
aihub,ID2828.png,2,C:\Users\한국전파진흥협회\Desktop\dataset\combined\images\aihub\ID2828.png
aihub,ID2829.png,1,C:\Users\한국전파진흥협회\Desktop\dataset\combined\images\aihub\ID2829.png
aihub,ID2830.png,2,C:\Users\한국전파진흥협회\Desktop\dataset\combined\images\aihub\ID2830.png
aihub,ID2837.png,1,C:\Users\한국전파진흥협회\Desktop\dataset\combined\images\aihub\ID2837.png
aihub,ID2839.png,2,C:\Users\한국전파진흥협회\Desktop\dataset\combined\images\aihub\ID2839.png
aihub,ID2841.png,4,C:\Users\한국전파진흥협회\Desktop\dataset\combined\images\aihub\ID2841.png
aihub,ID2842.png,2,C:\Users\한국전파진흥협회\Desktop\dataset\combined\images\aihub\ID2842.png
aihub,ID2844.png,1,C:\Users\한국전파진흥협회\Desktop\dataset\combined\images\aihub\ID2844.png
aihub,ID2845.png,1,C:\Users\한국전파진흥협회\Desktop\dataset\combined\images\aihub\ID2845.png
aihub,ID2849.png,1,C:\Users\한국전파진흥협회\Desktop\dataset\combined\images\aihub\ID2849.png
aihub,ID2850.png,1,C:\Users\한국전파진흥협회\Desktop\dataset\combined\images\aihub\ID2850.png
aihub,ID2852.png,1,C:\Users\한국전파진흥협회\Desktop\dataset\combined\images\aihub\ID2852.png
aihub,ID2853.png,1,C:\Users\한국전파진흥협회\Desktop\dataset\combined\images\aihub\ID2853.png
aihub,ID2862.png,2,C:\Users\한국전파진흥협회\Desktop\dataset\combined\images\aihub\ID2862.png
aihub,ID2865.png,2,C:\Users\한국전파진흥협회\Desktop\dataset\combined\images\aihub\ID2865.png
aihub,ID2868.png,2,C:\Users\한국전파진흥협회\Desktop\dataset\combined\images\aihub\ID2868.png
aihub,ID2869.png,1,C:\Users\한국전파진흥협회\Desktop\dataset\combined\images\aihub\ID2869.png
aihub,ID2874.png,1,C:\Users\한국전파진흥협회\Desktop\dataset\combined\images\aihub\ID2874.png
aihub,ID2876.png,2,C:\Users\한국전파진흥협회\Desktop\dataset\combined\images\aihub\ID2876.png
aihub,ID2878.png,3,C:\Users\한국전파진흥협회\Desktop\dataset\combined\images\aihub\ID2878.png
aihub,ID2879.png,2,C:\Users\한국전파진흥협회\Desktop\dataset\combined\images\aihub\ID2879.png
aihub,ID2883.png,2,C:\Users\한국전파진흥협회\Desktop\dataset\combined\images\aihub\ID2883.png
aihub,ID2890.png,2,C:\Users\한국전파진흥협회\Desktop\dataset\combined\images\aihub\ID2890.png
aihub,ID2893.png,3,C:\Users\한국전파진흥협회\Desktop\dataset\combined\images\aihub\ID2893.png
aihub,ID2895.png,3,C:\Users\한국전파진흥협회\Desktop\dataset\combined\images\aihub\ID2895.png
aihub,ID2898.png,3,C:\Users\한국전파진흥협회\Desktop\dataset\combined\images\aihub\ID2898.png
aihub,ID2903.png,1,C:\Users\한국전파진흥협회\Desktop\dataset\combined\images\aihub\ID2903.png
aihub,ID2906.png,1,C:\Users\한국전파진흥협회\Desktop\dataset\combined\images\aihub\ID2906.png
aihub,ID2907.png,2,C:\Users\한국전파진흥협회\Desktop\dataset\combined\images\aihub\ID2907.png
aihub,ID2912.png,1,C:\Users\한국전파진흥협회\Desktop\dataset\combined\images\aihub\ID2912.png
aihub,ID2915.png,2,C:\Users\한국전파진흥협회\Desktop\dataset\combined\images\aihub\ID2915.png
aihub,ID2919.png,1,C:\Users\한국전파진흥협회\Desktop\dataset\combined\images\aihub\ID2919.png
aihub,ID2922.png,2,C:\Users\한국전파진흥협회\Desktop\dataset\combined\images\aihub\ID2922.png
aihub,ID2923.png,3,C:\Users\한국전파진흥협회\Desktop\dataset\combined\images\aihub\ID2923.png
aihub,ID2927.png,2,C:\Users\한국전파진흥협회\Desktop\dataset\combined\images\aihub\ID2927.png
aihub,ID2929.png,2,C:\Users\한국전파진흥협회\Desktop\dataset\combined\images\aihub\ID2929.png
aihub,ID2930.png,1,C:\Users\한국전파진흥협회\Desktop\dataset\combined\images\aihub\ID2930.png
aihub,ID2931.png,4,C:\Users\한국전파진흥협회\Desktop\dataset\combined\images\aihub\ID2931.png
aihub,ID2932.png,3,C:\Users\한국전파진흥협회\Desktop\dataset\combined\images\aihub\ID2932.png
aihub,ID2933.png,2,C:\Users\한국전파진흥협회\Desktop\dataset\combined\images\aihub\ID2933.png
aihub,ID2935.png,2,C:\Users\한국전파진흥협회\Desktop\dataset\combined\images\aihub\ID2935.png
aihub,ID2940.png,2,C:\Users\한국전파진흥협회\Desktop\dataset\combined\images\aihub\ID2940.png
aihub,ID2943.png,1,C:\Users\한국전파진흥협회\Desktop\dataset\combined\images\aihub\ID2943.png
aihub,ID2944.png,1,C:\Users\한국전파진흥협회\Desktop\dataset\combined\images\aihub\ID2944.png
aihub,ID2947.png,1,C:\Users\한국전파진흥협회\Desktop\dataset\combined\images\aihub\ID2947.png
aihub,ID2949.png,3,C:\Users\한국전파진흥협회\Desktop\dataset\combined\images\aihub\ID2949.png
aihub,ID2952.png,2,C:\Users\한국전파진흥협회\Desktop\dataset\combined\images\aihub\ID2952.png
aihub,ID2962.png,2,C:\Users\한국전파진흥협회\Desktop\dataset\combined\images\aihub\ID2962.png
aihub,ID2963.png,3,C:\Users\한국전파진흥협회\Desktop\dataset\combined\images\aihub\ID2963.png
aihub,ID2965.png,3,C:\Users\한국전파진흥협회\Desktop\dataset\combined\images\aihub\ID2965.png
aihub,ID2969.png,1,C:\Users\한국전파진흥협회\Desktop\dataset\combined\images\aihub\ID2969.png
aihub,ID2970.png,1,C:\Users\한국전파진흥협회\Desktop\dataset\combined\images\aihub\ID2970.png
aihub,ID2971.png,4,C:\Users\한국전파진흥협회\Desktop\dataset\combined\images\aihub\ID2971.png
aihub,ID2975.png,2,C:\Users\한국전파진흥협회\Desktop\dataset\combined\images\aihub\ID2975.png
aihub,ID2977.png,1,C:\Users\한국전파진흥협회\Desktop\dataset\combined\images\aihub\ID2977.png
aihub,ID2978.png,2,C:\Users\한국전파진흥협회\Desktop\dataset\combined\images\aihub\ID2978.png
aihub,ID2987.png,2,C:\Users\한국전파진흥협회\Desktop\dataset\combined\images\aihub\ID2987.png
aihub,ID2992.png,1,C:\Users\한국전파진흥협회\Desktop\dataset\combined\images\aihub\ID2992.png
aihub,ID2993.png,2,C:\Users\한국전파진흥협회\Desktop\dataset\combined\images\aihub\ID2993.png
aihub,ID2998.png,1,C:\Users\한국전파진흥협회\Desktop\dataset\combined\images\aihub\ID2998.png
aihub,ID3001.png,1,C:\Users\한국전파진흥협회\Desktop\dataset\combined\images\aihub\ID3001.png
aihub,ID3003.png,1,C:\Users\한국전파진흥협회\Desktop\dataset\combined\images\aihub\ID3003.png
aihub,ID3004.png,4,C:\Users\한국전파진흥협회\Desktop\dataset\combined\images\aihub\ID3004.png
aihub,ID3008.png,2,C:\Users\한국전파진흥협회\Desktop\dataset\combined\images\aihub\ID3008.png
aihub,ID3011.png,1,C:\Users\한국전파진흥협회\Desktop\dataset\combined\images\aihub\ID3011.png
aihub,ID3014.png,2,C:\Users\한국전파진흥협회\Desktop\dataset\combined\images\aihub\ID3014.png
aihub,ID3015.png,1,C:\Users\한국전파진흥협회\Desktop\dataset\combined\images\aihub\ID3015.png
aihub,ID3017.png,1,C:\Users\한국전파진흥협회\Desktop\dataset\combined\images\aihub\ID3017.png
aihub,ID3024.png,2,C:\Users\한국전파진흥협회\Desktop\dataset\combined\images\aihub\ID3024.png
aihub,ID3025.png,2,C:\Users\한국전파진흥협회\Desktop\dataset\combined\images\aihub\ID3025.png
aihub,ID3028.png,4,C:\Users\한국전파진흥협회\Desktop\dataset\combined\images\aihub\ID3028.png
aihub,ID3038.png,2,C:\Users\한국전파진흥협회\Desktop\dataset\combined\images\aihub\ID3038.png
aihub,ID3047.png,2,C:\Users\한국전파진흥협회\Desktop\dataset\combined\images\aihub\ID3047.png
aihub,ID3048.png,3,C:\Users\한국전파진흥협회\Desktop\dataset\combined\images\aihub\ID3048.png
aihub,ID3052.png,1,C:\Users\한국전파진흥협회\Desktop\dataset\combined\images\aihub\ID3052.png
aihub,ID3055.png,1,C:\Users\한국전파진흥협회\Desktop\dataset\combined\images\aihub\ID3055.png
aihub,ID3070.png,2,C:\Users\한국전파진흥협회\Desktop\dataset\combined\images\aihub\ID3070.png
aihub,ID3073.png,2,C:\Users\한국전파진흥협회\Desktop\dataset\combined\images\aihub\ID3073.png
aihub,ID3076.png,1,C:\Users\한국전파진흥협회\Desktop\dataset\combined\images\aihub\ID3076.png
aihub,ID3079.png,2,C:\Users\한국전파진흥협회\Desktop\dataset\combined\images\aihub\ID3079.png
aihub,ID3081.png,2,C:\Users\한국전파진흥협회\Desktop\dataset\combined\images\aihub\ID3081.png
aihub,ID3082.png,2,C:\Users\한국전파진흥협회\Desktop\dataset\combined\images\aihub\ID3082.png
aihub,ID3083.png,1,C:\Users\한국전파진흥협회\Desktop\dataset\combined\images\aihub\ID3083.png
aihub,ID3096.png,4,C:\Users\한국전파진흥협회\Desktop\dataset\combined\images\aihub\ID3096.png
aihub,ID3098.png,2,C:\Users\한국전파진흥협회\Desktop\dataset\combined\images\aihub\ID3098.png
aihub,ID3103.png,2,C:\Users\한국전파진흥협회\Desktop\dataset\combined\images\aihub\ID3103.png
aihub,ID3104.png,2,C:\Users\한국전파진흥협회\Desktop\dataset\combined\images\aihub\ID3104.png
aihub,ID3107.png,1,C:\Users\한국전파진흥협회\Desktop\dataset\combined\images\aihub\ID3107.png
aihub,ID3113.png,1,C:\Users\한국전파진흥협회\Desktop\dataset\combined\images\aihub\ID3113.png
aihub,ID3114.png,2,C:\Users\한국전파진흥협회\Desktop\dataset\combined\images\aihub\ID3114.png
aihub,ID3116.png,2,C:\Users\한국전파진흥협회\Desktop\dataset\combined\images\aihub\ID3116.png
aihub,ID3118.png,2,C:\Users\한국전파진흥협회\Desktop\dataset\combined\images\aihub\ID3118.png
aihub,ID3125.png,2,C:\Users\한국전파진흥협회\Desktop\dataset\combined\images\aihub\ID3125.png
aihub,ID3126.png,2,C:\Users\한국전파진흥협회\Desktop\dataset\combined\images\aihub\ID3126.png
aihub,ID3131.png,1,C:\Users\한국전파진흥협회\Desktop\dataset\combined\images\aihub\ID3131.png
aihub,ID3136.png,1,C:\Users\한국전파진흥협회\Desktop\dataset\combined\images\aihub\ID3136.png
aihub,ID3140.png,2,C:\Users\한국전파진흥협회\Desktop\dataset\combined\images\aihub\ID3140.png
aihub,ID3143.png,1,C:\Users\한국전파진흥협회\Desktop\dataset\combined\images\aihub\ID3143.png
aihub,ID3144.png,2,C:\Users\한국전파진흥협회\Desktop\dataset\combined\images\aihub\ID3144.png
aihub,ID3147.png,2,C:\Users\한국전파진흥협회\Desktop\dataset\combined\images\aihub\ID3147.png
aihub,ID3158.png,2,C:\Users\한국전파진흥협회\Desktop\dataset\combined\images\aihub\ID3158.png
aihub,ID3166.png,1,C:\Users\한국전파진흥협회\Desktop\dataset\combined\images\aihub\ID3166.png
aihub,ID3170.png,2,C:\Users\한국전파진흥협회\Desktop\dataset\combined\images\aihub\ID3170.png
aihub,ID3171.png,1,C:\Users\한국전파진흥협회\Desktop\dataset\combined\images\aihub\ID3171.png
aihub,ID3178.png,3,C:\Users\한국전파진흥협회\Desktop\dataset\combined\images\aihub\ID3178.png
aihub,ID3179.png,2,C:\Users\한국전파진흥협회\Desktop\dataset\combined\images\aihub\ID3179.png
aihub,ID3186.png,1,C:\Users\한국전파진흥협회\Desktop\dataset\combined\images\aihub\ID3186.png
aihub,ID3192.png,2,C:\Users\한국전파진흥협회\Desktop\dataset\combined\images\aihub\ID3192.png
aihub,ID3193.png,3,C:\Users\한국전파진흥협회\Desktop\dataset\combined\images\aihub\ID3193.png
aihub,ID3194.png,1,C:\Users\한국전파진흥협회\Desktop\dataset\combined\images\aihub\ID3194.png
aihub,ID3201.png,2,C:\Users\한국전파진흥협회\Desktop\dataset\combined\images\aihub\ID3201.png
aihub,ID3207.png,2,C:\Users\한국전파진흥협회\Desktop\dataset\combined\images\aihub\ID3207.png
aihub,ID3219.png,1,C:\Users\한국전파진흥협회\Desktop\dataset\combined\images\aihub\ID3219.png
aihub,ID3221.png,2,C:\Users\한국전파진흥협회\Desktop\dataset\combined\images\aihub\ID3221.png
aihub,ID3224.png,1,C:\Users\한국전파진흥협회\Desktop\dataset\combined\images\aihub\ID3224.png
aihub,ID3225.png,1,C:\Users\한국전파진흥협회\Desktop\dataset\combined\images\aihub\ID3225.png
aihub,ID3226.png,2,C:\Users\한국전파진흥협회\Desktop\dataset\combined\images\aihub\ID3226.png
aihub,ID3228.png,2,C:\Users\한국전파진흥협회\Desktop\dataset\combined\images\aihub\ID3228.png
aihub,ID3231.png,1,C:\Users\한국전파진흥협회\Desktop\dataset\combined\images\aihub\ID3231.png
aihub,ID3233.png,1,C:\Users\한국전파진흥협회\Desktop\dataset\combined\images\aihub\ID3233.png
aihub,ID3234.png,3,C:\Users\한국전파진흥협회\Desktop\dataset\combined\images\aihub\ID3234.png
aihub,ID3236.png,2,C:\Users\한국전파진흥협회\Desktop\dataset\combined\images\aihub\ID3236.png
aihub,ID3240.png,1,C:\Users\한국전파진흥협회\Desktop\dataset\combined\images\aihub\ID3240.png
aihub,ID3246.png,1,C:\Users\한국전파진흥협회\Desktop\dataset\combined\images\aihub\ID3246.png
aihub,ID3252.png,1,C:\Users\한국전파진흥협회\Desktop\dataset\combined\images\aihub\ID3252.png
aihub,ID3254.png,1,C:\Users\한국전파진흥협회\Desktop\dataset\combined\images\aihub\ID3254.png
aihub,ID3255.png,1,C:\Users\한국전파진흥협회\Desktop\dataset\combined\images\aihub\ID3255.png
aihub,ID3257.png,4,C:\Users\한국전파진흥협회\Desktop\dataset\combined\images\aihub\ID3257.png
aihub,ID3269.png,3,C:\Users\한국전파진흥협회\Desktop\dataset\combined\images\aihub\ID3269.png
aihub,ID3270.png,3,C:\Users\한국전파진흥협회\Desktop\dataset\combined\images\aihub\ID3270.png
aihub,ID3271.png,1,C:\Users\한국전파진흥협회\Desktop\dataset\combined\images\aihub\ID3271.png
aihub,ID3274.png,1,C:\Users\한국전파진흥협회\Desktop\dataset\combined\images\aihub\ID3274.png
aihub,ID3277.png,1,C:\Users\한국전파진흥협회\Desktop\dataset\combined\images\aihub\ID3277.png
aihub,ID3280.png,3,C:\Users\한국전파진흥협회\Desktop\dataset\combined\images\aihub\ID3280.png
aihub,ID3284.png,1,C:\Users\한국전파진흥협회\Desktop\dataset\combined\images\aihub\ID3284.png
aihub,ID3288.png,1,C:\Users\한국전파진흥협회\Desktop\dataset\combined\images\aihub\ID3288.png
aihub,ID3296.png,5,C:\Users\한국전파진흥협회\Desktop\dataset\combined\images\aihub\ID3296.png
aihub,ID3298.png,1,C:\Users\한국전파진흥협회\Desktop\dataset\combined\images\aihub\ID3298.png
aihub,ID3300.png,1,C:\Users\한국전파진흥협회\Desktop\dataset\combined\images\aihub\ID3300.png
aihub,ID3309.png,1,C:\Users\한국전파진흥협회\Desktop\dataset\combined\images\aihub\ID3309.png
aihub,ID3310.png,1,C:\Users\한국전파진흥협회\Desktop\dataset\combined\images\aihub\ID3310.png
aihub,ID3313.png,3,C:\Users\한국전파진흥협회\Desktop\dataset\combined\images\aihub\ID3313.png
aihub,ID3317.png,1,C:\Users\한국전파진흥협회\Desktop\dataset\combined\images\aihub\ID3317.png
aihub,ID3323.png,3,C:\Users\한국전파진흥협회\Desktop\dataset\combined\images\aihub\ID3323.png
aihub,ID3327.png,2,C:\Users\한국전파진흥협회\Desktop\dataset\combined\images\aihub\ID3327.png
aihub,ID3328.png,1,C:\Users\한국전파진흥협회\Desktop\dataset\combined\images\aihub\ID3328.png
aihub,ID3330.png,2,C:\Users\한국전파진흥협회\Desktop\dataset\combined\images\aihub\ID3330.png
aihub,ID3331.png,1,C:\Users\한국전파진흥협회\Desktop\dataset\combined\images\aihub\ID3331.png
aihub,ID3337.png,3,C:\Users\한국전파진흥협회\Desktop\dataset\combined\images\aihub\ID3337.png
aihub,ID3339.png,2,C:\Users\한국전파진흥협회\Desktop\dataset\combined\images\aihub\ID3339.png
aihub,ID3343.png,1,C:\Users\한국전파진흥협회\Desktop\dataset\combined\images\aihub\ID3343.png
aihub,ID3346.png,2,C:\Users\한국전파진흥협회\Desktop\dataset\combined\images\aihub\ID3346.png
aihub,ID3347.png,1,C:\Users\한국전파진흥협회\Desktop\dataset\combined\images\aihub\ID3347.png
aihub,ID3354.png,2,C:\Users\한국전파진흥협회\Desktop\dataset\combined\images\aihub\ID3354.png
aihub,ID3357.png,3,C:\Users\한국전파진흥협회\Desktop\dataset\combined\images\aihub\ID3357.png
aihub,ID3364.png,2,C:\Users\한국전파진흥협회\Desktop\dataset\combined\images\aihub\ID3364.png
aihub,ID3367.png,1,C:\Users\한국전파진흥협회\Desktop\dataset\combined\images\aihub\ID3367.png
aihub,ID3368.png,1,C:\Users\한국전파진흥협회\Desktop\dataset\combined\images\aihub\ID3368.png
aihub,ID3370.png,1,C:\Users\한국전파진흥협회\Desktop\dataset\combined\images\aihub\ID3370.png
aihub,ID3372.png,2,C:\Users\한국전파진흥협회\Desktop\dataset\combined\images\aihub\ID3372.png
aihub,ID3375.png,2,C:\Users\한국전파진흥협회\Desktop\dataset\combined\images\aihub\ID3375.png
aihub,ID3384.png,2,C:\Users\한국전파진흥협회\Desktop\dataset\combined\images\aihub\ID3384.png
aihub,ID3389.png,1,C:\Users\한국전파진흥협회\Desktop\dataset\combined\images\aihub\ID3389.png
aihub,ID3391.png,3,C:\Users\한국전파진흥협회\Desktop\dataset\combined\images\aihub\ID3391.png
aihub,ID3396.png,2,C:\Users\한국전파진흥협회\Desktop\dataset\combined\images\aihub\ID3396.png
aihub,ID3400.png,1,C:\Users\한국전파진흥협회\Desktop\dataset\combined\images\aihub\ID3400.png
aihub,ID3401.png,1,C:\Users\한국전파진흥협회\Desktop\dataset\combined\images\aihub\ID3401.png
aihub,ID3402.png,1,C:\Users\한국전파진흥협회\Desktop\dataset\combined\images\aihub\ID3402.png
aihub,ID3407.png,2,C:\Users\한국전파진흥협회\Desktop\dataset\combined\images\aihub\ID3407.png
aihub,ID3408.png,1,C:\Users\한국전파진흥협회\Desktop\dataset\combined\images\aihub\ID3408.png
aihub,ID3413.png,3,C:\Users\한국전파진흥협회\Desktop\dataset\combined\images\aihub\ID3413.png
aihub,ID3424.png,3,C:\Users\한국전파진흥협회\Desktop\dataset\combined\images\aihub\ID3424.png
aihub,ID3433.png,1,C:\Users\한국전파진흥협회\Desktop\dataset\combined\images\aihub\ID3433.png
aihub,ID3434.png,2,C:\Users\한국전파진흥협회\Desktop\dataset\combined\images\aihub\ID3434.png
aihub,ID3439.png,1,C:\Users\한국전파진흥협회\Desktop\dataset\combined\images\aihub\ID3439.png
aihub,ID3440.png,1,C:\Users\한국전파진흥협회\Desktop\dataset\combined\images\aihub\ID3440.png
aihub,ID3446.png,1,C:\Users\한국전파진흥협회\Desktop\dataset\combined\images\aihub\ID3446.png
aihub,ID3452.png,1,C:\Users\한국전파진흥협회\Desktop\dataset\combined\images\aihub\ID3452.png
aihub,ID3453.png,1,C:\Users\한국전파진흥협회\Desktop\dataset\combined\images\aihub\ID3453.png
aihub,ID3456.png,1,C:\Users\한국전파진흥협회\Desktop\dataset\combined\images\aihub\ID3456.png
aihub,ID3462.png,2,C:\Users\한국전파진흥협회\Desktop\dataset\combined\images\aihub\ID3462.png
aihub,ID3463.png,1,C:\Users\한국전파진흥협회\Desktop\dataset\combined\images\aihub\ID3463.png
aihub,ID3465.png,1,C:\Users\한국전파진흥협회\Desktop\dataset\combined\images\aihub\ID3465.png
aihub,ID3467.png,1,C:\Users\한국전파진흥협회\Desktop\dataset\combined\images\aihub\ID3467.png
aihub,ID3470.png,2,C:\Users\한국전파진흥협회\Desktop\dataset\combined\images\aihub\ID3470.png
aihub,ID3482.png,1,C:\Users\한국전파진흥협회\Desktop\dataset\combined\images\aihub\ID3482.png
aihub,ID3485.png,1,C:\Users\한국전파진흥협회\Desktop\dataset\combined\images\aihub\ID3485.png
aihub,ID3490.png,2,C:\Users\한국전파진흥협회\Desktop\dataset\combined\images\aihub\ID3490.png
aihub,ID3492.png,2,C:\Users\한국전파진흥협회\Desktop\dataset\combined\images\aihub\ID3492.png
aihub,ID3493.png,1,C:\Users\한국전파진흥협회\Desktop\dataset\combined\images\aihub\ID3493.png
aihub,ID3500.png,2,C:\Users\한국전파진흥협회\Desktop\dataset\combined\images\aihub\ID3500.png
aihub,ID3501.png,1,C:\Users\한국전파진흥협회\Desktop\dataset\combined\images\aihub\ID3501.png
aihub,ID3508.png,1,C:\Users\한국전파진흥협회\Desktop\dataset\combined\images\aihub\ID3508.png
aihub,ID3510.png,1,C:\Users\한국전파진흥협회\Desktop\dataset\combined\images\aihub\ID3510.png
aihub,ID3512.png,4,C:\Users\한국전파진흥협회\Desktop\dataset\combined\images\aihub\ID3512.png
aihub,ID3521.png,2,C:\Users\한국전파진흥협회\Desktop\dataset\combined\images\aihub\ID3521.png
aihub,ID3522.png,1,C:\Users\한국전파진흥협회\Desktop\dataset\combined\images\aihub\ID3522.png
aihub,ID3525.png,1,C:\Users\한국전파진흥협회\Desktop\dataset\combined\images\aihub\ID3525.png
aihub,ID3526.png,1,C:\Users\한국전파진흥협회\Desktop\dataset\combined\images\aihub\ID3526.png
aihub,ID3530.png,1,C:\Users\한국전파진흥협회\Desktop\dataset\combined\images\aihub\ID3530.png
aihub,ID3533.png,2,C:\Users\한국전파진흥협회\Desktop\dataset\combined\images\aihub\ID3533.png
aihub,ID3534.png,2,C:\Users\한국전파진흥협회\Desktop\dataset\combined\images\aihub\ID3534.png
aihub,ID3535.png,1,C:\Users\한국전파진흥협회\Desktop\dataset\combined\images\aihub\ID3535.png
aihub,ID3539.png,2,C:\Users\한국전파진흥협회\Desktop\dataset\combined\images\aihub\ID3539.png
aihub,ID3541.png,1,C:\Users\한국전파진흥협회\Desktop\dataset\combined\images\aihub\ID3541.png
aihub,ID3552.png,1,C:\Users\한국전파진흥협회\Desktop\dataset\combined\images\aihub\ID3552.png
aihub,ID3553.png,2,C:\Users\한국전파진흥협회\Desktop\dataset\combined\images\aihub\ID3553.png
aihub,ID3555.png,2,C:\Users\한국전파진흥협회\Desktop\dataset\combined\images\aihub\ID3555.png
aihub,ID3556.png,2,C:\Users\한국전파진흥협회\Desktop\dataset\combined\images\aihub\ID3556.png
aihub,ID3557.png,1,C:\Users\한국전파진흥협회\Desktop\dataset\combined\images\aihub\ID3557.png
aihub,ID3558.png,2,C:\Users\한국전파진흥협회\Desktop\dataset\combined\images\aihub\ID3558.png
aihub,ID3559.png,2,C:\Users\한국전파진흥협회\Desktop\dataset\combined\images\aihub\ID3559.png
aihub,ID3560.png,1,C:\Users\한국전파진흥협회\Desktop\dataset\combined\images\aihub\ID3560.png
aihub,ID3561.png,1,C:\Users\한국전파진흥협회\Desktop\dataset\combined\images\aihub\ID3561.png
aihub,ID3562.png,2,C:\Users\한국전파진흥협회\Desktop\dataset\combined\images\aihub\ID3562.png
aihub,ID3566.png,1,C:\Users\한국전파진흥협회\Desktop\dataset\combined\images\aihub\ID3566.png
aihub,ID3568.png,1,C:\Users\한국전파진흥협회\Desktop\dataset\combined\images\aihub\ID3568.png
aihub,ID3570.png,1,C:\Users\한국전파진흥협회\Desktop\dataset\combined\images\aihub\ID3570.png
aihub,ID3576.png,1,C:\Users\한국전파진흥협회\Desktop\dataset\combined\images\aihub\ID3576.png
aihub,ID3578.png,1,C:\Users\한국전파진흥협회\Desktop\dataset\combined\images\aihub\ID3578.png
aihub,ID3579.png,1,C:\Users\한국전파진흥협회\Desktop\dataset\combined\images\aihub\ID3579.png
aihub,ID3580.png,1,C:\Users\한국전파진흥협회\Desktop\dataset\combined\images\aihub\ID3580.png
aihub,ID3582.png,2,C:\Users\한국전파진흥협회\Desktop\dataset\combined\images\aihub\ID3582.png
aihub,ID3586.png,2,C:\Users\한국전파진흥협회\Desktop\dataset\combined\images\aihub\ID3586.png
aihub,ID3591.png,1,C:\Users\한국전파진흥협회\Desktop\dataset\combined\images\aihub\ID3591.png
aihub,ID3594.png,1,C:\Users\한국전파진흥협회\Desktop\dataset\combined\images\aihub\ID3594.png
aihub,ID3595.png,2,C:\Users\한국전파진흥협회\Desktop\dataset\combined\images\aihub\ID3595.png
aihub,ID3598.png,2,C:\Users\한국전파진흥협회\Desktop\dataset\combined\images\aihub\ID3598.png
aihub,ID3601.png,1,C:\Users\한국전파진흥협회\Desktop\dataset\combined\images\aihub\ID3601.png
aihub,ID3604.png,2,C:\Users\한국전파진흥협회\Desktop\dataset\combined\images\aihub\ID3604.png
aihub,ID3609.png,2,C:\Users\한국전파진흥협회\Desktop\dataset\combined\images\aihub\ID3609.png
aihub,ID3613.png,2,C:\Users\한국전파진흥협회\Desktop\dataset\combined\images\aihub\ID3613.png
aihub,ID3616.png,2,C:\Users\한국전파진흥협회\Desktop\dataset\combined\images\aihub\ID3616.png
aihub,ID3618.png,1,C:\Users\한국전파진흥협회\Desktop\dataset\combined\images\aihub\ID3618.png
aihub,ID3619.png,1,C:\Users\한국전파진흥협회\Desktop\dataset\combined\images\aihub\ID3619.png
aihub,ID3621.png,2,C:\Users\한국전파진흥협회\Desktop\dataset\combined\images\aihub\ID3621.png
aihub,ID3626.png,2,C:\Users\한국전파진흥협회\Desktop\dataset\combined\images\aihub\ID3626.png
aihub,ID3629.png,3,C:\Users\한국전파진흥협회\Desktop\dataset\combined\images\aihub\ID3629.png
aihub,ID3636.png,2,C:\Users\한국전파진흥협회\Desktop\dataset\combined\images\aihub\ID3636.png
aihub,ID3640.png,1,C:\Users\한국전파진흥협회\Desktop\dataset\combined\images\aihub\ID3640.png
aihub,ID3645.png,1,C:\Users\한국전파진흥협회\Desktop\dataset\combined\images\aihub\ID3645.png
aihub,ID3646.png,2,C:\Users\한국전파진흥협회\Desktop\dataset\combined\images\aihub\ID3646.png
aihub,ID3648.png,2,C:\Users\한국전파진흥협회\Desktop\dataset\combined\images\aihub\ID3648.png
aihub,ID3651.png,1,C:\Users\한국전파진흥협회\Desktop\dataset\combined\images\aihub\ID3651.png
aihub,ID3653.png,1,C:\Users\한국전파진흥협회\Desktop\dataset\combined\images\aihub\ID3653.png
aihub,ID3654.png,1,C:\Users\한국전파진흥협회\Desktop\dataset\combined\images\aihub\ID3654.png
aihub,ID3659.png,1,C:\Users\한국전파진흥협회\Desktop\dataset\combined\images\aihub\ID3659.png
aihub,ID3667.png,1,C:\Users\한국전파진흥협회\Desktop\dataset\combined\images\aihub\ID3667.png
aihub,ID3670.png,3,C:\Users\한국전파진흥협회\Desktop\dataset\combined\images\aihub\ID3670.png
aihub,ID3671.png,2,C:\Users\한국전파진흥협회\Desktop\dataset\combined\images\aihub\ID3671.png
aihub,ID3673.png,2,C:\Users\한국전파진흥협회\Desktop\dataset\combined\images\aihub\ID3673.png
aihub,ID3675.png,1,C:\Users\한국전파진흥협회\Desktop\dataset\combined\images\aihub\ID3675.png
aihub,ID3683.png,1,C:\Users\한국전파진흥협회\Desktop\dataset\combined\images\aihub\ID3683.png
aihub,ID3684.png,3,C:\Users\한국전파진흥협회\Desktop\dataset\combined\images\aihub\ID3684.png
aihub,ID3694.png,2,C:\Users\한국전파진흥협회\Desktop\dataset\combined\images\aihub\ID3694.png
aihub,ID3698.png,2,C:\Users\한국전파진흥협회\Desktop\dataset\combined\images\aihub\ID3698.png
aihub,ID3700.png,1,C:\Users\한국전파진흥협회\Desktop\dataset\combined\images\aihub\ID3700.png
aihub,ID3703.png,1,C:\Users\한국전파진흥협회\Desktop\dataset\combined\images\aihub\ID3703.png
aihub,ID3707.png,1,C:\Users\한국전파진흥협회\Desktop\dataset\combined\images\aihub\ID3707.png
aihub,ID3708.png,2,C:\Users\한국전파진흥협회\Desktop\dataset\combined\images\aihub\ID3708.png
aihub,ID3715.png,2,C:\Users\한국전파진흥협회\Desktop\dataset\combined\images\aihub\ID3715.png
aihub,ID3721.png,1,C:\Users\한국전파진흥협회\Desktop\dataset\combined\images\aihub\ID3721.png
aihub,ID3724.png,2,C:\Users\한국전파진흥협회\Desktop\dataset\combined\images\aihub\ID3724.png
aihub,ID3729.png,2,C:\Users\한국전파진흥협회\Desktop\dataset\combined\images\aihub\ID3729.png
aihub,ID3730.png,1,C:\Users\한국전파진흥협회\Desktop\dataset\combined\images\aihub\ID3730.png
aihub,ID3733.png,3,C:\Users\한국전파진흥협회\Desktop\dataset\combined\images\aihub\ID3733.png
aihub,ID3736.png,1,C:\Users\한국전파진흥협회\Desktop\dataset\combined\images\aihub\ID3736.png
aihub,ID3737.png,1,C:\Users\한국전파진흥협회\Desktop\dataset\combined\images\aihub\ID3737.png
aihub,ID3738.png,2,C:\Users\한국전파진흥협회\Desktop\dataset\combined\images\aihub\ID3738.png
aihub,ID3742.png,1,C:\Users\한국전파진흥협회\Desktop\dataset\combined\images\aihub\ID3742.png
aihub,ID3743.png,1,C:\Users\한국전파진흥협회\Desktop\dataset\combined\images\aihub\ID3743.png
aihub,ID3748.png,3,C:\Users\한국전파진흥협회\Desktop\dataset\combined\images\aihub\ID3748.png
aihub,ID3750.png,1,C:\Users\한국전파진흥협회\Desktop\dataset\combined\images\aihub\ID3750.png
aihub,ID3753.png,2,C:\Users\한국전파진흥협회\Desktop\dataset\combined\images\aihub\ID3753.png
aihub,ID3754.png,2,C:\Users\한국전파진흥협회\Desktop\dataset\combined\images\aihub\ID3754.png
aihub,ID3755.png,1,C:\Users\한국전파진흥협회\Desktop\dataset\combined\images\aihub\ID3755.png
aihub,ID3756.png,1,C:\Users\한국전파진흥협회\Desktop\dataset\combined\images\aihub\ID3756.png
aihub,ID3758.png,1,C:\Users\한국전파진흥협회\Desktop\dataset\combined\images\aihub\ID3758.png
aihub,ID3759.png,1,C:\Users\한국전파진흥협회\Desktop\dataset\combined\images\aihub\ID3759.png
aihub,ID3761.png,1,C:\Users\한국전파진흥협회\Desktop\dataset\combined\images\aihub\ID3761.png
aihub,ID3762.png,1,C:\Users\한국전파진흥협회\Desktop\dataset\combined\images\aihub\ID3762.png
aihub,ID3763.png,3,C:\Users\한국전파진흥협회\Desktop\dataset\combined\images\aihub\ID3763.png
aihub,ID3764.png,2,C:\Users\한국전파진흥협회\Desktop\dataset\combined\images\aihub\ID3764.png
aihub,ID3765.png,3,C:\Users\한국전파진흥협회\Desktop\dataset\combined\images\aihub\ID3765.png
aihub,ID3766.png,1,C:\Users\한국전파진흥협회\Desktop\dataset\combined\images\aihub\ID3766.png
aihub,ID3767.png,1,C:\Users\한국전파진흥협회\Desktop\dataset\combined\images\aihub\ID3767.png
aihub,ID3769.png,2,C:\Users\한국전파진흥협회\Desktop\dataset\combined\images\aihub\ID3769.png
aihub,ID3777.png,2,C:\Users\한국전파진흥협회\Desktop\dataset\combined\images\aihub\ID3777.png
aihub,ID3778.png,4,C:\Users\한국전파진흥협회\Desktop\dataset\combined\images\aihub\ID3778.png
aihub,ID3779.png,4,C:\Users\한국전파진흥협회\Desktop\dataset\combined\images\aihub\ID3779.png
aihub,ID3780.png,2,C:\Users\한국전파진흥협회\Desktop\dataset\combined\images\aihub\ID3780.png
aihub,ID3781.png,2,C:\Users\한국전파진흥협회\Desktop\dataset\combined\images\aihub\ID3781.png
aihub,ID3782.png,2,C:\Users\한국전파진흥협회\Desktop\dataset\combined\images\aihub\ID3782.png
aihub,ID3783.png,1,C:\Users\한국전파진흥협회\Desktop\dataset\combined\images\aihub\ID3783.png
aihub,ID3784.png,1,C:\Users\한국전파진흥협회\Desktop\dataset\combined\images\aihub\ID3784.png
aihub,ID3788.png,4,C:\Users\한국전파진흥협회\Desktop\dataset\combined\images\aihub\ID3788.png
aihub,ID3789.png,1,C:\Users\한국전파진흥협회\Desktop\dataset\combined\images\aihub\ID3789.png
aihub,ID3790.png,1,C:\Users\한국전파진흥협회\Desktop\dataset\combined\images\aihub\ID3790.png
aihub,ID3791.png,2,C:\Users\한국전파진흥협회\Desktop\dataset\combined\images\aihub\ID3791.png
aihub,ID3793.png,5,C:\Users\한국전파진흥협회\Desktop\dataset\combined\images\aihub\ID3793.png
aihub,ID3795.png,1,C:\Users\한국전파진흥협회\Desktop\dataset\combined\images\aihub\ID3795.png
aihub,ID3797.png,1,C:\Users\한국전파진흥협회\Desktop\dataset\combined\images\aihub\ID3797.png
aihub,ID3798.png,1,C:\Users\한국전파진흥협회\Desktop\dataset\combined\images\aihub\ID3798.png
aihub,ID3799.png,1,C:\Users\한국전파진흥협회\Desktop\dataset\combined\images\aihub\ID3799.png
aihub,ID3801.png,1,C:\Users\한국전파진흥협회\Desktop\dataset\combined\images\aihub\ID3801.png
aihub,ID3803.png,3,C:\Users\한국전파진흥협회\Desktop\dataset\combined\images\aihub\ID3803.png
aihub,ID3808.png,3,C:\Users\한국전파진흥협회\Desktop\dataset\combined\images\aihub\ID3808.png
aihub,ID3810.png,2,C:\Users\한국전파진흥협회\Desktop\dataset\combined\images\aihub\ID3810.png
aihub,ID3812.png,2,C:\Users\한국전파진흥협회\Desktop\dataset\combined\images\aihub\ID3812.png
aihub,ID3814.png,3,C:\Users\한국전파진흥협회\Desktop\dataset\combined\images\aihub\ID3814.png
aihub,ID3815.png,2,C:\Users\한국전파진흥협회\Desktop\dataset\combined\images\aihub\ID3815.png
aihub,ID3816.png,1,C:\Users\한국전파진흥협회\Desktop\dataset\combined\images\aihub\ID3816.png
aihub,ID3817.png,2,C:\Users\한국전파진흥협회\Desktop\dataset\combined\images\aihub\ID3817.png
aihub,ID3820.png,2,C:\Users\한국전파진흥협회\Desktop\dataset\combined\images\aihub\ID3820.png
aihub,ID3821.png,3,C:\Users\한국전파진흥협회\Desktop\dataset\combined\images\aihub\ID3821.png
aihub,ID3829.png,1,C:\Users\한국전파진흥협회\Desktop\dataset\combined\images\aihub\ID3829.png
aihub,ID3831.png,2,C:\Users\한국전파진흥협회\Desktop\dataset\combined\images\aihub\ID3831.png
aihub,ID3833.png,2,C:\Users\한국전파진흥협회\Desktop\dataset\combined\images\aihub\ID3833.png
aihub,ID3836.png,2,C:\Users\한국전파진흥협회\Desktop\dataset\combined\images\aihub\ID3836.png
aihub,ID3838.png,2,C:\Users\한국전파진흥협회\Desktop\dataset\combined\images\aihub\ID3838.png
aihub,ID3843.png,2,C:\Users\한국전파진흥협회\Desktop\dataset\combined\images\aihub\ID3843.png
aihub,ID3850.png,1,C:\Users\한국전파진흥협회\Desktop\dataset\combined\images\aihub\ID3850.png
aihub,ID3853.png,1,C:\Users\한국전파진흥협회\Desktop\dataset\combined\images\aihub\ID3853.png
aihub,ID3855.png,1,C:\Users\한국전파진흥협회\Desktop\dataset\combined\images\aihub\ID3855.png
aihub,ID3857.png,2,C:\Users\한국전파진흥협회\Desktop\dataset\combined\images\aihub\ID3857.png
aihub,ID3858.png,1,C:\Users\한국전파진흥협회\Desktop\dataset\combined\images\aihub\ID3858.png
aihub,ID3861.png,1,C:\Users\한국전파진흥협회\Desktop\dataset\combined\images\aihub\ID3861.png
aihub,ID3863.png,2,C:\Users\한국전파진흥협회\Desktop\dataset\combined\images\aihub\ID3863.png
aihub,ID3865.png,3,C:\Users\한국전파진흥협회\Desktop\dataset\combined\images\aihub\ID3865.png
aihub,ID3866.png,1,C:\Users\한국전파진흥협회\Desktop\dataset\combined\images\aihub\ID3866.png
aihub,ID3872.png,2,C:\Users\한국전파진흥협회\Desktop\dataset\combined\images\aihub\ID3872.png
aihub,ID3874.png,5,C:\Users\한국전파진흥협회\Desktop\dataset\combined\images\aihub\ID3874.png
aihub,ID3878.png,2,C:\Users\한국전파진흥협회\Desktop\dataset\combined\images\aihub\ID3878.png
aihub,ID3879.png,2,C:\Users\한국전파진흥협회\Desktop\dataset\combined\images\aihub\ID3879.png
aihub,ID3880.png,1,C:\Users\한국전파진흥협회\Desktop\dataset\combined\images\aihub\ID3880.png
aihub,ID3881.png,3,C:\Users\한국전파진흥협회\Desktop\dataset\combined\images\aihub\ID3881.png
aihub,ID3882.png,2,C:\Users\한국전파진흥협회\Desktop\dataset\combined\images\aihub\ID3882.png
aihub,ID3885.png,1,C:\Users\한국전파진흥협회\Desktop\dataset\combined\images\aihub\ID3885.png
aihub,ID3887.png,2,C:\Users\한국전파진흥협회\Desktop\dataset\combined\images\aihub\ID3887.png
aihub,ID3888.png,2,C:\Users\한국전파진흥협회\Desktop\dataset\combined\images\aihub\ID3888.png
aihub,ID3889.png,2,C:\Users\한국전파진흥협회\Desktop\dataset\combined\images\aihub\ID3889.png
aihub,ID3891.png,1,C:\Users\한국전파진흥협회\Desktop\dataset\combined\images\aihub\ID3891.png
aihub,ID3893.png,1,C:\Users\한국전파진흥협회\Desktop\dataset\combined\images\aihub\ID3893.png
aihub,ID3895.png,2,C:\Users\한국전파진흥협회\Desktop\dataset\combined\images\aihub\ID3895.png
aihub,ID3900.png,2,C:\Users\한국전파진흥협회\Desktop\dataset\combined\images\aihub\ID3900.png
aihub,ID3902.png,2,C:\Users\한국전파진흥협회\Desktop\dataset\combined\images\aihub\ID3902.png
aihub,ID3904.png,1,C:\Users\한국전파진흥협회\Desktop\dataset\combined\images\aihub\ID3904.png
aihub,ID3906.png,2,C:\Users\한국전파진흥협회\Desktop\dataset\combined\images\aihub\ID3906.png
aihub,ID3907.png,1,C:\Users\한국전파진흥협회\Desktop\dataset\combined\images\aihub\ID3907.png
aihub,ID3908.png,2,C:\Users\한국전파진흥협회\Desktop\dataset\combined\images\aihub\ID3908.png
aihub,ID3909.png,1,C:\Users\한국전파진흥협회\Desktop\dataset\combined\images\aihub\ID3909.png
aihub,ID3911.png,1,C:\Users\한국전파진흥협회\Desktop\dataset\combined\images\aihub\ID3911.png
aihub,ID3914.png,2,C:\Users\한국전파진흥협회\Desktop\dataset\combined\images\aihub\ID3914.png
aihub,ID3915.png,3,C:\Users\한국전파진흥협회\Desktop\dataset\combined\images\aihub\ID3915.png
aihub,ID3916.png,1,C:\Users\한국전파진흥협회\Desktop\dataset\combined\images\aihub\ID3916.png
aihub,ID3917.png,2,C:\Users\한국전파진흥협회\Desktop\dataset\combined\images\aihub\ID3917.png
aihub,ID3918.png,2,C:\Users\한국전파진흥협회\Desktop\dataset\combined\images\aihub\ID3918.png
aihub,ID3920.png,2,C:\Users\한국전파진흥협회\Desktop\dataset\combined\images\aihub\ID3920.png
aihub,ID3923.png,1,C:\Users\한국전파진흥협회\Desktop\dataset\combined\images\aihub\ID3923.png
aihub,ID3924.png,1,C:\Users\한국전파진흥협회\Desktop\dataset\combined\images\aihub\ID3924.png
aihub,ID3925.png,3,C:\Users\한국전파진흥협회\Desktop\dataset\combined\images\aihub\ID3925.png
aihub,ID3931.png,1,C:\Users\한국전파진흥협회\Desktop\dataset\combined\images\aihub\ID3931.png
aihub,ID3934.png,2,C:\Users\한국전파진흥협회\Desktop\dataset\combined\images\aihub\ID3934.png
aihub,ID3935.png,2,C:\Users\한국전파진흥협회\Desktop\dataset\combined\images\aihub\ID3935.png
aihub,ID3936.png,3,C:\Users\한국전파진흥협회\Desktop\dataset\combined\images\aihub\ID3936.png
aihub,ID3944.png,1,C:\Users\한국전파진흥협회\Desktop\dataset\combined\images\aihub\ID3944.png
aihub,ID3947.png,2,C:\Users\한국전파진흥협회\Desktop\dataset\combined\images\aihub\ID3947.png
aihub,ID3948.png,2,C:\Users\한국전파진흥협회\Desktop\dataset\combined\images\aihub\ID3948.png
aihub,ID3953.png,3,C:\Users\한국전파진흥협회\Desktop\dataset\combined\images\aihub\ID3953.png
aihub,ID3969.png,2,C:\Users\한국전파진흥협회\Desktop\dataset\combined\images\aihub\ID3969.png
aihub,ID3970.png,1,C:\Users\한국전파진흥협회\Desktop\dataset\combined\images\aihub\ID3970.png
aihub,ID3972.png,1,C:\Users\한국전파진흥협회\Desktop\dataset\combined\images\aihub\ID3972.png
aihub,ID3973.png,2,C:\Users\한국전파진흥협회\Desktop\dataset\combined\images\aihub\ID3973.png
aihub,ID3974.png,1,C:\Users\한국전파진흥협회\Desktop\dataset\combined\images\aihub\ID3974.png
aihub,ID3976.png,3,C:\Users\한국전파진흥협회\Desktop\dataset\combined\images\aihub\ID3976.png
aihub,ID3978.png,3,C:\Users\한국전파진흥협회\Desktop\dataset\combined\images\aihub\ID3978.png
aihub,ID3979.png,2,C:\Users\한국전파진흥협회\Desktop\dataset\combined\images\aihub\ID3979.png
aihub,ID3980.png,1,C:\Users\한국전파진흥협회\Desktop\dataset\combined\images\aihub\ID3980.png
aihub,ID3981.png,1,C:\Users\한국전파진흥협회\Desktop\dataset\combined\images\aihub\ID3981.png
aihub,ID3985.png,2,C:\Users\한국전파진흥협회\Desktop\dataset\combined\images\aihub\ID3985.png
aihub,ID3986.png,2,C:\Users\한국전파진흥협회\Desktop\dataset\combined\images\aihub\ID3986.png
aihub,ID3987.png,1,C:\Users\한국전파진흥협회\Desktop\dataset\combined\images\aihub\ID3987.png
aihub,ID3988.png,4,C:\Users\한국전파진흥협회\Desktop\dataset\combined\images\aihub\ID3988.png
aihub,ID3989.png,3,C:\Users\한국전파진흥협회\Desktop\dataset\combined\images\aihub\ID3989.png
aihub,ID3990.png,2,C:\Users\한국전파진흥협회\Desktop\dataset\combined\images\aihub\ID3990.png
aihub,ID3991.png,2,C:\Users\한국전파진흥협회\Desktop\dataset\combined\images\aihub\ID3991.png
aihub,ID3992.png,4,C:\Users\한국전파진흥협회\Desktop\dataset\combined\images\aihub\ID3992.png
aihub,ID3993.png,3,C:\Users\한국전파진흥협회\Desktop\dataset\combined\images\aihub\ID3993.png
aihub,ID3997.png,4,C:\Users\한국전파진흥협회\Desktop\dataset\combined\images\aihub\ID3997.png
aihub,ID3998.png,2,C:\Users\한국전파진흥협회\Desktop\dataset\combined\images\aihub\ID3998.png
aihub,ID3999.png,2,C:\Users\한국전파진흥협회\Desktop\dataset\combined\images\aihub\ID3999.png
aihub,ID4001.png,1,C:\Users\한국전파진흥협회\Desktop\dataset\combined\images\aihub\ID4001.png
aihub,ID4003.png,2,C:\Users\한국전파진흥협회\Desktop\dataset\combined\images\aihub\ID4003.png
scut_fbp5500,AF1.jpg,2,C:\Users\한국전파진흥협회\Desktop\dataset\combined\images\scut_fbp5500\AF1.jpg
scut_fbp5500,AF2.jpg,4,C:\Users\한국전파진흥협회\Desktop\dataset\combined\images\scut_fbp5500\AF2.jpg
scut_fbp5500,AF3.jpg,3,C:\Users\한국전파진흥협회\Desktop\dataset\combined\images\scut_fbp5500\AF3.jpg
scut_fbp5500,AF4.jpg,3,C:\Users\한국전파진흥협회\Desktop\dataset\combined\images\scut_fbp5500\AF4.jpg
scut_fbp5500,AF5.jpg,2,C:\Users\한국전파진흥협회\Desktop\dataset\combined\images\scut_fbp5500\AF5.jpg
scut_fbp5500,AF6.jpg,2,C:\Users\한국전파진흥협회\Desktop\dataset\combined\images\scut_fbp5500\AF6.jpg
scut_fbp5500,AF7.jpg,3,C:\Users\한국전파진흥협회\Desktop\dataset\combined\images\scut_fbp5500\AF7.jpg
scut_fbp5500,AF8.jpg,3,C:\Users\한국전파진흥협회\Desktop\dataset\combined\images\scut_fbp5500\AF8.jpg
scut_fbp5500,AF9.jpg,2,C:\Users\한국전파진흥협회\Desktop\dataset\combined\images\scut_fbp5500\AF9.jpg
scut_fbp5500,AF10.jpg,3,C:\Users\한국전파진흥협회\Desktop\dataset\combined\images\scut_fbp5500\AF10.jpg
scut_fbp5500,AF11.jpg,2,C:\Users\한국전파진흥협회\Desktop\dataset\combined\images\scut_fbp5500\AF11.jpg
scut_fbp5500,AF12.jpg,2,C:\Users\한국전파진흥협회\Desktop\dataset\combined\images\scut_fbp5500\AF12.jpg
scut_fbp5500,AF13.jpg,3,C:\Users\한국전파진흥협회\Desktop\dataset\combined\images\scut_fbp5500\AF13.jpg
scut_fbp5500,AF14.jpg,2,C:\Users\한국전파진흥협회\Desktop\dataset\combined\images\scut_fbp5500\AF14.jpg
scut_fbp5500,AF15.jpg,3,C:\Users\한국전파진흥협회\Desktop\dataset\combined\images\scut_fbp5500\AF15.jpg
scut_fbp5500,AF16.jpg,2,C:\Users\한국전파진흥협회\Desktop\dataset\combined\images\scut_fbp5500\AF16.jpg
scut_fbp5500,AF17.jpg,3,C:\Users\한국전파진흥협회\Desktop\dataset\combined\images\scut_fbp5500\AF17.jpg
scut_fbp5500,AF18.jpg,3,C:\Users\한국전파진흥협회\Desktop\dataset\combined\images\scut_fbp5500\AF18.jpg
scut_fbp5500,AF19.jpg,3,C:\Users\한국전파진흥협회\Desktop\dataset\combined\images\scut_fbp5500\AF19.jpg
scut_fbp5500,AF20.jpg,3,C:\Users\한국전파진흥협회\Desktop\dataset\combined\images\scut_fbp5500\AF20.jpg
scut_fbp5500,AF21.jpg,3,C:\Users\한국전파진흥협회\Desktop\dataset\combined\images\scut_fbp5500\AF21.jpg
scut_fbp5500,AF22.jpg,2,C:\Users\한국전파진흥협회\Desktop\dataset\combined\images\scut_fbp5500\AF22.jpg
scut_fbp5500,AF23.jpg,3,C:\Users\한국전파진흥협회\Desktop\dataset\combined\images\scut_fbp5500\AF23.jpg
scut_fbp5500,AF24.jpg,2,C:\Users\한국전파진흥협회\Desktop\dataset\combined\images\scut_fbp5500\AF24.jpg
scut_fbp5500,AF25.jpg,2,C:\Users\한국전파진흥협회\Desktop\dataset\combined\images\scut_fbp5500\AF25.jpg
scut_fbp5500,AF26.jpg,2,C:\Users\한국전파진흥협회\Desktop\dataset\combined\images\scut_fbp5500\AF26.jpg
scut_fbp5500,AF27.jpg,3,C:\Users\한국전파진흥협회\Desktop\dataset\combined\images\scut_fbp5500\AF27.jpg
scut_fbp5500,AF28.jpg,2,C:\Users\한국전파진흥협회\Desktop\dataset\combined\images\scut_fbp5500\AF28.jpg
scut_fbp5500,AF29.jpg,3,C:\Users\한국전파진흥협회\Desktop\dataset\combined\images\scut_fbp5500\AF29.jpg
scut_fbp5500,AF30.jpg,3,C:\Users\한국전파진흥협회\Desktop\dataset\combined\images\scut_fbp5500\AF30.jpg
scut_fbp5500,AF31.jpg,3,C:\Users\한국전파진흥협회\Desktop\dataset\combined\images\scut_fbp5500\AF31.jpg
scut_fbp5500,AF32.jpg,3,C:\Users\한국전파진흥협회\Desktop\dataset\combined\images\scut_fbp5500\AF32.jpg
scut_fbp5500,AF33.jpg,3,C:\Users\한국전파진흥협회\Desktop\dataset\combined\images\scut_fbp5500\AF33.jpg
scut_fbp5500,AF34.jpg,2,C:\Users\한국전파진흥협회\Desktop\dataset\combined\images\scut_fbp5500\AF34.jpg
scut_fbp5500,AF35.jpg,3,C:\Users\한국전파진흥협회\Desktop\dataset\combined\images\scut_fbp5500\AF35.jpg
scut_fbp5500,AF36.jpg,2,C:\Users\한국전파진흥협회\Desktop\dataset\combined\images\scut_fbp5500\AF36.jpg
scut_fbp5500,AF37.jpg,2,C:\Users\한국전파진흥협회\Desktop\dataset\combined\images\scut_fbp5500\AF37.jpg
scut_fbp5500,AF38.jpg,2,C:\Users\한국전파진흥협회\Desktop\dataset\combined\images\scut_fbp5500\AF38.jpg
scut_fbp5500,AF39.jpg,2,C:\Users\한국전파진흥협회\Desktop\dataset\combined\images\scut_fbp5500\AF39.jpg
scut_fbp5500,AF40.jpg,3,C:\Users\한국전파진흥협회\Desktop\dataset\combined\images\scut_fbp5500\AF40.jpg
scut_fbp5500,AF41.jpg,4,C:\Users\한국전파진흥협회\Desktop\dataset\combined\images\scut_fbp5500\AF41.jpg
scut_fbp5500,AF42.jpg,2,C:\Users\한국전파진흥협회\Desktop\dataset\combined\images\scut_fbp5500\AF42.jpg
scut_fbp5500,AF43.jpg,2,C:\Users\한국전파진흥협회\Desktop\dataset\combined\images\scut_fbp5500\AF43.jpg
scut_fbp5500,AF44.jpg,3,C:\Users\한국전파진흥협회\Desktop\dataset\combined\images\scut_fbp5500\AF44.jpg
scut_fbp5500,AF45.jpg,3,C:\Users\한국전파진흥협회\Desktop\dataset\combined\images\scut_fbp5500\AF45.jpg
scut_fbp5500,AF46.jpg,2,C:\Users\한국전파진흥협회\Desktop\dataset\combined\images\scut_fbp5500\AF46.jpg
scut_fbp5500,AF47.jpg,3,C:\Users\한국전파진흥협회\Desktop\dataset\combined\images\scut_fbp5500\AF47.jpg
scut_fbp5500,AF48.jpg,2,C:\Users\한국전파진흥협회\Desktop\dataset\combined\images\scut_fbp5500\AF48.jpg
scut_fbp5500,AF49.jpg,2,C:\Users\한국전파진흥협회\Desktop\dataset\combined\images\scut_fbp5500\AF49.jpg
scut_fbp5500,AF50.jpg,3,C:\Users\한국전파진흥협회\Desktop\dataset\combined\images\scut_fbp5500\AF50.jpg
scut_fbp5500,AF51.jpg,2,C:\Users\한국전파진흥협회\Desktop\dataset\combined\images\scut_fbp5500\AF51.jpg
scut_fbp5500,AF52.jpg,2,C:\Users\한국전파진흥협회\Desktop\dataset\combined\images\scut_fbp5500\AF52.jpg
scut_fbp5500,AF53.jpg,2,C:\Users\한국전파진흥협회\Desktop\dataset\combined\images\scut_fbp5500\AF53.jpg
scut_fbp5500,AF54.jpg,2,C:\Users\한국전파진흥협회\Desktop\dataset\combined\images\scut_fbp5500\AF54.jpg
scut_fbp5500,AF55.jpg,2,C:\Users\한국전파진흥협회\Desktop\dataset\combined\images\scut_fbp5500\AF55.jpg
scut_fbp5500,AF56.jpg,3,C:\Users\한국전파진흥협회\Desktop\dataset\combined\images\scut_fbp5500\AF56.jpg
scut_fbp5500,AF57.jpg,2,C:\Users\한국전파진흥협회\Desktop\dataset\combined\images\scut_fbp5500\AF57.jpg
scut_fbp5500,AF58.jpg,3,C:\Users\한국전파진흥협회\Desktop\dataset\combined\images\scut_fbp5500\AF58.jpg
scut_fbp5500,AF59.jpg,2,C:\Users\한국전파진흥협회\Desktop\dataset\combined\images\scut_fbp5500\AF59.jpg
scut_fbp5500,AF60.jpg,3,C:\Users\한국전파진흥협회\Desktop\dataset\combined\images\scut_fbp5500\AF60.jpg
scut_fbp5500,AF61.jpg,2,C:\Users\한국전파진흥협회\Desktop\dataset\combined\images\scut_fbp5500\AF61.jpg
scut_fbp5500,AF62.jpg,3,C:\Users\한국전파진흥협회\Desktop\dataset\combined\images\scut_fbp5500\AF62.jpg
scut_fbp5500,AF63.jpg,2,C:\Users\한국전파진흥협회\Desktop\dataset\combined\images\scut_fbp5500\AF63.jpg
scut_fbp5500,AF64.jpg,2,C:\Users\한국전파진흥협회\Desktop\dataset\combined\images\scut_fbp5500\AF64.jpg
scut_fbp5500,AF65.jpg,3,C:\Users\한국전파진흥협회\Desktop\dataset\combined\images\scut_fbp5500\AF65.jpg
scut_fbp5500,AF66.jpg,2,C:\Users\한국전파진흥협회\Desktop\dataset\combined\images\scut_fbp5500\AF66.jpg
scut_fbp5500,AF67.jpg,3,C:\Users\한국전파진흥협회\Desktop\dataset\combined\images\scut_fbp5500\AF67.jpg
scut_fbp5500,AF68.jpg,3,C:\Users\한국전파진흥협회\Desktop\dataset\combined\images\scut_fbp5500\AF68.jpg
scut_fbp5500,AF69.jpg,3,C:\Users\한국전파진흥협회\Desktop\dataset\combined\images\scut_fbp5500\AF69.jpg
scut_fbp5500,AF70.jpg,3,C:\Users\한국전파진흥협회\Desktop\dataset\combined\images\scut_fbp5500\AF70.jpg
scut_fbp5500,AF71.jpg,3,C:\Users\한국전파진흥협회\Desktop\dataset\combined\images\scut_fbp5500\AF71.jpg
scut_fbp5500,AF72.jpg,2,C:\Users\한국전파진흥협회\Desktop\dataset\combined\images\scut_fbp5500\AF72.jpg
scut_fbp5500,AF73.jpg,3,C:\Users\한국전파진흥협회\Desktop\dataset\combined\images\scut_fbp5500\AF73.jpg
scut_fbp5500,AF74.jpg,2,C:\Users\한국전파진흥협회\Desktop\dataset\combined\images\scut_fbp5500\AF74.jpg
scut_fbp5500,AF75.jpg,2,C:\Users\한국전파진흥협회\Desktop\dataset\combined\images\scut_fbp5500\AF75.jpg
scut_fbp5500,AF76.jpg,3,C:\Users\한국전파진흥협회\Desktop\dataset\combined\images\scut_fbp5500\AF76.jpg
scut_fbp5500,AF77.jpg,3,C:\Users\한국전파진흥협회\Desktop\dataset\combined\images\scut_fbp5500\AF77.jpg
scut_fbp5500,AF78.jpg,3,C:\Users\한국전파진흥협회\Desktop\dataset\combined\images\scut_fbp5500\AF78.jpg
scut_fbp5500,AF79.jpg,3,C:\Users\한국전파진흥협회\Desktop\dataset\combined\images\scut_fbp5500\AF79.jpg
scut_fbp5500,AF80.jpg,3,C:\Users\한국전파진흥협회\Desktop\dataset\combined\images\scut_fbp5500\AF80.jpg
scut_fbp5500,AF81.jpg,2,C:\Users\한국전파진흥협회\Desktop\dataset\combined\images\scut_fbp5500\AF81.jpg
scut_fbp5500,AF82.jpg,3,C:\Users\한국전파진흥협회\Desktop\dataset\combined\images\scut_fbp5500\AF82.jpg
scut_fbp5500,AF83.jpg,3,C:\Users\한국전파진흥협회\Desktop\dataset\combined\images\scut_fbp5500\AF83.jpg
scut_fbp5500,AF84.jpg,3,C:\Users\한국전파진흥협회\Desktop\dataset\combined\images\scut_fbp5500\AF84.jpg
scut_fbp5500,AF85.jpg,3,C:\Users\한국전파진흥협회\Desktop\dataset\combined\images\scut_fbp5500\AF85.jpg
scut_fbp5500,AF86.jpg,2,C:\Users\한국전파진흥협회\Desktop\dataset\combined\images\scut_fbp5500\AF86.jpg
scut_fbp5500,AF87.jpg,2,C:\Users\한국전파진흥협회\Desktop\dataset\combined\images\scut_fbp5500\AF87.jpg
scut_fbp5500,AF88.jpg,2,C:\Users\한국전파진흥협회\Desktop\dataset\combined\images\scut_fbp5500\AF88.jpg
scut_fbp5500,AF89.jpg,2,C:\Users\한국전파진흥협회\Desktop\dataset\combined\images\scut_fbp5500\AF89.jpg
scut_fbp5500,AF90.jpg,2,C:\Users\한국전파진흥협회\Desktop\dataset\combined\images\scut_fbp5500\AF90.jpg
scut_fbp5500,AF91.jpg,3,C:\Users\한국전파진흥협회\Desktop\dataset\combined\images\scut_fbp5500\AF91.jpg
scut_fbp5500,AF92.jpg,3,C:\Users\한국전파진흥협회\Desktop\dataset\combined\images\scut_fbp5500\AF92.jpg
scut_fbp5500,AF93.jpg,3,C:\Users\한국전파진흥협회\Desktop\dataset\combined\images\scut_fbp5500\AF93.jpg
scut_fbp5500,AF94.jpg,3,C:\Users\한국전파진흥협회\Desktop\dataset\combined\images\scut_fbp5500\AF94.jpg
scut_fbp5500,AF95.jpg,3,C:\Users\한국전파진흥협회\Desktop\dataset\combined\images\scut_fbp5500\AF95.jpg
scut_fbp5500,AF96.jpg,3,C:\Users\한국전파진흥협회\Desktop\dataset\combined\images\scut_fbp5500\AF96.jpg
scut_fbp5500,AF97.jpg,2,C:\Users\한국전파진흥협회\Desktop\dataset\combined\images\scut_fbp5500\AF97.jpg
scut_fbp5500,AF98.jpg,2,C:\Users\한국전파진흥협회\Desktop\dataset\combined\images\scut_fbp5500\AF98.jpg
scut_fbp5500,AF99.jpg,3,C:\Users\한국전파진흥협회\Desktop\dataset\combined\images\scut_fbp5500\AF99.jpg
scut_fbp5500,AF100.jpg,3,C:\Users\한국전파진흥협회\Desktop\dataset\combined\images\scut_fbp5500\AF100.jpg
scut_fbp5500,AF101.jpg,2,C:\Users\한국전파진흥협회\Desktop\dataset\combined\images\scut_fbp5500\AF101.jpg
scut_fbp5500,AF102.jpg,3,C:\Users\한국전파진흥협회\Desktop\dataset\combined\images\scut_fbp5500\AF102.jpg
scut_fbp5500,AF103.jpg,3,C:\Users\한국전파진흥협회\Desktop\dataset\combined\images\scut_fbp5500\AF103.jpg
scut_fbp5500,AF104.jpg,3,C:\Users\한국전파진흥협회\Desktop\dataset\combined\images\scut_fbp5500\AF104.jpg
scut_fbp5500,AF105.jpg,4,C:\Users\한국전파진흥협회\Desktop\dataset\combined\images\scut_fbp5500\AF105.jpg
scut_fbp5500,AF106.jpg,3,C:\Users\한국전파진흥협회\Desktop\dataset\combined\images\scut_fbp5500\AF106.jpg
scut_fbp5500,AF107.jpg,2,C:\Users\한국전파진흥협회\Desktop\dataset\combined\images\scut_fbp5500\AF107.jpg
scut_fbp5500,AF108.jpg,3,C:\Users\한국전파진흥협회\Desktop\dataset\combined\images\scut_fbp5500\AF108.jpg
scut_fbp5500,AF109.jpg,2,C:\Users\한국전파진흥협회\Desktop\dataset\combined\images\scut_fbp5500\AF109.jpg
scut_fbp5500,AF110.jpg,3,C:\Users\한국전파진흥협회\Desktop\dataset\combined\images\scut_fbp5500\AF110.jpg
scut_fbp5500,AF111.jpg,3,C:\Users\한국전파진흥협회\Desktop\dataset\combined\images\scut_fbp5500\AF111.jpg
scut_fbp5500,AF112.jpg,3,C:\Users\한국전파진흥협회\Desktop\dataset\combined\images\scut_fbp5500\AF112.jpg
scut_fbp5500,AF113.jpg,3,C:\Users\한국전파진흥협회\Desktop\dataset\combined\images\scut_fbp5500\AF113.jpg
scut_fbp5500,AF114.jpg,3,C:\Users\한국전파진흥협회\Desktop\dataset\combined\images\scut_fbp5500\AF114.jpg
scut_fbp5500,AF115.jpg,3,C:\Users\한국전파진흥협회\Desktop\dataset\combined\images\scut_fbp5500\AF115.jpg
scut_fbp5500,AF116.jpg,2,C:\Users\한국전파진흥협회\Desktop\dataset\combined\images\scut_fbp5500\AF116.jpg
scut_fbp5500,AF117.jpg,2,C:\Users\한국전파진흥협회\Desktop\dataset\combined\images\scut_fbp5500\AF117.jpg
scut_fbp5500,AF118.jpg,3,C:\Users\한국전파진흥협회\Desktop\dataset\combined\images\scut_fbp5500\AF118.jpg
scut_fbp5500,AF119.jpg,2,C:\Users\한국전파진흥협회\Desktop\dataset\combined\images\scut_fbp5500\AF119.jpg
scut_fbp5500,AF120.jpg,2,C:\Users\한국전파진흥협회\Desktop\dataset\combined\images\scut_fbp5500\AF120.jpg
scut_fbp5500,AF121.jpg,2,C:\Users\한국전파진흥협회\Desktop\dataset\combined\images\scut_fbp5500\AF121.jpg
scut_fbp5500,AF122.jpg,2,C:\Users\한국전파진흥협회\Desktop\dataset\combined\images\scut_fbp5500\AF122.jpg
scut_fbp5500,AF123.jpg,2,C:\Users\한국전파진흥협회\Desktop\dataset\combined\images\scut_fbp5500\AF123.jpg
scut_fbp5500,AF124.jpg,3,C:\Users\한국전파진흥협회\Desktop\dataset\combined\images\scut_fbp5500\AF124.jpg
scut_fbp5500,AF125.jpg,3,C:\Users\한국전파진흥협회\Desktop\dataset\combined\images\scut_fbp5500\AF125.jpg
scut_fbp5500,AF126.jpg,3,C:\Users\한국전파진흥협회\Desktop\dataset\combined\images\scut_fbp5500\AF126.jpg
scut_fbp5500,AF127.jpg,3,C:\Users\한국전파진흥협회\Desktop\dataset\combined\images\scut_fbp5500\AF127.jpg
scut_fbp5500,AF128.jpg,3,C:\Users\한국전파진흥협회\Desktop\dataset\combined\images\scut_fbp5500\AF128.jpg
scut_fbp5500,AF129.jpg,3,C:\Users\한국전파진흥협회\Desktop\dataset\combined\images\scut_fbp5500\AF129.jpg
scut_fbp5500,AF130.jpg,3,C:\Users\한국전파진흥협회\Desktop\dataset\combined\images\scut_fbp5500\AF130.jpg
scut_fbp5500,AF131.jpg,3,C:\Users\한국전파진흥협회\Desktop\dataset\combined\images\scut_fbp5500\AF131.jpg
scut_fbp5500,AF132.jpg,2,C:\Users\한국전파진흥협회\Desktop\dataset\combined\images\scut_fbp5500\AF132.jpg
scut_fbp5500,AF133.jpg,3,C:\Users\한국전파진흥협회\Desktop\dataset\combined\images\scut_fbp5500\AF133.jpg
scut_fbp5500,AF134.jpg,2,C:\Users\한국전파진흥협회\Desktop\dataset\combined\images\scut_fbp5500\AF134.jpg
scut_fbp5500,AF135.jpg,3,C:\Users\한국전파진흥협회\Desktop\dataset\combined\images\scut_fbp5500\AF135.jpg
scut_fbp5500,AF136.jpg,2,C:\Users\한국전파진흥협회\Desktop\dataset\combined\images\scut_fbp5500\AF136.jpg
scut_fbp5500,AF137.jpg,3,C:\Users\한국전파진흥협회\Desktop\dataset\combined\images\scut_fbp5500\AF137.jpg
scut_fbp5500,AF138.jpg,2,C:\Users\한국전파진흥협회\Desktop\dataset\combined\images\scut_fbp5500\AF138.jpg
scut_fbp5500,AF139.jpg,2,C:\Users\한국전파진흥협회\Desktop\dataset\combined\images\scut_fbp5500\AF139.jpg
scut_fbp5500,AF140.jpg,2,C:\Users\한국전파진흥협회\Desktop\dataset\combined\images\scut_fbp5500\AF140.jpg
scut_fbp5500,AF141.jpg,2,C:\Users\한국전파진흥협회\Desktop\dataset\combined\images\scut_fbp5500\AF141.jpg
scut_fbp5500,AF142.jpg,2,C:\Users\한국전파진흥협회\Desktop\dataset\combined\images\scut_fbp5500\AF142.jpg
scut_fbp5500,AF143.jpg,2,C:\Users\한국전파진흥협회\Desktop\dataset\combined\images\scut_fbp5500\AF143.jpg
scut_fbp5500,AF144.jpg,2,C:\Users\한국전파진흥협회\Desktop\dataset\combined\images\scut_fbp5500\AF144.jpg
scut_fbp5500,AF145.jpg,3,C:\Users\한국전파진흥협회\Desktop\dataset\combined\images\scut_fbp5500\AF145.jpg
scut_fbp5500,AF146.jpg,3,C:\Users\한국전파진흥협회\Desktop\dataset\combined\images\scut_fbp5500\AF146.jpg
scut_fbp5500,AF147.jpg,2,C:\Users\한국전파진흥협회\Desktop\dataset\combined\images\scut_fbp5500\AF147.jpg
scut_fbp5500,AF148.jpg,2,C:\Users\한국전파진흥협회\Desktop\dataset\combined\images\scut_fbp5500\AF148.jpg
scut_fbp5500,AF149.jpg,2,C:\Users\한국전파진흥협회\Desktop\dataset\combined\images\scut_fbp5500\AF149.jpg
scut_fbp5500,AF150.jpg,2,C:\Users\한국전파진흥협회\Desktop\dataset\combined\images\scut_fbp5500\AF150.jpg
scut_fbp5500,AF151.jpg,2,C:\Users\한국전파진흥협회\Desktop\dataset\combined\images\scut_fbp5500\AF151.jpg
scut_fbp5500,AF152.jpg,3,C:\Users\한국전파진흥협회\Desktop\dataset\combined\images\scut_fbp5500\AF152.jpg
scut_fbp5500,AF153.jpg,2,C:\Users\한국전파진흥협회\Desktop\dataset\combined\images\scut_fbp5500\AF153.jpg
scut_fbp5500,AF154.jpg,3,C:\Users\한국전파진흥협회\Desktop\dataset\combined\images\scut_fbp5500\AF154.jpg
scut_fbp5500,AF155.jpg,3,C:\Users\한국전파진흥협회\Desktop\dataset\combined\images\scut_fbp5500\AF155.jpg
scut_fbp5500,AF156.jpg,2,C:\Users\한국전파진흥협회\Desktop\dataset\combined\images\scut_fbp5500\AF156.jpg
scut_fbp5500,AF157.jpg,2,C:\Users\한국전파진흥협회\Desktop\dataset\combined\images\scut_fbp5500\AF157.jpg
scut_fbp5500,AF158.jpg,3,C:\Users\한국전파진흥협회\Desktop\dataset\combined\images\scut_fbp5500\AF158.jpg
scut_fbp5500,AF159.jpg,3,C:\Users\한국전파진흥협회\Desktop\dataset\combined\images\scut_fbp5500\AF159.jpg
scut_fbp5500,AF160.jpg,2,C:\Users\한국전파진흥협회\Desktop\dataset\combined\images\scut_fbp5500\AF160.jpg
scut_fbp5500,AF161.jpg,2,C:\Users\한국전파진흥협회\Desktop\dataset\combined\images\scut_fbp5500\AF161.jpg
scut_fbp5500,AF162.jpg,2,C:\Users\한국전파진흥협회\Desktop\dataset\combined\images\scut_fbp5500\AF162.jpg
scut_fbp5500,AF163.jpg,3,C:\Users\한국전파진흥협회\Desktop\dataset\combined\images\scut_fbp5500\AF163.jpg
scut_fbp5500,AF164.jpg,3,C:\Users\한국전파진흥협회\Desktop\dataset\combined\images\scut_fbp5500\AF164.jpg
scut_fbp5500,AF165.jpg,3,C:\Users\한국전파진흥협회\Desktop\dataset\combined\images\scut_fbp5500\AF165.jpg
scut_fbp5500,AF166.jpg,3,C:\Users\한국전파진흥협회\Desktop\dataset\combined\images\scut_fbp5500\AF166.jpg
scut_fbp5500,AF167.jpg,3,C:\Users\한국전파진흥협회\Desktop\dataset\combined\images\scut_fbp5500\AF167.jpg
scut_fbp5500,AF168.jpg,3,C:\Users\한국전파진흥협회\Desktop\dataset\combined\images\scut_fbp5500\AF168.jpg
scut_fbp5500,AF169.jpg,2,C:\Users\한국전파진흥협회\Desktop\dataset\combined\images\scut_fbp5500\AF169.jpg
scut_fbp5500,AF170.jpg,2,C:\Users\한국전파진흥협회\Desktop\dataset\combined\images\scut_fbp5500\AF170.jpg
scut_fbp5500,AF171.jpg,3,C:\Users\한국전파진흥협회\Desktop\dataset\combined\images\scut_fbp5500\AF171.jpg
scut_fbp5500,AF172.jpg,2,C:\Users\한국전파진흥협회\Desktop\dataset\combined\images\scut_fbp5500\AF172.jpg
scut_fbp5500,AF173.jpg,2,C:\Users\한국전파진흥협회\Desktop\dataset\combined\images\scut_fbp5500\AF173.jpg
scut_fbp5500,AF174.jpg,2,C:\Users\한국전파진흥협회\Desktop\dataset\combined\images\scut_fbp5500\AF174.jpg
scut_fbp5500,AF175.jpg,3,C:\Users\한국전파진흥협회\Desktop\dataset\combined\images\scut_fbp5500\AF175.jpg
scut_fbp5500,AF176.jpg,2,C:\Users\한국전파진흥협회\Desktop\dataset\combined\images\scut_fbp5500\AF176.jpg
scut_fbp5500,AF177.jpg,2,C:\Users\한국전파진흥협회\Desktop\dataset\combined\images\scut_fbp5500\AF177.jpg
scut_fbp5500,AF178.jpg,3,C:\Users\한국전파진흥협회\Desktop\dataset\combined\images\scut_fbp5500\AF178.jpg
scut_fbp5500,AF179.jpg,2,C:\Users\한국전파진흥협회\Desktop\dataset\combined\images\scut_fbp5500\AF179.jpg
scut_fbp5500,AF180.jpg,3,C:\Users\한국전파진흥협회\Desktop\dataset\combined\images\scut_fbp5500\AF180.jpg
scut_fbp5500,AF181.jpg,3,C:\Users\한국전파진흥협회\Desktop\dataset\combined\images\scut_fbp5500\AF181.jpg
scut_fbp5500,AF182.jpg,2,C:\Users\한국전파진흥협회\Desktop\dataset\combined\images\scut_fbp5500\AF182.jpg
scut_fbp5500,AF183.jpg,3,C:\Users\한국전파진흥협회\Desktop\dataset\combined\images\scut_fbp5500\AF183.jpg
scut_fbp5500,AF184.jpg,3,C:\Users\한국전파진흥협회\Desktop\dataset\combined\images\scut_fbp5500\AF184.jpg
scut_fbp5500,AF185.jpg,2,C:\Users\한국전파진흥협회\Desktop\dataset\combined\images\scut_fbp5500\AF185.jpg
scut_fbp5500,AF186.jpg,2,C:\Users\한국전파진흥협회\Desktop\dataset\combined\images\scut_fbp5500\AF186.jpg
scut_fbp5500,AF187.jpg,3,C:\Users\한국전파진흥협회\Desktop\dataset\combined\images\scut_fbp5500\AF187.jpg
scut_fbp5500,AF188.jpg,3,C:\Users\한국전파진흥협회\Desktop\dataset\combined\images\scut_fbp5500\AF188.jpg
scut_fbp5500,AF189.jpg,2,C:\Users\한국전파진흥협회\Desktop\dataset\combined\images\scut_fbp5500\AF189.jpg
scut_fbp5500,AF190.jpg,2,C:\Users\한국전파진흥협회\Desktop\dataset\combined\images\scut_fbp5500\AF190.jpg
scut_fbp5500,AF191.jpg,3,C:\Users\한국전파진흥협회\Desktop\dataset\combined\images\scut_fbp5500\AF191.jpg
scut_fbp5500,AF192.jpg,2,C:\Users\한국전파진흥협회\Desktop\dataset\combined\images\scut_fbp5500\AF192.jpg
scut_fbp5500,AF193.jpg,2,C:\Users\한국전파진흥협회\Desktop\dataset\combined\images\scut_fbp5500\AF193.jpg
scut_fbp5500,AF194.jpg,3,C:\Users\한국전파진흥협회\Desktop\dataset\combined\images\scut_fbp5500\AF194.jpg
scut_fbp5500,AF195.jpg,3,C:\Users\한국전파진흥협회\Desktop\dataset\combined\images\scut_fbp5500\AF195.jpg
scut_fbp5500,AF196.jpg,3,C:\Users\한국전파진흥협회\Desktop\dataset\combined\images\scut_fbp5500\AF196.jpg
scut_fbp5500,AF197.jpg,2,C:\Users\한국전파진흥협회\Desktop\dataset\combined\images\scut_fbp5500\AF197.jpg
scut_fbp5500,AF198.jpg,2,C:\Users\한국전파진흥협회\Desktop\dataset\combined\images\scut_fbp5500\AF198.jpg
scut_fbp5500,AF199.jpg,3,C:\Users\한국전파진흥협회\Desktop\dataset\combined\images\scut_fbp5500\AF199.jpg
scut_fbp5500,AF200.jpg,2,C:\Users\한국전파진흥협회\Desktop\dataset\combined\images\scut_fbp5500\AF200.jpg
scut_fbp5500,AF201.jpg,3,C:\Users\한국전파진흥협회\Desktop\dataset\combined\images\scut_fbp5500\AF201.jpg
scut_fbp5500,AF202.jpg,3,C:\Users\한국전파진흥협회\Desktop\dataset\combined\images\scut_fbp5500\AF202.jpg
scut_fbp5500,AF203.jpg,4,C:\Users\한국전파진흥협회\Desktop\dataset\combined\images\scut_fbp5500\AF203.jpg
scut_fbp5500,AF204.jpg,3,C:\Users\한국전파진흥협회\Desktop\dataset\combined\images\scut_fbp5500\AF204.jpg
scut_fbp5500,AF205.jpg,4,C:\Users\한국전파진흥협회\Desktop\dataset\combined\images\scut_fbp5500\AF205.jpg
scut_fbp5500,AF206.jpg,3,C:\Users\한국전파진흥협회\Desktop\dataset\combined\images\scut_fbp5500\AF206.jpg
scut_fbp5500,AF207.jpg,3,C:\Users\한국전파진흥협회\Desktop\dataset\combined\images\scut_fbp5500\AF207.jpg
scut_fbp5500,AF208.jpg,3,C:\Users\한국전파진흥협회\Desktop\dataset\combined\images\scut_fbp5500\AF208.jpg
scut_fbp5500,AF209.jpg,3,C:\Users\한국전파진흥협회\Desktop\dataset\combined\images\scut_fbp5500\AF209.jpg
scut_fbp5500,AF210.jpg,2,C:\Users\한국전파진흥협회\Desktop\dataset\combined\images\scut_fbp5500\AF210.jpg
scut_fbp5500,AF211.jpg,2,C:\Users\한국전파진흥협회\Desktop\dataset\combined\images\scut_fbp5500\AF211.jpg
scut_fbp5500,AF212.jpg,3,C:\Users\한국전파진흥협회\Desktop\dataset\combined\images\scut_fbp5500\AF212.jpg
scut_fbp5500,AF213.jpg,4,C:\Users\한국전파진흥협회\Desktop\dataset\combined\images\scut_fbp5500\AF213.jpg
scut_fbp5500,AF214.jpg,3,C:\Users\한국전파진흥협회\Desktop\dataset\combined\images\scut_fbp5500\AF214.jpg
scut_fbp5500,AF215.jpg,3,C:\Users\한국전파진흥협회\Desktop\dataset\combined\images\scut_fbp5500\AF215.jpg
scut_fbp5500,AF216.jpg,3,C:\Users\한국전파진흥협회\Desktop\dataset\combined\images\scut_fbp5500\AF216.jpg
scut_fbp5500,AF217.jpg,2,C:\Users\한국전파진흥협회\Desktop\dataset\combined\images\scut_fbp5500\AF217.jpg
scut_fbp5500,AF218.jpg,2,C:\Users\한국전파진흥협회\Desktop\dataset\combined\images\scut_fbp5500\AF218.jpg
scut_fbp5500,AF219.jpg,2,C:\Users\한국전파진흥협회\Desktop\dataset\combined\images\scut_fbp5500\AF219.jpg
scut_fbp5500,AF220.jpg,3,C:\Users\한국전파진흥협회\Desktop\dataset\combined\images\scut_fbp5500\AF220.jpg
scut_fbp5500,AF221.jpg,2,C:\Users\한국전파진흥협회\Desktop\dataset\combined\images\scut_fbp5500\AF221.jpg
scut_fbp5500,AF222.jpg,3,C:\Users\한국전파진흥협회\Desktop\dataset\combined\images\scut_fbp5500\AF222.jpg
scut_fbp5500,AF223.jpg,2,C:\Users\한국전파진흥협회\Desktop\dataset\combined\images\scut_fbp5500\AF223.jpg
scut_fbp5500,AF224.jpg,3,C:\Users\한국전파진흥협회\Desktop\dataset\combined\images\scut_fbp5500\AF224.jpg
scut_fbp5500,AF225.jpg,4,C:\Users\한국전파진흥협회\Desktop\dataset\combined\images\scut_fbp5500\AF225.jpg
scut_fbp5500,AF226.jpg,2,C:\Users\한국전파진흥협회\Desktop\dataset\combined\images\scut_fbp5500\AF226.jpg
scut_fbp5500,AF227.jpg,3,C:\Users\한국전파진흥협회\Desktop\dataset\combined\images\scut_fbp5500\AF227.jpg
scut_fbp5500,AF228.jpg,2,C:\Users\한국전파진흥협회\Desktop\dataset\combined\images\scut_fbp5500\AF228.jpg
scut_fbp5500,AF229.jpg,3,C:\Users\한국전파진흥협회\Desktop\dataset\combined\images\scut_fbp5500\AF229.jpg
scut_fbp5500,AF230.jpg,3,C:\Users\한국전파진흥협회\Desktop\dataset\combined\images\scut_fbp5500\AF230.jpg
scut_fbp5500,AF231.jpg,3,C:\Users\한국전파진흥협회\Desktop\dataset\combined\images\scut_fbp5500\AF231.jpg
scut_fbp5500,AF232.jpg,2,C:\Users\한국전파진흥협회\Desktop\dataset\combined\images\scut_fbp5500\AF232.jpg
scut_fbp5500,AF233.jpg,3,C:\Users\한국전파진흥협회\Desktop\dataset\combined\images\scut_fbp5500\AF233.jpg
scut_fbp5500,AF234.jpg,2,C:\Users\한국전파진흥협회\Desktop\dataset\combined\images\scut_fbp5500\AF234.jpg
scut_fbp5500,AF235.jpg,3,C:\Users\한국전파진흥협회\Desktop\dataset\combined\images\scut_fbp5500\AF235.jpg
scut_fbp5500,AF236.jpg,4,C:\Users\한국전파진흥협회\Desktop\dataset\combined\images\scut_fbp5500\AF236.jpg
scut_fbp5500,AF237.jpg,3,C:\Users\한국전파진흥협회\Desktop\dataset\combined\images\scut_fbp5500\AF237.jpg
scut_fbp5500,AF238.jpg,3,C:\Users\한국전파진흥협회\Desktop\dataset\combined\images\scut_fbp5500\AF238.jpg
scut_fbp5500,AF239.jpg,3,C:\Users\한국전파진흥협회\Desktop\dataset\combined\images\scut_fbp5500\AF239.jpg
scut_fbp5500,AF240.jpg,3,C:\Users\한국전파진흥협회\Desktop\dataset\combined\images\scut_fbp5500\AF240.jpg
scut_fbp5500,AF241.jpg,2,C:\Users\한국전파진흥협회\Desktop\dataset\combined\images\scut_fbp5500\AF241.jpg
scut_fbp5500,AF242.jpg,3,C:\Users\한국전파진흥협회\Desktop\dataset\combined\images\scut_fbp5500\AF242.jpg
scut_fbp5500,AF243.jpg,2,C:\Users\한국전파진흥협회\Desktop\dataset\combined\images\scut_fbp5500\AF243.jpg
scut_fbp5500,AF244.jpg,4,C:\Users\한국전파진흥협회\Desktop\dataset\combined\images\scut_fbp5500\AF244.jpg
scut_fbp5500,AF245.jpg,3,C:\Users\한국전파진흥협회\Desktop\dataset\combined\images\scut_fbp5500\AF245.jpg
scut_fbp5500,AF246.jpg,3,C:\Users\한국전파진흥협회\Desktop\dataset\combined\images\scut_fbp5500\AF246.jpg
scut_fbp5500,AF247.jpg,3,C:\Users\한국전파진흥협회\Desktop\dataset\combined\images\scut_fbp5500\AF247.jpg
scut_fbp5500,AF248.jpg,2,C:\Users\한국전파진흥협회\Desktop\dataset\combined\images\scut_fbp5500\AF248.jpg
scut_fbp5500,AF249.jpg,3,C:\Users\한국전파진흥협회\Desktop\dataset\combined\images\scut_fbp5500\AF249.jpg
scut_fbp5500,AF250.jpg,3,C:\Users\한국전파진흥협회\Desktop\dataset\combined\images\scut_fbp5500\AF250.jpg
scut_fbp5500,AF251.jpg,3,C:\Users\한국전파진흥협회\Desktop\dataset\combined\images\scut_fbp5500\AF251.jpg
scut_fbp5500,AF252.jpg,3,C:\Users\한국전파진흥협회\Desktop\dataset\combined\images\scut_fbp5500\AF252.jpg
scut_fbp5500,AF253.jpg,3,C:\Users\한국전파진흥협회\Desktop\dataset\combined\images\scut_fbp5500\AF253.jpg
scut_fbp5500,AF254.jpg,3,C:\Users\한국전파진흥협회\Desktop\dataset\combined\images\scut_fbp5500\AF254.jpg
scut_fbp5500,AF255.jpg,2,C:\Users\한국전파진흥협회\Desktop\dataset\combined\images\scut_fbp5500\AF255.jpg
scut_fbp5500,AF256.jpg,3,C:\Users\한국전파진흥협회\Desktop\dataset\combined\images\scut_fbp5500\AF256.jpg
scut_fbp5500,AF257.jpg,2,C:\Users\한국전파진흥협회\Desktop\dataset\combined\images\scut_fbp5500\AF257.jpg
scut_fbp5500,AF258.jpg,2,C:\Users\한국전파진흥협회\Desktop\dataset\combined\images\scut_fbp5500\AF258.jpg
scut_fbp5500,AF259.jpg,2,C:\Users\한국전파진흥협회\Desktop\dataset\combined\images\scut_fbp5500\AF259.jpg
scut_fbp5500,AF260.jpg,2,C:\Users\한국전파진흥협회\Desktop\dataset\combined\images\scut_fbp5500\AF260.jpg
scut_fbp5500,AF261.jpg,2,C:\Users\한국전파진흥협회\Desktop\dataset\combined\images\scut_fbp5500\AF261.jpg
scut_fbp5500,AF262.jpg,2,C:\Users\한국전파진흥협회\Desktop\dataset\combined\images\scut_fbp5500\AF262.jpg
scut_fbp5500,AF263.jpg,3,C:\Users\한국전파진흥협회\Desktop\dataset\combined\images\scut_fbp5500\AF263.jpg
scut_fbp5500,AF264.jpg,3,C:\Users\한국전파진흥협회\Desktop\dataset\combined\images\scut_fbp5500\AF264.jpg
scut_fbp5500,AF265.jpg,2,C:\Users\한국전파진흥협회\Desktop\dataset\combined\images\scut_fbp5500\AF265.jpg
scut_fbp5500,AF266.jpg,2,C:\Users\한국전파진흥협회\Desktop\dataset\combined\images\scut_fbp5500\AF266.jpg
scut_fbp5500,AF267.jpg,2,C:\Users\한국전파진흥협회\Desktop\dataset\combined\images\scut_fbp5500\AF267.jpg
scut_fbp5500,AF268.jpg,3,C:\Users\한국전파진흥협회\Desktop\dataset\combined\images\scut_fbp5500\AF268.jpg
scut_fbp5500,AF269.jpg,4,C:\Users\한국전파진흥협회\Desktop\dataset\combined\images\scut_fbp5500\AF269.jpg
scut_fbp5500,AF270.jpg,1,C:\Users\한국전파진흥협회\Desktop\dataset\combined\images\scut_fbp5500\AF270.jpg
scut_fbp5500,AF271.jpg,3,C:\Users\한국전파진흥협회\Desktop\dataset\combined\images\scut_fbp5500\AF271.jpg
scut_fbp5500,AF272.jpg,3,C:\Users\한국전파진흥협회\Desktop\dataset\combined\images\scut_fbp5500\AF272.jpg
scut_fbp5500,AF273.jpg,3,C:\Users\한국전파진흥협회\Desktop\dataset\combined\images\scut_fbp5500\AF273.jpg
scut_fbp5500,AF274.jpg,3,C:\Users\한국전파진흥협회\Desktop\dataset\combined\images\scut_fbp5500\AF274.jpg
scut_fbp5500,AF275.jpg,3,C:\Users\한국전파진흥협회\Desktop\dataset\combined\images\scut_fbp5500\AF275.jpg
scut_fbp5500,AF276.jpg,2,C:\Users\한국전파진흥협회\Desktop\dataset\combined\images\scut_fbp5500\AF276.jpg
scut_fbp5500,AF277.jpg,3,C:\Users\한국전파진흥협회\Desktop\dataset\combined\images\scut_fbp5500\AF277.jpg
scut_fbp5500,AF278.jpg,3,C:\Users\한국전파진흥협회\Desktop\dataset\combined\images\scut_fbp5500\AF278.jpg
scut_fbp5500,AF279.jpg,3,C:\Users\한국전파진흥협회\Desktop\dataset\combined\images\scut_fbp5500\AF279.jpg
scut_fbp5500,AF280.jpg,3,C:\Users\한국전파진흥협회\Desktop\dataset\combined\images\scut_fbp5500\AF280.jpg
scut_fbp5500,AF281.jpg,2,C:\Users\한국전파진흥협회\Desktop\dataset\combined\images\scut_fbp5500\AF281.jpg
scut_fbp5500,AF282.jpg,3,C:\Users\한국전파진흥협회\Desktop\dataset\combined\images\scut_fbp5500\AF282.jpg
scut_fbp5500,AF283.jpg,3,C:\Users\한국전파진흥협회\Desktop\dataset\combined\images\scut_fbp5500\AF283.jpg
scut_fbp5500,AF284.jpg,3,C:\Users\한국전파진흥협회\Desktop\dataset\combined\images\scut_fbp5500\AF284.jpg
scut_fbp5500,AF285.jpg,3,C:\Users\한국전파진흥협회\Desktop\dataset\combined\images\scut_fbp5500\AF285.jpg
scut_fbp5500,AF286.jpg,3,C:\Users\한국전파진흥협회\Desktop\dataset\combined\images\scut_fbp5500\AF286.jpg
scut_fbp5500,AF287.jpg,2,C:\Users\한국전파진흥협회\Desktop\dataset\combined\images\scut_fbp5500\AF287.jpg
scut_fbp5500,AF288.jpg,3,C:\Users\한국전파진흥협회\Desktop\dataset\combined\images\scut_fbp5500\AF288.jpg
scut_fbp5500,AF289.jpg,2,C:\Users\한국전파진흥협회\Desktop\dataset\combined\images\scut_fbp5500\AF289.jpg
scut_fbp5500,AF290.jpg,2,C:\Users\한국전파진흥협회\Desktop\dataset\combined\images\scut_fbp5500\AF290.jpg
scut_fbp5500,AF291.jpg,2,C:\Users\한국전파진흥협회\Desktop\dataset\combined\images\scut_fbp5500\AF291.jpg
scut_fbp5500,AF292.jpg,3,C:\Users\한국전파진흥협회\Desktop\dataset\combined\images\scut_fbp5500\AF292.jpg
scut_fbp5500,AF293.jpg,3,C:\Users\한국전파진흥협회\Desktop\dataset\combined\images\scut_fbp5500\AF293.jpg
scut_fbp5500,AF294.jpg,3,C:\Users\한국전파진흥협회\Desktop\dataset\combined\images\scut_fbp5500\AF294.jpg
scut_fbp5500,AF295.jpg,2,C:\Users\한국전파진흥협회\Desktop\dataset\combined\images\scut_fbp5500\AF295.jpg
scut_fbp5500,AF296.jpg,3,C:\Users\한국전파진흥협회\Desktop\dataset\combined\images\scut_fbp5500\AF296.jpg
scut_fbp5500,AF297.jpg,4,C:\Users\한국전파진흥협회\Desktop\dataset\combined\images\scut_fbp5500\AF297.jpg
scut_fbp5500,AF298.jpg,2,C:\Users\한국전파진흥협회\Desktop\dataset\combined\images\scut_fbp5500\AF298.jpg
scut_fbp5500,AF299.jpg,2,C:\Users\한국전파진흥협회\Desktop\dataset\combined\images\scut_fbp5500\AF299.jpg
scut_fbp5500,AF300.jpg,4,C:\Users\한국전파진흥협회\Desktop\dataset\combined\images\scut_fbp5500\AF300.jpg
scut_fbp5500,AF301.jpg,3,C:\Users\한국전파진흥협회\Desktop\dataset\combined\images\scut_fbp5500\AF301.jpg
scut_fbp5500,AF302.jpg,3,C:\Users\한국전파진흥협회\Desktop\dataset\combined\images\scut_fbp5500\AF302.jpg
scut_fbp5500,AF303.jpg,3,C:\Users\한국전파진흥협회\Desktop\dataset\combined\images\scut_fbp5500\AF303.jpg
scut_fbp5500,AF304.jpg,2,C:\Users\한국전파진흥협회\Desktop\dataset\combined\images\scut_fbp5500\AF304.jpg
scut_fbp5500,AF305.jpg,2,C:\Users\한국전파진흥협회\Desktop\dataset\combined\images\scut_fbp5500\AF305.jpg
scut_fbp5500,AF306.jpg,3,C:\Users\한국전파진흥협회\Desktop\dataset\combined\images\scut_fbp5500\AF306.jpg
scut_fbp5500,AF307.jpg,2,C:\Users\한국전파진흥협회\Desktop\dataset\combined\images\scut_fbp5500\AF307.jpg
scut_fbp5500,AF308.jpg,2,C:\Users\한국전파진흥협회\Desktop\dataset\combined\images\scut_fbp5500\AF308.jpg
scut_fbp5500,AF309.jpg,3,C:\Users\한국전파진흥협회\Desktop\dataset\combined\images\scut_fbp5500\AF309.jpg
scut_fbp5500,AF310.jpg,2,C:\Users\한국전파진흥협회\Desktop\dataset\combined\images\scut_fbp5500\AF310.jpg
scut_fbp5500,AF311.jpg,3,C:\Users\한국전파진흥협회\Desktop\dataset\combined\images\scut_fbp5500\AF311.jpg
scut_fbp5500,AF312.jpg,2,C:\Users\한국전파진흥협회\Desktop\dataset\combined\images\scut_fbp5500\AF312.jpg
scut_fbp5500,AF313.jpg,3,C:\Users\한국전파진흥협회\Desktop\dataset\combined\images\scut_fbp5500\AF313.jpg
scut_fbp5500,AF314.jpg,2,C:\Users\한국전파진흥협회\Desktop\dataset\combined\images\scut_fbp5500\AF314.jpg
scut_fbp5500,AF315.jpg,3,C:\Users\한국전파진흥협회\Desktop\dataset\combined\images\scut_fbp5500\AF315.jpg
scut_fbp5500,AF316.jpg,2,C:\Users\한국전파진흥협회\Desktop\dataset\combined\images\scut_fbp5500\AF316.jpg
scut_fbp5500,AF317.jpg,4,C:\Users\한국전파진흥협회\Desktop\dataset\combined\images\scut_fbp5500\AF317.jpg
scut_fbp5500,AF318.jpg,2,C:\Users\한국전파진흥협회\Desktop\dataset\combined\images\scut_fbp5500\AF318.jpg
scut_fbp5500,AF319.jpg,3,C:\Users\한국전파진흥협회\Desktop\dataset\combined\images\scut_fbp5500\AF319.jpg
scut_fbp5500,AF320.jpg,2,C:\Users\한국전파진흥협회\Desktop\dataset\combined\images\scut_fbp5500\AF320.jpg
scut_fbp5500,AF321.jpg,2,C:\Users\한국전파진흥협회\Desktop\dataset\combined\images\scut_fbp5500\AF321.jpg
scut_fbp5500,AF322.jpg,2,C:\Users\한국전파진흥협회\Desktop\dataset\combined\images\scut_fbp5500\AF322.jpg
scut_fbp5500,AF323.jpg,3,C:\Users\한국전파진흥협회\Desktop\dataset\combined\images\scut_fbp5500\AF323.jpg
scut_fbp5500,AF324.jpg,3,C:\Users\한국전파진흥협회\Desktop\dataset\combined\images\scut_fbp5500\AF324.jpg
scut_fbp5500,AF325.jpg,3,C:\Users\한국전파진흥협회\Desktop\dataset\combined\images\scut_fbp5500\AF325.jpg
scut_fbp5500,AF326.jpg,3,C:\Users\한국전파진흥협회\Desktop\dataset\combined\images\scut_fbp5500\AF326.jpg
scut_fbp5500,AF327.jpg,3,C:\Users\한국전파진흥협회\Desktop\dataset\combined\images\scut_fbp5500\AF327.jpg
scut_fbp5500,AF328.jpg,3,C:\Users\한국전파진흥협회\Desktop\dataset\combined\images\scut_fbp5500\AF328.jpg
scut_fbp5500,AF329.jpg,3,C:\Users\한국전파진흥협회\Desktop\dataset\combined\images\scut_fbp5500\AF329.jpg
scut_fbp5500,AF330.jpg,3,C:\Users\한국전파진흥협회\Desktop\dataset\combined\images\scut_fbp5500\AF330.jpg
scut_fbp5500,AF331.jpg,2,C:\Users\한국전파진흥협회\Desktop\dataset\combined\images\scut_fbp5500\AF331.jpg
scut_fbp5500,AF332.jpg,2,C:\Users\한국전파진흥협회\Desktop\dataset\combined\images\scut_fbp5500\AF332.jpg
scut_fbp5500,AF333.jpg,3,C:\Users\한국전파진흥협회\Desktop\dataset\combined\images\scut_fbp5500\AF333.jpg
scut_fbp5500,AF334.jpg,2,C:\Users\한국전파진흥협회\Desktop\dataset\combined\images\scut_fbp5500\AF334.jpg
scut_fbp5500,AF335.jpg,2,C:\Users\한국전파진흥협회\Desktop\dataset\combined\images\scut_fbp5500\AF335.jpg
scut_fbp5500,AF336.jpg,3,C:\Users\한국전파진흥협회\Desktop\dataset\combined\images\scut_fbp5500\AF336.jpg
scut_fbp5500,AF337.jpg,2,C:\Users\한국전파진흥협회\Desktop\dataset\combined\images\scut_fbp5500\AF337.jpg
scut_fbp5500,AF338.jpg,3,C:\Users\한국전파진흥협회\Desktop\dataset\combined\images\scut_fbp5500\AF338.jpg
scut_fbp5500,AF339.jpg,2,C:\Users\한국전파진흥협회\Desktop\dataset\combined\images\scut_fbp5500\AF339.jpg
scut_fbp5500,AF340.jpg,3,C:\Users\한국전파진흥협회\Desktop\dataset\combined\images\scut_fbp5500\AF340.jpg
scut_fbp5500,AF341.jpg,2,C:\Users\한국전파진흥협회\Desktop\dataset\combined\images\scut_fbp5500\AF341.jpg
scut_fbp5500,AF342.jpg,3,C:\Users\한국전파진흥협회\Desktop\dataset\combined\images\scut_fbp5500\AF342.jpg
scut_fbp5500,AF343.jpg,3,C:\Users\한국전파진흥협회\Desktop\dataset\combined\images\scut_fbp5500\AF343.jpg
scut_fbp5500,AF344.jpg,3,C:\Users\한국전파진흥협회\Desktop\dataset\combined\images\scut_fbp5500\AF344.jpg
scut_fbp5500,AF345.jpg,2,C:\Users\한국전파진흥협회\Desktop\dataset\combined\images\scut_fbp5500\AF345.jpg
scut_fbp5500,AF346.jpg,2,C:\Users\한국전파진흥협회\Desktop\dataset\combined\images\scut_fbp5500\AF346.jpg
scut_fbp5500,AF347.jpg,3,C:\Users\한국전파진흥협회\Desktop\dataset\combined\images\scut_fbp5500\AF347.jpg
scut_fbp5500,AF348.jpg,2,C:\Users\한국전파진흥협회\Desktop\dataset\combined\images\scut_fbp5500\AF348.jpg
scut_fbp5500,AF349.jpg,3,C:\Users\한국전파진흥협회\Desktop\dataset\combined\images\scut_fbp5500\AF349.jpg
scut_fbp5500,AF350.jpg,2,C:\Users\한국전파진흥협회\Desktop\dataset\combined\images\scut_fbp5500\AF350.jpg
scut_fbp5500,AF351.jpg,3,C:\Users\한국전파진흥협회\Desktop\dataset\combined\images\scut_fbp5500\AF351.jpg
scut_fbp5500,AF352.jpg,2,C:\Users\한국전파진흥협회\Desktop\dataset\combined\images\scut_fbp5500\AF352.jpg
scut_fbp5500,AF353.jpg,2,C:\Users\한국전파진흥협회\Desktop\dataset\combined\images\scut_fbp5500\AF353.jpg
scut_fbp5500,AF354.jpg,3,C:\Users\한국전파진흥협회\Desktop\dataset\combined\images\scut_fbp5500\AF354.jpg
scut_fbp5500,AF355.jpg,3,C:\Users\한국전파진흥협회\Desktop\dataset\combined\images\scut_fbp5500\AF355.jpg
scut_fbp5500,AF356.jpg,3,C:\Users\한국전파진흥협회\Desktop\dataset\combined\images\scut_fbp5500\AF356.jpg
scut_fbp5500,AF357.jpg,3,C:\Users\한국전파진흥협회\Desktop\dataset\combined\images\scut_fbp5500\AF357.jpg
scut_fbp5500,AF358.jpg,3,C:\Users\한국전파진흥협회\Desktop\dataset\combined\images\scut_fbp5500\AF358.jpg
scut_fbp5500,AF359.jpg,2,C:\Users\한국전파진흥협회\Desktop\dataset\combined\images\scut_fbp5500\AF359.jpg
scut_fbp5500,AF360.jpg,2,C:\Users\한국전파진흥협회\Desktop\dataset\combined\images\scut_fbp5500\AF360.jpg
scut_fbp5500,AF361.jpg,3,C:\Users\한국전파진흥협회\Desktop\dataset\combined\images\scut_fbp5500\AF361.jpg
scut_fbp5500,AF362.jpg,2,C:\Users\한국전파진흥협회\Desktop\dataset\combined\images\scut_fbp5500\AF362.jpg
scut_fbp5500,AF363.jpg,2,C:\Users\한국전파진흥협회\Desktop\dataset\combined\images\scut_fbp5500\AF363.jpg
scut_fbp5500,AF364.jpg,3,C:\Users\한국전파진흥협회\Desktop\dataset\combined\images\scut_fbp5500\AF364.jpg
scut_fbp5500,AF365.jpg,2,C:\Users\한국전파진흥협회\Desktop\dataset\combined\images\scut_fbp5500\AF365.jpg
scut_fbp5500,AF366.jpg,3,C:\Users\한국전파진흥협회\Desktop\dataset\combined\images\scut_fbp5500\AF366.jpg
scut_fbp5500,AF367.jpg,3,C:\Users\한국전파진흥협회\Desktop\dataset\combined\images\scut_fbp5500\AF367.jpg
scut_fbp5500,AF368.jpg,3,C:\Users\한국전파진흥협회\Desktop\dataset\combined\images\scut_fbp5500\AF368.jpg
scut_fbp5500,AF369.jpg,3,C:\Users\한국전파진흥협회\Desktop\dataset\combined\images\scut_fbp5500\AF369.jpg
scut_fbp5500,AF370.jpg,3,C:\Users\한국전파진흥협회\Desktop\dataset\combined\images\scut_fbp5500\AF370.jpg
scut_fbp5500,AF371.jpg,2,C:\Users\한국전파진흥협회\Desktop\dataset\combined\images\scut_fbp5500\AF371.jpg
scut_fbp5500,AF372.jpg,3,C:\Users\한국전파진흥협회\Desktop\dataset\combined\images\scut_fbp5500\AF372.jpg
scut_fbp5500,AF373.jpg,3,C:\Users\한국전파진흥협회\Desktop\dataset\combined\images\scut_fbp5500\AF373.jpg
scut_fbp5500,AF374.jpg,2,C:\Users\한국전파진흥협회\Desktop\dataset\combined\images\scut_fbp5500\AF374.jpg
scut_fbp5500,AF375.jpg,2,C:\Users\한국전파진흥협회\Desktop\dataset\combined\images\scut_fbp5500\AF375.jpg
scut_fbp5500,AF376.jpg,3,C:\Users\한국전파진흥협회\Desktop\dataset\combined\images\scut_fbp5500\AF376.jpg
scut_fbp5500,AF377.jpg,2,C:\Users\한국전파진흥협회\Desktop\dataset\combined\images\scut_fbp5500\AF377.jpg
scut_fbp5500,AF378.jpg,3,C:\Users\한국전파진흥협회\Desktop\dataset\combined\images\scut_fbp5500\AF378.jpg
scut_fbp5500,AF379.jpg,3,C:\Users\한국전파진흥협회\Desktop\dataset\combined\images\scut_fbp5500\AF379.jpg
scut_fbp5500,AF380.jpg,3,C:\Users\한국전파진흥협회\Desktop\dataset\combined\images\scut_fbp5500\AF380.jpg
scut_fbp5500,AF381.jpg,3,C:\Users\한국전파진흥협회\Desktop\dataset\combined\images\scut_fbp5500\AF381.jpg
scut_fbp5500,AF382.jpg,2,C:\Users\한국전파진흥협회\Desktop\dataset\combined\images\scut_fbp5500\AF382.jpg
scut_fbp5500,AF383.jpg,2,C:\Users\한국전파진흥협회\Desktop\dataset\combined\images\scut_fbp5500\AF383.jpg
scut_fbp5500,AF384.jpg,2,C:\Users\한국전파진흥협회\Desktop\dataset\combined\images\scut_fbp5500\AF384.jpg
scut_fbp5500,AF385.jpg,2,C:\Users\한국전파진흥협회\Desktop\dataset\combined\images\scut_fbp5500\AF385.jpg
scut_fbp5500,AF386.jpg,3,C:\Users\한국전파진흥협회\Desktop\dataset\combined\images\scut_fbp5500\AF386.jpg
scut_fbp5500,AF387.jpg,2,C:\Users\한국전파진흥협회\Desktop\dataset\combined\images\scut_fbp5500\AF387.jpg
scut_fbp5500,AF388.jpg,2,C:\Users\한국전파진흥협회\Desktop\dataset\combined\images\scut_fbp5500\AF388.jpg
scut_fbp5500,AF389.jpg,3,C:\Users\한국전파진흥협회\Desktop\dataset\combined\images\scut_fbp5500\AF389.jpg
scut_fbp5500,AF390.jpg,3,C:\Users\한국전파진흥협회\Desktop\dataset\combined\images\scut_fbp5500\AF390.jpg
scut_fbp5500,AF391.jpg,1,C:\Users\한국전파진흥협회\Desktop\dataset\combined\images\scut_fbp5500\AF391.jpg
scut_fbp5500,AF392.jpg,3,C:\Users\한국전파진흥협회\Desktop\dataset\combined\images\scut_fbp5500\AF392.jpg
scut_fbp5500,AF393.jpg,3,C:\Users\한국전파진흥협회\Desktop\dataset\combined\images\scut_fbp5500\AF393.jpg
scut_fbp5500,AF394.jpg,3,C:\Users\한국전파진흥협회\Desktop\dataset\combined\images\scut_fbp5500\AF394.jpg
scut_fbp5500,AF395.jpg,4,C:\Users\한국전파진흥협회\Desktop\dataset\combined\images\scut_fbp5500\AF395.jpg
scut_fbp5500,AF396.jpg,2,C:\Users\한국전파진흥협회\Desktop\dataset\combined\images\scut_fbp5500\AF396.jpg
scut_fbp5500,AF397.jpg,3,C:\Users\한국전파진흥협회\Desktop\dataset\combined\images\scut_fbp5500\AF397.jpg
scut_fbp5500,AF398.jpg,4,C:\Users\한국전파진흥협회\Desktop\dataset\combined\images\scut_fbp5500\AF398.jpg
scut_fbp5500,AF399.jpg,2,C:\Users\한국전파진흥협회\Desktop\dataset\combined\images\scut_fbp5500\AF399.jpg
scut_fbp5500,AF400.jpg,3,C:\Users\한국전파진흥협회\Desktop\dataset\combined\images\scut_fbp5500\AF400.jpg
scut_fbp5500,AF401.jpg,2,C:\Users\한국전파진흥협회\Desktop\dataset\combined\images\scut_fbp5500\AF401.jpg
scut_fbp5500,AF402.jpg,3,C:\Users\한국전파진흥협회\Desktop\dataset\combined\images\scut_fbp5500\AF402.jpg
scut_fbp5500,AF403.jpg,3,C:\Users\한국전파진흥협회\Desktop\dataset\combined\images\scut_fbp5500\AF403.jpg
scut_fbp5500,AF404.jpg,3,C:\Users\한국전파진흥협회\Desktop\dataset\combined\images\scut_fbp5500\AF404.jpg
scut_fbp5500,AF405.jpg,3,C:\Users\한국전파진흥협회\Desktop\dataset\combined\images\scut_fbp5500\AF405.jpg
scut_fbp5500,AF406.jpg,3,C:\Users\한국전파진흥협회\Desktop\dataset\combined\images\scut_fbp5500\AF406.jpg
scut_fbp5500,AF407.jpg,3,C:\Users\한국전파진흥협회\Desktop\dataset\combined\images\scut_fbp5500\AF407.jpg
scut_fbp5500,AF408.jpg,3,C:\Users\한국전파진흥협회\Desktop\dataset\combined\images\scut_fbp5500\AF408.jpg
scut_fbp5500,AF409.jpg,4,C:\Users\한국전파진흥협회\Desktop\dataset\combined\images\scut_fbp5500\AF409.jpg
scut_fbp5500,AF410.jpg,2,C:\Users\한국전파진흥협회\Desktop\dataset\combined\images\scut_fbp5500\AF410.jpg
scut_fbp5500,AF411.jpg,2,C:\Users\한국전파진흥협회\Desktop\dataset\combined\images\scut_fbp5500\AF411.jpg
scut_fbp5500,AF412.jpg,3,C:\Users\한국전파진흥협회\Desktop\dataset\combined\images\scut_fbp5500\AF412.jpg
scut_fbp5500,AF413.jpg,2,C:\Users\한국전파진흥협회\Desktop\dataset\combined\images\scut_fbp5500\AF413.jpg
scut_fbp5500,AF414.jpg,2,C:\Users\한국전파진흥협회\Desktop\dataset\combined\images\scut_fbp5500\AF414.jpg
scut_fbp5500,AF415.jpg,3,C:\Users\한국전파진흥협회\Desktop\dataset\combined\images\scut_fbp5500\AF415.jpg
scut_fbp5500,AF416.jpg,3,C:\Users\한국전파진흥협회\Desktop\dataset\combined\images\scut_fbp5500\AF416.jpg
scut_fbp5500,AF417.jpg,3,C:\Users\한국전파진흥협회\Desktop\dataset\combined\images\scut_fbp5500\AF417.jpg
scut_fbp5500,AF418.jpg,3,C:\Users\한국전파진흥협회\Desktop\dataset\combined\images\scut_fbp5500\AF418.jpg
scut_fbp5500,AF419.jpg,3,C:\Users\한국전파진흥협회\Desktop\dataset\combined\images\scut_fbp5500\AF419.jpg
scut_fbp5500,AF420.jpg,3,C:\Users\한국전파진흥협회\Desktop\dataset\combined\images\scut_fbp5500\AF420.jpg
scut_fbp5500,AF421.jpg,3,C:\Users\한국전파진흥협회\Desktop\dataset\combined\images\scut_fbp5500\AF421.jpg
scut_fbp5500,AF422.jpg,2,C:\Users\한국전파진흥협회\Desktop\dataset\combined\images\scut_fbp5500\AF422.jpg
scut_fbp5500,AF423.jpg,3,C:\Users\한국전파진흥협회\Desktop\dataset\combined\images\scut_fbp5500\AF423.jpg
scut_fbp5500,AF424.jpg,3,C:\Users\한국전파진흥협회\Desktop\dataset\combined\images\scut_fbp5500\AF424.jpg
scut_fbp5500,AF425.jpg,2,C:\Users\한국전파진흥협회\Desktop\dataset\combined\images\scut_fbp5500\AF425.jpg
scut_fbp5500,AF426.jpg,2,C:\Users\한국전파진흥협회\Desktop\dataset\combined\images\scut_fbp5500\AF426.jpg
scut_fbp5500,AF427.jpg,2,C:\Users\한국전파진흥협회\Desktop\dataset\combined\images\scut_fbp5500\AF427.jpg
scut_fbp5500,AF428.jpg,3,C:\Users\한국전파진흥협회\Desktop\dataset\combined\images\scut_fbp5500\AF428.jpg
scut_fbp5500,AF429.jpg,2,C:\Users\한국전파진흥협회\Desktop\dataset\combined\images\scut_fbp5500\AF429.jpg
scut_fbp5500,AF430.jpg,3,C:\Users\한국전파진흥협회\Desktop\dataset\combined\images\scut_fbp5500\AF430.jpg
scut_fbp5500,AF431.jpg,3,C:\Users\한국전파진흥협회\Desktop\dataset\combined\images\scut_fbp5500\AF431.jpg
scut_fbp5500,AF432.jpg,3,C:\Users\한국전파진흥협회\Desktop\dataset\combined\images\scut_fbp5500\AF432.jpg
scut_fbp5500,AF433.jpg,4,C:\Users\한국전파진흥협회\Desktop\dataset\combined\images\scut_fbp5500\AF433.jpg
scut_fbp5500,AF434.jpg,3,C:\Users\한국전파진흥협회\Desktop\dataset\combined\images\scut_fbp5500\AF434.jpg
scut_fbp5500,AF435.jpg,2,C:\Users\한국전파진흥협회\Desktop\dataset\combined\images\scut_fbp5500\AF435.jpg
scut_fbp5500,AF436.jpg,2,C:\Users\한국전파진흥협회\Desktop\dataset\combined\images\scut_fbp5500\AF436.jpg
scut_fbp5500,AF437.jpg,3,C:\Users\한국전파진흥협회\Desktop\dataset\combined\images\scut_fbp5500\AF437.jpg
scut_fbp5500,AF438.jpg,3,C:\Users\한국전파진흥협회\Desktop\dataset\combined\images\scut_fbp5500\AF438.jpg
scut_fbp5500,AF439.jpg,3,C:\Users\한국전파진흥협회\Desktop\dataset\combined\images\scut_fbp5500\AF439.jpg
scut_fbp5500,AF440.jpg,3,C:\Users\한국전파진흥협회\Desktop\dataset\combined\images\scut_fbp5500\AF440.jpg
scut_fbp5500,AF441.jpg,3,C:\Users\한국전파진흥협회\Desktop\dataset\combined\images\scut_fbp5500\AF441.jpg
scut_fbp5500,AF442.jpg,3,C:\Users\한국전파진흥협회\Desktop\dataset\combined\images\scut_fbp5500\AF442.jpg
scut_fbp5500,AF443.jpg,2,C:\Users\한국전파진흥협회\Desktop\dataset\combined\images\scut_fbp5500\AF443.jpg
scut_fbp5500,AF444.jpg,3,C:\Users\한국전파진흥협회\Desktop\dataset\combined\images\scut_fbp5500\AF444.jpg
scut_fbp5500,AF445.jpg,2,C:\Users\한국전파진흥협회\Desktop\dataset\combined\images\scut_fbp5500\AF445.jpg
scut_fbp5500,AF446.jpg,3,C:\Users\한국전파진흥협회\Desktop\dataset\combined\images\scut_fbp5500\AF446.jpg
scut_fbp5500,AF447.jpg,4,C:\Users\한국전파진흥협회\Desktop\dataset\combined\images\scut_fbp5500\AF447.jpg
scut_fbp5500,AF448.jpg,3,C:\Users\한국전파진흥협회\Desktop\dataset\combined\images\scut_fbp5500\AF448.jpg
scut_fbp5500,AF449.jpg,3,C:\Users\한국전파진흥협회\Desktop\dataset\combined\images\scut_fbp5500\AF449.jpg
scut_fbp5500,AF450.jpg,3,C:\Users\한국전파진흥협회\Desktop\dataset\combined\images\scut_fbp5500\AF450.jpg
scut_fbp5500,AF451.jpg,3,C:\Users\한국전파진흥협회\Desktop\dataset\combined\images\scut_fbp5500\AF451.jpg
scut_fbp5500,AF452.jpg,3,C:\Users\한국전파진흥협회\Desktop\dataset\combined\images\scut_fbp5500\AF452.jpg
scut_fbp5500,AF453.jpg,4,C:\Users\한국전파진흥협회\Desktop\dataset\combined\images\scut_fbp5500\AF453.jpg
scut_fbp5500,AF454.jpg,3,C:\Users\한국전파진흥협회\Desktop\dataset\combined\images\scut_fbp5500\AF454.jpg
scut_fbp5500,AF455.jpg,2,C:\Users\한국전파진흥협회\Desktop\dataset\combined\images\scut_fbp5500\AF455.jpg
scut_fbp5500,AF456.jpg,3,C:\Users\한국전파진흥협회\Desktop\dataset\combined\images\scut_fbp5500\AF456.jpg
scut_fbp5500,AF457.jpg,3,C:\Users\한국전파진흥협회\Desktop\dataset\combined\images\scut_fbp5500\AF457.jpg
scut_fbp5500,AF458.jpg,3,C:\Users\한국전파진흥협회\Desktop\dataset\combined\images\scut_fbp5500\AF458.jpg
scut_fbp5500,AF459.jpg,2,C:\Users\한국전파진흥협회\Desktop\dataset\combined\images\scut_fbp5500\AF459.jpg
scut_fbp5500,AF460.jpg,3,C:\Users\한국전파진흥협회\Desktop\dataset\combined\images\scut_fbp5500\AF460.jpg
scut_fbp5500,AF461.jpg,2,C:\Users\한국전파진흥협회\Desktop\dataset\combined\images\scut_fbp5500\AF461.jpg
scut_fbp5500,AF462.jpg,3,C:\Users\한국전파진흥협회\Desktop\dataset\combined\images\scut_fbp5500\AF462.jpg
scut_fbp5500,AF463.jpg,2,C:\Users\한국전파진흥협회\Desktop\dataset\combined\images\scut_fbp5500\AF463.jpg
scut_fbp5500,AF464.jpg,3,C:\Users\한국전파진흥협회\Desktop\dataset\combined\images\scut_fbp5500\AF464.jpg
scut_fbp5500,AF465.jpg,2,C:\Users\한국전파진흥협회\Desktop\dataset\combined\images\scut_fbp5500\AF465.jpg
scut_fbp5500,AF466.jpg,3,C:\Users\한국전파진흥협회\Desktop\dataset\combined\images\scut_fbp5500\AF466.jpg
scut_fbp5500,AF467.jpg,3,C:\Users\한국전파진흥협회\Desktop\dataset\combined\images\scut_fbp5500\AF467.jpg
scut_fbp5500,AF468.jpg,3,C:\Users\한국전파진흥협회\Desktop\dataset\combined\images\scut_fbp5500\AF468.jpg
scut_fbp5500,AF469.jpg,3,C:\Users\한국전파진흥협회\Desktop\dataset\combined\images\scut_fbp5500\AF469.jpg
scut_fbp5500,AF470.jpg,4,C:\Users\한국전파진흥협회\Desktop\dataset\combined\images\scut_fbp5500\AF470.jpg
scut_fbp5500,AF471.jpg,3,C:\Users\한국전파진흥협회\Desktop\dataset\combined\images\scut_fbp5500\AF471.jpg
scut_fbp5500,AF472.jpg,3,C:\Users\한국전파진흥협회\Desktop\dataset\combined\images\scut_fbp5500\AF472.jpg
scut_fbp5500,AF473.jpg,3,C:\Users\한국전파진흥협회\Desktop\dataset\combined\images\scut_fbp5500\AF473.jpg
scut_fbp5500,AF474.jpg,2,C:\Users\한국전파진흥협회\Desktop\dataset\combined\images\scut_fbp5500\AF474.jpg
scut_fbp5500,AF475.jpg,2,C:\Users\한국전파진흥협회\Desktop\dataset\combined\images\scut_fbp5500\AF475.jpg
scut_fbp5500,AF476.jpg,4,C:\Users\한국전파진흥협회\Desktop\dataset\combined\images\scut_fbp5500\AF476.jpg
scut_fbp5500,AF477.jpg,3,C:\Users\한국전파진흥협회\Desktop\dataset\combined\images\scut_fbp5500\AF477.jpg
scut_fbp5500,AF478.jpg,3,C:\Users\한국전파진흥협회\Desktop\dataset\combined\images\scut_fbp5500\AF478.jpg
scut_fbp5500,AF479.jpg,3,C:\Users\한국전파진흥협회\Desktop\dataset\combined\images\scut_fbp5500\AF479.jpg
scut_fbp5500,AF480.jpg,3,C:\Users\한국전파진흥협회\Desktop\dataset\combined\images\scut_fbp5500\AF480.jpg
scut_fbp5500,AF481.jpg,2,C:\Users\한국전파진흥협회\Desktop\dataset\combined\images\scut_fbp5500\AF481.jpg
scut_fbp5500,AF482.jpg,3,C:\Users\한국전파진흥협회\Desktop\dataset\combined\images\scut_fbp5500\AF482.jpg
scut_fbp5500,AF483.jpg,3,C:\Users\한국전파진흥협회\Desktop\dataset\combined\images\scut_fbp5500\AF483.jpg
scut_fbp5500,AF484.jpg,4,C:\Users\한국전파진흥협회\Desktop\dataset\combined\images\scut_fbp5500\AF484.jpg
scut_fbp5500,AF485.jpg,3,C:\Users\한국전파진흥협회\Desktop\dataset\combined\images\scut_fbp5500\AF485.jpg
scut_fbp5500,AF486.jpg,2,C:\Users\한국전파진흥협회\Desktop\dataset\combined\images\scut_fbp5500\AF486.jpg
scut_fbp5500,AF487.jpg,3,C:\Users\한국전파진흥협회\Desktop\dataset\combined\images\scut_fbp5500\AF487.jpg
scut_fbp5500,AF488.jpg,3,C:\Users\한국전파진흥협회\Desktop\dataset\combined\images\scut_fbp5500\AF488.jpg
scut_fbp5500,AF489.jpg,2,C:\Users\한국전파진흥협회\Desktop\dataset\combined\images\scut_fbp5500\AF489.jpg
scut_fbp5500,AF490.jpg,2,C:\Users\한국전파진흥협회\Desktop\dataset\combined\images\scut_fbp5500\AF490.jpg
scut_fbp5500,AF491.jpg,4,C:\Users\한국전파진흥협회\Desktop\dataset\combined\images\scut_fbp5500\AF491.jpg
scut_fbp5500,AF492.jpg,4,C:\Users\한국전파진흥협회\Desktop\dataset\combined\images\scut_fbp5500\AF492.jpg
scut_fbp5500,AF493.jpg,3,C:\Users\한국전파진흥협회\Desktop\dataset\combined\images\scut_fbp5500\AF493.jpg
scut_fbp5500,AF494.jpg,2,C:\Users\한국전파진흥협회\Desktop\dataset\combined\images\scut_fbp5500\AF494.jpg
scut_fbp5500,AF495.jpg,3,C:\Users\한국전파진흥협회\Desktop\dataset\combined\images\scut_fbp5500\AF495.jpg
scut_fbp5500,AF496.jpg,2,C:\Users\한국전파진흥협회\Desktop\dataset\combined\images\scut_fbp5500\AF496.jpg
scut_fbp5500,AF497.jpg,2,C:\Users\한국전파진흥협회\Desktop\dataset\combined\images\scut_fbp5500\AF497.jpg
scut_fbp5500,AF498.jpg,3,C:\Users\한국전파진흥협회\Desktop\dataset\combined\images\scut_fbp5500\AF498.jpg
scut_fbp5500,AF499.jpg,3,C:\Users\한국전파진흥협회\Desktop\dataset\combined\images\scut_fbp5500\AF499.jpg
scut_fbp5500,AF500.jpg,2,C:\Users\한국전파진흥협회\Desktop\dataset\combined\images\scut_fbp5500\AF500.jpg
scut_fbp5500,AF501.jpg,4,C:\Users\한국전파진흥협회\Desktop\dataset\combined\images\scut_fbp5500\AF501.jpg
scut_fbp5500,AF502.jpg,3,C:\Users\한국전파진흥협회\Desktop\dataset\combined\images\scut_fbp5500\AF502.jpg
scut_fbp5500,AF503.jpg,4,C:\Users\한국전파진흥협회\Desktop\dataset\combined\images\scut_fbp5500\AF503.jpg
scut_fbp5500,AF504.jpg,2,C:\Users\한국전파진흥협회\Desktop\dataset\combined\images\scut_fbp5500\AF504.jpg
scut_fbp5500,AF505.jpg,3,C:\Users\한국전파진흥협회\Desktop\dataset\combined\images\scut_fbp5500\AF505.jpg
scut_fbp5500,AF506.jpg,3,C:\Users\한국전파진흥협회\Desktop\dataset\combined\images\scut_fbp5500\AF506.jpg
scut_fbp5500,AF507.jpg,3,C:\Users\한국전파진흥협회\Desktop\dataset\combined\images\scut_fbp5500\AF507.jpg
scut_fbp5500,AF508.jpg,2,C:\Users\한국전파진흥협회\Desktop\dataset\combined\images\scut_fbp5500\AF508.jpg
scut_fbp5500,AF509.jpg,3,C:\Users\한국전파진흥협회\Desktop\dataset\combined\images\scut_fbp5500\AF509.jpg
scut_fbp5500,AF510.jpg,4,C:\Users\한국전파진흥협회\Desktop\dataset\combined\images\scut_fbp5500\AF510.jpg
scut_fbp5500,AF511.jpg,3,C:\Users\한국전파진흥협회\Desktop\dataset\combined\images\scut_fbp5500\AF511.jpg
scut_fbp5500,AF512.jpg,2,C:\Users\한국전파진흥협회\Desktop\dataset\combined\images\scut_fbp5500\AF512.jpg
scut_fbp5500,AF513.jpg,3,C:\Users\한국전파진흥협회\Desktop\dataset\combined\images\scut_fbp5500\AF513.jpg
scut_fbp5500,AF514.jpg,2,C:\Users\한국전파진흥협회\Desktop\dataset\combined\images\scut_fbp5500\AF514.jpg
scut_fbp5500,AF515.jpg,3,C:\Users\한국전파진흥협회\Desktop\dataset\combined\images\scut_fbp5500\AF515.jpg
scut_fbp5500,AF516.jpg,3,C:\Users\한국전파진흥협회\Desktop\dataset\combined\images\scut_fbp5500\AF516.jpg
scut_fbp5500,AF517.jpg,2,C:\Users\한국전파진흥협회\Desktop\dataset\combined\images\scut_fbp5500\AF517.jpg
scut_fbp5500,AF518.jpg,2,C:\Users\한국전파진흥협회\Desktop\dataset\combined\images\scut_fbp5500\AF518.jpg
scut_fbp5500,AF519.jpg,3,C:\Users\한국전파진흥협회\Desktop\dataset\combined\images\scut_fbp5500\AF519.jpg
scut_fbp5500,AF520.jpg,2,C:\Users\한국전파진흥협회\Desktop\dataset\combined\images\scut_fbp5500\AF520.jpg
scut_fbp5500,AF521.jpg,3,C:\Users\한국전파진흥협회\Desktop\dataset\combined\images\scut_fbp5500\AF521.jpg
scut_fbp5500,AF522.jpg,2,C:\Users\한국전파진흥협회\Desktop\dataset\combined\images\scut_fbp5500\AF522.jpg
scut_fbp5500,AF523.jpg,2,C:\Users\한국전파진흥협회\Desktop\dataset\combined\images\scut_fbp5500\AF523.jpg
scut_fbp5500,AF524.jpg,3,C:\Users\한국전파진흥협회\Desktop\dataset\combined\images\scut_fbp5500\AF524.jpg
scut_fbp5500,AF525.jpg,2,C:\Users\한국전파진흥협회\Desktop\dataset\combined\images\scut_fbp5500\AF525.jpg
scut_fbp5500,AF526.jpg,3,C:\Users\한국전파진흥협회\Desktop\dataset\combined\images\scut_fbp5500\AF526.jpg
scut_fbp5500,AF527.jpg,3,C:\Users\한국전파진흥협회\Desktop\dataset\combined\images\scut_fbp5500\AF527.jpg
scut_fbp5500,AF528.jpg,3,C:\Users\한국전파진흥협회\Desktop\dataset\combined\images\scut_fbp5500\AF528.jpg
scut_fbp5500,AF529.jpg,3,C:\Users\한국전파진흥협회\Desktop\dataset\combined\images\scut_fbp5500\AF529.jpg
scut_fbp5500,AF530.jpg,3,C:\Users\한국전파진흥협회\Desktop\dataset\combined\images\scut_fbp5500\AF530.jpg
scut_fbp5500,AF531.jpg,3,C:\Users\한국전파진흥협회\Desktop\dataset\combined\images\scut_fbp5500\AF531.jpg
scut_fbp5500,AF532.jpg,2,C:\Users\한국전파진흥협회\Desktop\dataset\combined\images\scut_fbp5500\AF532.jpg
scut_fbp5500,AF533.jpg,3,C:\Users\한국전파진흥협회\Desktop\dataset\combined\images\scut_fbp5500\AF533.jpg
scut_fbp5500,AF534.jpg,2,C:\Users\한국전파진흥협회\Desktop\dataset\combined\images\scut_fbp5500\AF534.jpg
scut_fbp5500,AF535.jpg,3,C:\Users\한국전파진흥협회\Desktop\dataset\combined\images\scut_fbp5500\AF535.jpg
scut_fbp5500,AF536.jpg,2,C:\Users\한국전파진흥협회\Desktop\dataset\combined\images\scut_fbp5500\AF536.jpg
scut_fbp5500,AF537.jpg,2,C:\Users\한국전파진흥협회\Desktop\dataset\combined\images\scut_fbp5500\AF537.jpg
scut_fbp5500,AF538.jpg,3,C:\Users\한국전파진흥협회\Desktop\dataset\combined\images\scut_fbp5500\AF538.jpg
scut_fbp5500,AF539.jpg,4,C:\Users\한국전파진흥협회\Desktop\dataset\combined\images\scut_fbp5500\AF539.jpg
scut_fbp5500,AF540.jpg,3,C:\Users\한국전파진흥협회\Desktop\dataset\combined\images\scut_fbp5500\AF540.jpg
scut_fbp5500,AF541.jpg,3,C:\Users\한국전파진흥협회\Desktop\dataset\combined\images\scut_fbp5500\AF541.jpg
scut_fbp5500,AF542.jpg,3,C:\Users\한국전파진흥협회\Desktop\dataset\combined\images\scut_fbp5500\AF542.jpg
scut_fbp5500,AF543.jpg,3,C:\Users\한국전파진흥협회\Desktop\dataset\combined\images\scut_fbp5500\AF543.jpg
scut_fbp5500,AF544.jpg,2,C:\Users\한국전파진흥협회\Desktop\dataset\combined\images\scut_fbp5500\AF544.jpg
scut_fbp5500,AF545.jpg,4,C:\Users\한국전파진흥협회\Desktop\dataset\combined\images\scut_fbp5500\AF545.jpg
scut_fbp5500,AF546.jpg,2,C:\Users\한국전파진흥협회\Desktop\dataset\combined\images\scut_fbp5500\AF546.jpg
scut_fbp5500,AF547.jpg,3,C:\Users\한국전파진흥협회\Desktop\dataset\combined\images\scut_fbp5500\AF547.jpg
scut_fbp5500,AF548.jpg,4,C:\Users\한국전파진흥협회\Desktop\dataset\combined\images\scut_fbp5500\AF548.jpg
scut_fbp5500,AF549.jpg,2,C:\Users\한국전파진흥협회\Desktop\dataset\combined\images\scut_fbp5500\AF549.jpg
scut_fbp5500,AF550.jpg,3,C:\Users\한국전파진흥협회\Desktop\dataset\combined\images\scut_fbp5500\AF550.jpg
scut_fbp5500,AF551.jpg,4,C:\Users\한국전파진흥협회\Desktop\dataset\combined\images\scut_fbp5500\AF551.jpg
scut_fbp5500,AF552.jpg,3,C:\Users\한국전파진흥협회\Desktop\dataset\combined\images\scut_fbp5500\AF552.jpg
scut_fbp5500,AF553.jpg,3,C:\Users\한국전파진흥협회\Desktop\dataset\combined\images\scut_fbp5500\AF553.jpg
scut_fbp5500,AF554.jpg,3,C:\Users\한국전파진흥협회\Desktop\dataset\combined\images\scut_fbp5500\AF554.jpg
scut_fbp5500,AF555.jpg,3,C:\Users\한국전파진흥협회\Desktop\dataset\combined\images\scut_fbp5500\AF555.jpg
scut_fbp5500,AF556.jpg,3,C:\Users\한국전파진흥협회\Desktop\dataset\combined\images\scut_fbp5500\AF556.jpg
scut_fbp5500,AF557.jpg,2,C:\Users\한국전파진흥협회\Desktop\dataset\combined\images\scut_fbp5500\AF557.jpg
scut_fbp5500,AF558.jpg,2,C:\Users\한국전파진흥협회\Desktop\dataset\combined\images\scut_fbp5500\AF558.jpg
scut_fbp5500,AF559.jpg,3,C:\Users\한국전파진흥협회\Desktop\dataset\combined\images\scut_fbp5500\AF559.jpg
scut_fbp5500,AF560.jpg,2,C:\Users\한국전파진흥협회\Desktop\dataset\combined\images\scut_fbp5500\AF560.jpg
scut_fbp5500,AF561.jpg,4,C:\Users\한국전파진흥협회\Desktop\dataset\combined\images\scut_fbp5500\AF561.jpg
scut_fbp5500,AF562.jpg,3,C:\Users\한국전파진흥협회\Desktop\dataset\combined\images\scut_fbp5500\AF562.jpg
scut_fbp5500,AF563.jpg,3,C:\Users\한국전파진흥협회\Desktop\dataset\combined\images\scut_fbp5500\AF563.jpg
scut_fbp5500,AF564.jpg,3,C:\Users\한국전파진흥협회\Desktop\dataset\combined\images\scut_fbp5500\AF564.jpg
scut_fbp5500,AF565.jpg,4,C:\Users\한국전파진흥협회\Desktop\dataset\combined\images\scut_fbp5500\AF565.jpg
scut_fbp5500,AF566.jpg,2,C:\Users\한국전파진흥협회\Desktop\dataset\combined\images\scut_fbp5500\AF566.jpg
scut_fbp5500,AF567.jpg,4,C:\Users\한국전파진흥협회\Desktop\dataset\combined\images\scut_fbp5500\AF567.jpg
scut_fbp5500,AF568.jpg,2,C:\Users\한국전파진흥협회\Desktop\dataset\combined\images\scut_fbp5500\AF568.jpg
scut_fbp5500,AF569.jpg,4,C:\Users\한국전파진흥협회\Desktop\dataset\combined\images\scut_fbp5500\AF569.jpg
scut_fbp5500,AF570.jpg,2,C:\Users\한국전파진흥협회\Desktop\dataset\combined\images\scut_fbp5500\AF570.jpg
scut_fbp5500,AF571.jpg,3,C:\Users\한국전파진흥협회\Desktop\dataset\combined\images\scut_fbp5500\AF571.jpg
scut_fbp5500,AF572.jpg,3,C:\Users\한국전파진흥협회\Desktop\dataset\combined\images\scut_fbp5500\AF572.jpg
scut_fbp5500,AF573.jpg,3,C:\Users\한국전파진흥협회\Desktop\dataset\combined\images\scut_fbp5500\AF573.jpg
scut_fbp5500,AF574.jpg,3,C:\Users\한국전파진흥협회\Desktop\dataset\combined\images\scut_fbp5500\AF574.jpg
scut_fbp5500,AF575.jpg,3,C:\Users\한국전파진흥협회\Desktop\dataset\combined\images\scut_fbp5500\AF575.jpg
scut_fbp5500,AF576.jpg,3,C:\Users\한국전파진흥협회\Desktop\dataset\combined\images\scut_fbp5500\AF576.jpg
scut_fbp5500,AF577.jpg,3,C:\Users\한국전파진흥협회\Desktop\dataset\combined\images\scut_fbp5500\AF577.jpg
scut_fbp5500,AF578.jpg,2,C:\Users\한국전파진흥협회\Desktop\dataset\combined\images\scut_fbp5500\AF578.jpg
scut_fbp5500,AF579.jpg,3,C:\Users\한국전파진흥협회\Desktop\dataset\combined\images\scut_fbp5500\AF579.jpg
scut_fbp5500,AF580.jpg,3,C:\Users\한국전파진흥협회\Desktop\dataset\combined\images\scut_fbp5500\AF580.jpg
scut_fbp5500,AF581.jpg,3,C:\Users\한국전파진흥협회\Desktop\dataset\combined\images\scut_fbp5500\AF581.jpg
scut_fbp5500,AF582.jpg,4,C:\Users\한국전파진흥협회\Desktop\dataset\combined\images\scut_fbp5500\AF582.jpg
scut_fbp5500,AF583.jpg,3,C:\Users\한국전파진흥협회\Desktop\dataset\combined\images\scut_fbp5500\AF583.jpg
scut_fbp5500,AF584.jpg,3,C:\Users\한국전파진흥협회\Desktop\dataset\combined\images\scut_fbp5500\AF584.jpg
scut_fbp5500,AF585.jpg,2,C:\Users\한국전파진흥협회\Desktop\dataset\combined\images\scut_fbp5500\AF585.jpg
scut_fbp5500,AF586.jpg,4,C:\Users\한국전파진흥협회\Desktop\dataset\combined\images\scut_fbp5500\AF586.jpg
scut_fbp5500,AF587.jpg,2,C:\Users\한국전파진흥협회\Desktop\dataset\combined\images\scut_fbp5500\AF587.jpg
scut_fbp5500,AF588.jpg,3,C:\Users\한국전파진흥협회\Desktop\dataset\combined\images\scut_fbp5500\AF588.jpg
scut_fbp5500,AF589.jpg,3,C:\Users\한국전파진흥협회\Desktop\dataset\combined\images\scut_fbp5500\AF589.jpg
scut_fbp5500,AF590.jpg,3,C:\Users\한국전파진흥협회\Desktop\dataset\combined\images\scut_fbp5500\AF590.jpg
scut_fbp5500,AF591.jpg,3,C:\Users\한국전파진흥협회\Desktop\dataset\combined\images\scut_fbp5500\AF591.jpg
scut_fbp5500,AF592.jpg,5,C:\Users\한국전파진흥협회\Desktop\dataset\combined\images\scut_fbp5500\AF592.jpg
scut_fbp5500,AF593.jpg,4,C:\Users\한국전파진흥협회\Desktop\dataset\combined\images\scut_fbp5500\AF593.jpg
scut_fbp5500,AF594.jpg,2,C:\Users\한국전파진흥협회\Desktop\dataset\combined\images\scut_fbp5500\AF594.jpg
scut_fbp5500,AF595.jpg,2,C:\Users\한국전파진흥협회\Desktop\dataset\combined\images\scut_fbp5500\AF595.jpg
scut_fbp5500,AF596.jpg,3,C:\Users\한국전파진흥협회\Desktop\dataset\combined\images\scut_fbp5500\AF596.jpg
scut_fbp5500,AF597.jpg,3,C:\Users\한국전파진흥협회\Desktop\dataset\combined\images\scut_fbp5500\AF597.jpg
scut_fbp5500,AF598.jpg,2,C:\Users\한국전파진흥협회\Desktop\dataset\combined\images\scut_fbp5500\AF598.jpg
scut_fbp5500,AF599.jpg,3,C:\Users\한국전파진흥협회\Desktop\dataset\combined\images\scut_fbp5500\AF599.jpg
scut_fbp5500,AF600.jpg,3,C:\Users\한국전파진흥협회\Desktop\dataset\combined\images\scut_fbp5500\AF600.jpg
scut_fbp5500,AF601.jpg,2,C:\Users\한국전파진흥협회\Desktop\dataset\combined\images\scut_fbp5500\AF601.jpg
scut_fbp5500,AF602.jpg,3,C:\Users\한국전파진흥협회\Desktop\dataset\combined\images\scut_fbp5500\AF602.jpg
scut_fbp5500,AF603.jpg,4,C:\Users\한국전파진흥협회\Desktop\dataset\combined\images\scut_fbp5500\AF603.jpg
scut_fbp5500,AF604.jpg,3,C:\Users\한국전파진흥협회\Desktop\dataset\combined\images\scut_fbp5500\AF604.jpg
scut_fbp5500,AF605.jpg,3,C:\Users\한국전파진흥협회\Desktop\dataset\combined\images\scut_fbp5500\AF605.jpg
scut_fbp5500,AF606.jpg,3,C:\Users\한국전파진흥협회\Desktop\dataset\combined\images\scut_fbp5500\AF606.jpg
scut_fbp5500,AF607.jpg,3,C:\Users\한국전파진흥협회\Desktop\dataset\combined\images\scut_fbp5500\AF607.jpg
scut_fbp5500,AF608.jpg,2,C:\Users\한국전파진흥협회\Desktop\dataset\combined\images\scut_fbp5500\AF608.jpg
scut_fbp5500,AF609.jpg,2,C:\Users\한국전파진흥협회\Desktop\dataset\combined\images\scut_fbp5500\AF609.jpg
scut_fbp5500,AF610.jpg,2,C:\Users\한국전파진흥협회\Desktop\dataset\combined\images\scut_fbp5500\AF610.jpg
scut_fbp5500,AF611.jpg,3,C:\Users\한국전파진흥협회\Desktop\dataset\combined\images\scut_fbp5500\AF611.jpg
scut_fbp5500,AF612.jpg,2,C:\Users\한국전파진흥협회\Desktop\dataset\combined\images\scut_fbp5500\AF612.jpg
scut_fbp5500,AF613.jpg,2,C:\Users\한국전파진흥협회\Desktop\dataset\combined\images\scut_fbp5500\AF613.jpg
scut_fbp5500,AF614.jpg,3,C:\Users\한국전파진흥협회\Desktop\dataset\combined\images\scut_fbp5500\AF614.jpg
scut_fbp5500,AF615.jpg,3,C:\Users\한국전파진흥협회\Desktop\dataset\combined\images\scut_fbp5500\AF615.jpg
scut_fbp5500,AF616.jpg,2,C:\Users\한국전파진흥협회\Desktop\dataset\combined\images\scut_fbp5500\AF616.jpg
scut_fbp5500,AF617.jpg,2,C:\Users\한국전파진흥협회\Desktop\dataset\combined\images\scut_fbp5500\AF617.jpg
scut_fbp5500,AF618.jpg,3,C:\Users\한국전파진흥협회\Desktop\dataset\combined\images\scut_fbp5500\AF618.jpg
scut_fbp5500,AF619.jpg,3,C:\Users\한국전파진흥협회\Desktop\dataset\combined\images\scut_fbp5500\AF619.jpg
scut_fbp5500,AF620.jpg,3,C:\Users\한국전파진흥협회\Desktop\dataset\combined\images\scut_fbp5500\AF620.jpg
scut_fbp5500,AF621.jpg,3,C:\Users\한국전파진흥협회\Desktop\dataset\combined\images\scut_fbp5500\AF621.jpg
scut_fbp5500,AF622.jpg,2,C:\Users\한국전파진흥협회\Desktop\dataset\combined\images\scut_fbp5500\AF622.jpg
scut_fbp5500,AF623.jpg,3,C:\Users\한국전파진흥협회\Desktop\dataset\combined\images\scut_fbp5500\AF623.jpg
scut_fbp5500,AF624.jpg,3,C:\Users\한국전파진흥협회\Desktop\dataset\combined\images\scut_fbp5500\AF624.jpg
scut_fbp5500,AF625.jpg,3,C:\Users\한국전파진흥협회\Desktop\dataset\combined\images\scut_fbp5500\AF625.jpg
scut_fbp5500,AF626.jpg,3,C:\Users\한국전파진흥협회\Desktop\dataset\combined\images\scut_fbp5500\AF626.jpg
scut_fbp5500,AF627.jpg,3,C:\Users\한국전파진흥협회\Desktop\dataset\combined\images\scut_fbp5500\AF627.jpg
scut_fbp5500,AF628.jpg,3,C:\Users\한국전파진흥협회\Desktop\dataset\combined\images\scut_fbp5500\AF628.jpg
scut_fbp5500,AF629.jpg,3,C:\Users\한국전파진흥협회\Desktop\dataset\combined\images\scut_fbp5500\AF629.jpg
scut_fbp5500,AF630.jpg,4,C:\Users\한국전파진흥협회\Desktop\dataset\combined\images\scut_fbp5500\AF630.jpg
scut_fbp5500,AF631.jpg,3,C:\Users\한국전파진흥협회\Desktop\dataset\combined\images\scut_fbp5500\AF631.jpg
scut_fbp5500,AF632.jpg,2,C:\Users\한국전파진흥협회\Desktop\dataset\combined\images\scut_fbp5500\AF632.jpg
scut_fbp5500,AF633.jpg,4,C:\Users\한국전파진흥협회\Desktop\dataset\combined\images\scut_fbp5500\AF633.jpg
scut_fbp5500,AF634.jpg,3,C:\Users\한국전파진흥협회\Desktop\dataset\combined\images\scut_fbp5500\AF634.jpg
scut_fbp5500,AF635.jpg,3,C:\Users\한국전파진흥협회\Desktop\dataset\combined\images\scut_fbp5500\AF635.jpg
scut_fbp5500,AF636.jpg,4,C:\Users\한국전파진흥협회\Desktop\dataset\combined\images\scut_fbp5500\AF636.jpg
scut_fbp5500,AF637.jpg,3,C:\Users\한국전파진흥협회\Desktop\dataset\combined\images\scut_fbp5500\AF637.jpg
scut_fbp5500,AF638.jpg,2,C:\Users\한국전파진흥협회\Desktop\dataset\combined\images\scut_fbp5500\AF638.jpg
scut_fbp5500,AF639.jpg,4,C:\Users\한국전파진흥협회\Desktop\dataset\combined\images\scut_fbp5500\AF639.jpg
scut_fbp5500,AF640.jpg,3,C:\Users\한국전파진흥협회\Desktop\dataset\combined\images\scut_fbp5500\AF640.jpg
scut_fbp5500,AF641.jpg,2,C:\Users\한국전파진흥협회\Desktop\dataset\combined\images\scut_fbp5500\AF641.jpg
scut_fbp5500,AF642.jpg,3,C:\Users\한국전파진흥협회\Desktop\dataset\combined\images\scut_fbp5500\AF642.jpg
scut_fbp5500,AF643.jpg,2,C:\Users\한국전파진흥협회\Desktop\dataset\combined\images\scut_fbp5500\AF643.jpg
scut_fbp5500,AF644.jpg,3,C:\Users\한국전파진흥협회\Desktop\dataset\combined\images\scut_fbp5500\AF644.jpg
scut_fbp5500,AF645.jpg,3,C:\Users\한국전파진흥협회\Desktop\dataset\combined\images\scut_fbp5500\AF645.jpg
scut_fbp5500,AF646.jpg,4,C:\Users\한국전파진흥협회\Desktop\dataset\combined\images\scut_fbp5500\AF646.jpg
scut_fbp5500,AF647.jpg,4,C:\Users\한국전파진흥협회\Desktop\dataset\combined\images\scut_fbp5500\AF647.jpg
scut_fbp5500,AF648.jpg,3,C:\Users\한국전파진흥협회\Desktop\dataset\combined\images\scut_fbp5500\AF648.jpg
scut_fbp5500,AF649.jpg,2,C:\Users\한국전파진흥협회\Desktop\dataset\combined\images\scut_fbp5500\AF649.jpg
scut_fbp5500,AF650.jpg,2,C:\Users\한국전파진흥협회\Desktop\dataset\combined\images\scut_fbp5500\AF650.jpg
scut_fbp5500,AF651.jpg,3,C:\Users\한국전파진흥협회\Desktop\dataset\combined\images\scut_fbp5500\AF651.jpg
scut_fbp5500,AF652.jpg,3,C:\Users\한국전파진흥협회\Desktop\dataset\combined\images\scut_fbp5500\AF652.jpg
scut_fbp5500,AF653.jpg,3,C:\Users\한국전파진흥협회\Desktop\dataset\combined\images\scut_fbp5500\AF653.jpg
scut_fbp5500,AF654.jpg,3,C:\Users\한국전파진흥협회\Desktop\dataset\combined\images\scut_fbp5500\AF654.jpg
scut_fbp5500,AF655.jpg,3,C:\Users\한국전파진흥협회\Desktop\dataset\combined\images\scut_fbp5500\AF655.jpg
scut_fbp5500,AF656.jpg,3,C:\Users\한국전파진흥협회\Desktop\dataset\combined\images\scut_fbp5500\AF656.jpg
scut_fbp5500,AF657.jpg,2,C:\Users\한국전파진흥협회\Desktop\dataset\combined\images\scut_fbp5500\AF657.jpg
scut_fbp5500,AF658.jpg,3,C:\Users\한국전파진흥협회\Desktop\dataset\combined\images\scut_fbp5500\AF658.jpg
scut_fbp5500,AF659.jpg,3,C:\Users\한국전파진흥협회\Desktop\dataset\combined\images\scut_fbp5500\AF659.jpg
scut_fbp5500,AF660.jpg,3,C:\Users\한국전파진흥협회\Desktop\dataset\combined\images\scut_fbp5500\AF660.jpg
scut_fbp5500,AF661.jpg,2,C:\Users\한국전파진흥협회\Desktop\dataset\combined\images\scut_fbp5500\AF661.jpg
scut_fbp5500,AF662.jpg,3,C:\Users\한국전파진흥협회\Desktop\dataset\combined\images\scut_fbp5500\AF662.jpg
scut_fbp5500,AF663.jpg,3,C:\Users\한국전파진흥협회\Desktop\dataset\combined\images\scut_fbp5500\AF663.jpg
scut_fbp5500,AF664.jpg,2,C:\Users\한국전파진흥협회\Desktop\dataset\combined\images\scut_fbp5500\AF664.jpg
scut_fbp5500,AF665.jpg,3,C:\Users\한국전파진흥협회\Desktop\dataset\combined\images\scut_fbp5500\AF665.jpg
scut_fbp5500,AF666.jpg,3,C:\Users\한국전파진흥협회\Desktop\dataset\combined\images\scut_fbp5500\AF666.jpg
scut_fbp5500,AF667.jpg,2,C:\Users\한국전파진흥협회\Desktop\dataset\combined\images\scut_fbp5500\AF667.jpg
scut_fbp5500,AF668.jpg,2,C:\Users\한국전파진흥협회\Desktop\dataset\combined\images\scut_fbp5500\AF668.jpg
scut_fbp5500,AF669.jpg,3,C:\Users\한국전파진흥협회\Desktop\dataset\combined\images\scut_fbp5500\AF669.jpg
scut_fbp5500,AF670.jpg,3,C:\Users\한국전파진흥협회\Desktop\dataset\combined\images\scut_fbp5500\AF670.jpg
scut_fbp5500,AF671.jpg,3,C:\Users\한국전파진흥협회\Desktop\dataset\combined\images\scut_fbp5500\AF671.jpg
scut_fbp5500,AF672.jpg,2,C:\Users\한국전파진흥협회\Desktop\dataset\combined\images\scut_fbp5500\AF672.jpg
scut_fbp5500,AF673.jpg,3,C:\Users\한국전파진흥협회\Desktop\dataset\combined\images\scut_fbp5500\AF673.jpg
scut_fbp5500,AF674.jpg,3,C:\Users\한국전파진흥협회\Desktop\dataset\combined\images\scut_fbp5500\AF674.jpg
scut_fbp5500,AF675.jpg,4,C:\Users\한국전파진흥협회\Desktop\dataset\combined\images\scut_fbp5500\AF675.jpg
scut_fbp5500,AF676.jpg,3,C:\Users\한국전파진흥협회\Desktop\dataset\combined\images\scut_fbp5500\AF676.jpg
scut_fbp5500,AF677.jpg,2,C:\Users\한국전파진흥협회\Desktop\dataset\combined\images\scut_fbp5500\AF677.jpg
scut_fbp5500,AF678.jpg,4,C:\Users\한국전파진흥협회\Desktop\dataset\combined\images\scut_fbp5500\AF678.jpg
scut_fbp5500,AF679.jpg,3,C:\Users\한국전파진흥협회\Desktop\dataset\combined\images\scut_fbp5500\AF679.jpg
scut_fbp5500,AF680.jpg,2,C:\Users\한국전파진흥협회\Desktop\dataset\combined\images\scut_fbp5500\AF680.jpg
scut_fbp5500,AF681.jpg,3,C:\Users\한국전파진흥협회\Desktop\dataset\combined\images\scut_fbp5500\AF681.jpg
scut_fbp5500,AF682.jpg,4,C:\Users\한국전파진흥협회\Desktop\dataset\combined\images\scut_fbp5500\AF682.jpg
scut_fbp5500,AF683.jpg,3,C:\Users\한국전파진흥협회\Desktop\dataset\combined\images\scut_fbp5500\AF683.jpg
scut_fbp5500,AF684.jpg,3,C:\Users\한국전파진흥협회\Desktop\dataset\combined\images\scut_fbp5500\AF684.jpg
scut_fbp5500,AF685.jpg,4,C:\Users\한국전파진흥협회\Desktop\dataset\combined\images\scut_fbp5500\AF685.jpg
scut_fbp5500,AF686.jpg,3,C:\Users\한국전파진흥협회\Desktop\dataset\combined\images\scut_fbp5500\AF686.jpg
scut_fbp5500,AF687.jpg,3,C:\Users\한국전파진흥협회\Desktop\dataset\combined\images\scut_fbp5500\AF687.jpg
scut_fbp5500,AF688.jpg,2,C:\Users\한국전파진흥협회\Desktop\dataset\combined\images\scut_fbp5500\AF688.jpg
scut_fbp5500,AF689.jpg,3,C:\Users\한국전파진흥협회\Desktop\dataset\combined\images\scut_fbp5500\AF689.jpg
scut_fbp5500,AF690.jpg,4,C:\Users\한국전파진흥협회\Desktop\dataset\combined\images\scut_fbp5500\AF690.jpg
scut_fbp5500,AF691.jpg,2,C:\Users\한국전파진흥협회\Desktop\dataset\combined\images\scut_fbp5500\AF691.jpg
scut_fbp5500,AF692.jpg,2,C:\Users\한국전파진흥협회\Desktop\dataset\combined\images\scut_fbp5500\AF692.jpg
scut_fbp5500,AF693.jpg,3,C:\Users\한국전파진흥협회\Desktop\dataset\combined\images\scut_fbp5500\AF693.jpg
scut_fbp5500,AF694.jpg,2,C:\Users\한국전파진흥협회\Desktop\dataset\combined\images\scut_fbp5500\AF694.jpg
scut_fbp5500,AF695.jpg,5,C:\Users\한국전파진흥협회\Desktop\dataset\combined\images\scut_fbp5500\AF695.jpg
scut_fbp5500,AF696.jpg,2,C:\Users\한국전파진흥협회\Desktop\dataset\combined\images\scut_fbp5500\AF696.jpg
scut_fbp5500,AF697.jpg,3,C:\Users\한국전파진흥협회\Desktop\dataset\combined\images\scut_fbp5500\AF697.jpg
scut_fbp5500,AF698.jpg,2,C:\Users\한국전파진흥협회\Desktop\dataset\combined\images\scut_fbp5500\AF698.jpg
scut_fbp5500,AF699.jpg,3,C:\Users\한국전파진흥협회\Desktop\dataset\combined\images\scut_fbp5500\AF699.jpg
scut_fbp5500,AF700.jpg,2,C:\Users\한국전파진흥협회\Desktop\dataset\combined\images\scut_fbp5500\AF700.jpg
scut_fbp5500,AF701.jpg,3,C:\Users\한국전파진흥협회\Desktop\dataset\combined\images\scut_fbp5500\AF701.jpg
scut_fbp5500,AF702.jpg,3,C:\Users\한국전파진흥협회\Desktop\dataset\combined\images\scut_fbp5500\AF702.jpg
scut_fbp5500,AF703.jpg,2,C:\Users\한국전파진흥협회\Desktop\dataset\combined\images\scut_fbp5500\AF703.jpg
scut_fbp5500,AF704.jpg,3,C:\Users\한국전파진흥협회\Desktop\dataset\combined\images\scut_fbp5500\AF704.jpg
scut_fbp5500,AF705.jpg,2,C:\Users\한국전파진흥협회\Desktop\dataset\combined\images\scut_fbp5500\AF705.jpg
scut_fbp5500,AF706.jpg,2,C:\Users\한국전파진흥협회\Desktop\dataset\combined\images\scut_fbp5500\AF706.jpg
scut_fbp5500,AF707.jpg,2,C:\Users\한국전파진흥협회\Desktop\dataset\combined\images\scut_fbp5500\AF707.jpg
scut_fbp5500,AF708.jpg,2,C:\Users\한국전파진흥협회\Desktop\dataset\combined\images\scut_fbp5500\AF708.jpg
scut_fbp5500,AF709.jpg,3,C:\Users\한국전파진흥협회\Desktop\dataset\combined\images\scut_fbp5500\AF709.jpg
scut_fbp5500,AF710.jpg,2,C:\Users\한국전파진흥협회\Desktop\dataset\combined\images\scut_fbp5500\AF710.jpg
scut_fbp5500,AF711.jpg,3,C:\Users\한국전파진흥협회\Desktop\dataset\combined\images\scut_fbp5500\AF711.jpg
scut_fbp5500,AF712.jpg,3,C:\Users\한국전파진흥협회\Desktop\dataset\combined\images\scut_fbp5500\AF712.jpg
scut_fbp5500,AF713.jpg,3,C:\Users\한국전파진흥협회\Desktop\dataset\combined\images\scut_fbp5500\AF713.jpg
scut_fbp5500,AF714.jpg,3,C:\Users\한국전파진흥협회\Desktop\dataset\combined\images\scut_fbp5500\AF714.jpg
scut_fbp5500,AF715.jpg,4,C:\Users\한국전파진흥협회\Desktop\dataset\combined\images\scut_fbp5500\AF715.jpg
scut_fbp5500,AF716.jpg,2,C:\Users\한국전파진흥협회\Desktop\dataset\combined\images\scut_fbp5500\AF716.jpg
scut_fbp5500,AF717.jpg,2,C:\Users\한국전파진흥협회\Desktop\dataset\combined\images\scut_fbp5500\AF717.jpg
scut_fbp5500,AF718.jpg,3,C:\Users\한국전파진흥협회\Desktop\dataset\combined\images\scut_fbp5500\AF718.jpg
scut_fbp5500,AF719.jpg,2,C:\Users\한국전파진흥협회\Desktop\dataset\combined\images\scut_fbp5500\AF719.jpg
scut_fbp5500,AF720.jpg,4,C:\Users\한국전파진흥협회\Desktop\dataset\combined\images\scut_fbp5500\AF720.jpg
scut_fbp5500,AF721.jpg,3,C:\Users\한국전파진흥협회\Desktop\dataset\combined\images\scut_fbp5500\AF721.jpg
scut_fbp5500,AF722.jpg,4,C:\Users\한국전파진흥협회\Desktop\dataset\combined\images\scut_fbp5500\AF722.jpg
scut_fbp5500,AF723.jpg,3,C:\Users\한국전파진흥협회\Desktop\dataset\combined\images\scut_fbp5500\AF723.jpg
scut_fbp5500,AF724.jpg,4,C:\Users\한국전파진흥협회\Desktop\dataset\combined\images\scut_fbp5500\AF724.jpg
scut_fbp5500,AF725.jpg,3,C:\Users\한국전파진흥협회\Desktop\dataset\combined\images\scut_fbp5500\AF725.jpg
scut_fbp5500,AF726.jpg,3,C:\Users\한국전파진흥협회\Desktop\dataset\combined\images\scut_fbp5500\AF726.jpg
scut_fbp5500,AF727.jpg,3,C:\Users\한국전파진흥협회\Desktop\dataset\combined\images\scut_fbp5500\AF727.jpg
scut_fbp5500,AF728.jpg,2,C:\Users\한국전파진흥협회\Desktop\dataset\combined\images\scut_fbp5500\AF728.jpg
scut_fbp5500,AF729.jpg,3,C:\Users\한국전파진흥협회\Desktop\dataset\combined\images\scut_fbp5500\AF729.jpg
scut_fbp5500,AF730.jpg,3,C:\Users\한국전파진흥협회\Desktop\dataset\combined\images\scut_fbp5500\AF730.jpg
scut_fbp5500,AF731.jpg,4,C:\Users\한국전파진흥협회\Desktop\dataset\combined\images\scut_fbp5500\AF731.jpg
scut_fbp5500,AF732.jpg,3,C:\Users\한국전파진흥협회\Desktop\dataset\combined\images\scut_fbp5500\AF732.jpg
scut_fbp5500,AF733.jpg,3,C:\Users\한국전파진흥협회\Desktop\dataset\combined\images\scut_fbp5500\AF733.jpg
scut_fbp5500,AF734.jpg,3,C:\Users\한국전파진흥협회\Desktop\dataset\combined\images\scut_fbp5500\AF734.jpg
scut_fbp5500,AF735.jpg,3,C:\Users\한국전파진흥협회\Desktop\dataset\combined\images\scut_fbp5500\AF735.jpg
scut_fbp5500,AF736.jpg,2,C:\Users\한국전파진흥협회\Desktop\dataset\combined\images\scut_fbp5500\AF736.jpg
scut_fbp5500,AF737.jpg,3,C:\Users\한국전파진흥협회\Desktop\dataset\combined\images\scut_fbp5500\AF737.jpg
scut_fbp5500,AF738.jpg,4,C:\Users\한국전파진흥협회\Desktop\dataset\combined\images\scut_fbp5500\AF738.jpg
scut_fbp5500,AF739.jpg,2,C:\Users\한국전파진흥협회\Desktop\dataset\combined\images\scut_fbp5500\AF739.jpg
scut_fbp5500,AF740.jpg,3,C:\Users\한국전파진흥협회\Desktop\dataset\combined\images\scut_fbp5500\AF740.jpg
scut_fbp5500,AF741.jpg,3,C:\Users\한국전파진흥협회\Desktop\dataset\combined\images\scut_fbp5500\AF741.jpg
scut_fbp5500,AF742.jpg,3,C:\Users\한국전파진흥협회\Desktop\dataset\combined\images\scut_fbp5500\AF742.jpg
scut_fbp5500,AF743.jpg,3,C:\Users\한국전파진흥협회\Desktop\dataset\combined\images\scut_fbp5500\AF743.jpg
scut_fbp5500,AF744.jpg,2,C:\Users\한국전파진흥협회\Desktop\dataset\combined\images\scut_fbp5500\AF744.jpg
scut_fbp5500,AF745.jpg,3,C:\Users\한국전파진흥협회\Desktop\dataset\combined\images\scut_fbp5500\AF745.jpg
scut_fbp5500,AF746.jpg,3,C:\Users\한국전파진흥협회\Desktop\dataset\combined\images\scut_fbp5500\AF746.jpg
scut_fbp5500,AF747.jpg,3,C:\Users\한국전파진흥협회\Desktop\dataset\combined\images\scut_fbp5500\AF747.jpg
scut_fbp5500,AF748.jpg,3,C:\Users\한국전파진흥협회\Desktop\dataset\combined\images\scut_fbp5500\AF748.jpg
scut_fbp5500,AF749.jpg,3,C:\Users\한국전파진흥협회\Desktop\dataset\combined\images\scut_fbp5500\AF749.jpg
scut_fbp5500,AF750.jpg,4,C:\Users\한국전파진흥협회\Desktop\dataset\combined\images\scut_fbp5500\AF750.jpg
scut_fbp5500,AF751.jpg,3,C:\Users\한국전파진흥협회\Desktop\dataset\combined\images\scut_fbp5500\AF751.jpg
scut_fbp5500,AF752.jpg,2,C:\Users\한국전파진흥협회\Desktop\dataset\combined\images\scut_fbp5500\AF752.jpg
scut_fbp5500,AF753.jpg,4,C:\Users\한국전파진흥협회\Desktop\dataset\combined\images\scut_fbp5500\AF753.jpg
scut_fbp5500,AF754.jpg,2,C:\Users\한국전파진흥협회\Desktop\dataset\combined\images\scut_fbp5500\AF754.jpg
scut_fbp5500,AF755.jpg,4,C:\Users\한국전파진흥협회\Desktop\dataset\combined\images\scut_fbp5500\AF755.jpg
scut_fbp5500,AF756.jpg,1,C:\Users\한국전파진흥협회\Desktop\dataset\combined\images\scut_fbp5500\AF756.jpg
scut_fbp5500,AF757.jpg,1,C:\Users\한국전파진흥협회\Desktop\dataset\combined\images\scut_fbp5500\AF757.jpg
scut_fbp5500,AF758.jpg,4,C:\Users\한국전파진흥협회\Desktop\dataset\combined\images\scut_fbp5500\AF758.jpg
scut_fbp5500,AF759.jpg,2,C:\Users\한국전파진흥협회\Desktop\dataset\combined\images\scut_fbp5500\AF759.jpg
scut_fbp5500,AF760.jpg,3,C:\Users\한국전파진흥협회\Desktop\dataset\combined\images\scut_fbp5500\AF760.jpg
scut_fbp5500,AF761.jpg,2,C:\Users\한국전파진흥협회\Desktop\dataset\combined\images\scut_fbp5500\AF761.jpg
scut_fbp5500,AF762.jpg,4,C:\Users\한국전파진흥협회\Desktop\dataset\combined\images\scut_fbp5500\AF762.jpg
scut_fbp5500,AF763.jpg,3,C:\Users\한국전파진흥협회\Desktop\dataset\combined\images\scut_fbp5500\AF763.jpg
scut_fbp5500,AF764.jpg,3,C:\Users\한국전파진흥협회\Desktop\dataset\combined\images\scut_fbp5500\AF764.jpg
scut_fbp5500,AF765.jpg,3,C:\Users\한국전파진흥협회\Desktop\dataset\combined\images\scut_fbp5500\AF765.jpg
scut_fbp5500,AF766.jpg,2,C:\Users\한국전파진흥협회\Desktop\dataset\combined\images\scut_fbp5500\AF766.jpg
scut_fbp5500,AF767.jpg,3,C:\Users\한국전파진흥협회\Desktop\dataset\combined\images\scut_fbp5500\AF767.jpg
scut_fbp5500,AF768.jpg,3,C:\Users\한국전파진흥협회\Desktop\dataset\combined\images\scut_fbp5500\AF768.jpg
scut_fbp5500,AF769.jpg,3,C:\Users\한국전파진흥협회\Desktop\dataset\combined\images\scut_fbp5500\AF769.jpg
scut_fbp5500,AF770.jpg,4,C:\Users\한국전파진흥협회\Desktop\dataset\combined\images\scut_fbp5500\AF770.jpg
scut_fbp5500,AF771.jpg,3,C:\Users\한국전파진흥협회\Desktop\dataset\combined\images\scut_fbp5500\AF771.jpg
scut_fbp5500,AF772.jpg,4,C:\Users\한국전파진흥협회\Desktop\dataset\combined\images\scut_fbp5500\AF772.jpg
scut_fbp5500,AF773.jpg,3,C:\Users\한국전파진흥협회\Desktop\dataset\combined\images\scut_fbp5500\AF773.jpg
scut_fbp5500,AF774.jpg,3,C:\Users\한국전파진흥협회\Desktop\dataset\combined\images\scut_fbp5500\AF774.jpg
scut_fbp5500,AF775.jpg,2,C:\Users\한국전파진흥협회\Desktop\dataset\combined\images\scut_fbp5500\AF775.jpg
scut_fbp5500,AF776.jpg,3,C:\Users\한국전파진흥협회\Desktop\dataset\combined\images\scut_fbp5500\AF776.jpg
scut_fbp5500,AF777.jpg,2,C:\Users\한국전파진흥협회\Desktop\dataset\combined\images\scut_fbp5500\AF777.jpg
scut_fbp5500,AF778.jpg,3,C:\Users\한국전파진흥협회\Desktop\dataset\combined\images\scut_fbp5500\AF778.jpg
scut_fbp5500,AF779.jpg,4,C:\Users\한국전파진흥협회\Desktop\dataset\combined\images\scut_fbp5500\AF779.jpg
scut_fbp5500,AF780.jpg,3,C:\Users\한국전파진흥협회\Desktop\dataset\combined\images\scut_fbp5500\AF780.jpg
scut_fbp5500,AF781.jpg,3,C:\Users\한국전파진흥협회\Desktop\dataset\combined\images\scut_fbp5500\AF781.jpg
scut_fbp5500,AF782.jpg,3,C:\Users\한국전파진흥협회\Desktop\dataset\combined\images\scut_fbp5500\AF782.jpg
scut_fbp5500,AF783.jpg,4,C:\Users\한국전파진흥협회\Desktop\dataset\combined\images\scut_fbp5500\AF783.jpg
scut_fbp5500,AF784.jpg,3,C:\Users\한국전파진흥협회\Desktop\dataset\combined\images\scut_fbp5500\AF784.jpg
scut_fbp5500,AF785.jpg,3,C:\Users\한국전파진흥협회\Desktop\dataset\combined\images\scut_fbp5500\AF785.jpg
scut_fbp5500,AF786.jpg,3,C:\Users\한국전파진흥협회\Desktop\dataset\combined\images\scut_fbp5500\AF786.jpg
scut_fbp5500,AF787.jpg,2,C:\Users\한국전파진흥협회\Desktop\dataset\combined\images\scut_fbp5500\AF787.jpg
scut_fbp5500,AF788.jpg,1,C:\Users\한국전파진흥협회\Desktop\dataset\combined\images\scut_fbp5500\AF788.jpg
scut_fbp5500,AF789.jpg,2,C:\Users\한국전파진흥협회\Desktop\dataset\combined\images\scut_fbp5500\AF789.jpg
scut_fbp5500,AF790.jpg,3,C:\Users\한국전파진흥협회\Desktop\dataset\combined\images\scut_fbp5500\AF790.jpg
scut_fbp5500,AF791.jpg,3,C:\Users\한국전파진흥협회\Desktop\dataset\combined\images\scut_fbp5500\AF791.jpg
scut_fbp5500,AF792.jpg,3,C:\Users\한국전파진흥협회\Desktop\dataset\combined\images\scut_fbp5500\AF792.jpg
scut_fbp5500,AF793.jpg,3,C:\Users\한국전파진흥협회\Desktop\dataset\combined\images\scut_fbp5500\AF793.jpg
scut_fbp5500,AF794.jpg,3,C:\Users\한국전파진흥협회\Desktop\dataset\combined\images\scut_fbp5500\AF794.jpg
scut_fbp5500,AF795.jpg,3,C:\Users\한국전파진흥협회\Desktop\dataset\combined\images\scut_fbp5500\AF795.jpg
scut_fbp5500,AF796.jpg,3,C:\Users\한국전파진흥협회\Desktop\dataset\combined\images\scut_fbp5500\AF796.jpg
scut_fbp5500,AF797.jpg,3,C:\Users\한국전파진흥협회\Desktop\dataset\combined\images\scut_fbp5500\AF797.jpg
scut_fbp5500,AF798.jpg,4,C:\Users\한국전파진흥협회\Desktop\dataset\combined\images\scut_fbp5500\AF798.jpg
scut_fbp5500,AF799.jpg,3,C:\Users\한국전파진흥협회\Desktop\dataset\combined\images\scut_fbp5500\AF799.jpg
scut_fbp5500,AF800.jpg,2,C:\Users\한국전파진흥협회\Desktop\dataset\combined\images\scut_fbp5500\AF800.jpg
scut_fbp5500,AF801.jpg,3,C:\Users\한국전파진흥협회\Desktop\dataset\combined\images\scut_fbp5500\AF801.jpg
scut_fbp5500,AF802.jpg,3,C:\Users\한국전파진흥협회\Desktop\dataset\combined\images\scut_fbp5500\AF802.jpg
scut_fbp5500,AF803.jpg,3,C:\Users\한국전파진흥협회\Desktop\dataset\combined\images\scut_fbp5500\AF803.jpg
scut_fbp5500,AF804.jpg,3,C:\Users\한국전파진흥협회\Desktop\dataset\combined\images\scut_fbp5500\AF804.jpg
scut_fbp5500,AF805.jpg,2,C:\Users\한국전파진흥협회\Desktop\dataset\combined\images\scut_fbp5500\AF805.jpg
scut_fbp5500,AF806.jpg,2,C:\Users\한국전파진흥협회\Desktop\dataset\combined\images\scut_fbp5500\AF806.jpg
scut_fbp5500,AF807.jpg,3,C:\Users\한국전파진흥협회\Desktop\dataset\combined\images\scut_fbp5500\AF807.jpg
scut_fbp5500,AF808.jpg,2,C:\Users\한국전파진흥협회\Desktop\dataset\combined\images\scut_fbp5500\AF808.jpg
scut_fbp5500,AF809.jpg,3,C:\Users\한국전파진흥협회\Desktop\dataset\combined\images\scut_fbp5500\AF809.jpg
scut_fbp5500,AF810.jpg,3,C:\Users\한국전파진흥협회\Desktop\dataset\combined\images\scut_fbp5500\AF810.jpg
scut_fbp5500,AF811.jpg,2,C:\Users\한국전파진흥협회\Desktop\dataset\combined\images\scut_fbp5500\AF811.jpg
scut_fbp5500,AF812.jpg,4,C:\Users\한국전파진흥협회\Desktop\dataset\combined\images\scut_fbp5500\AF812.jpg
scut_fbp5500,AF813.jpg,3,C:\Users\한국전파진흥협회\Desktop\dataset\combined\images\scut_fbp5500\AF813.jpg
scut_fbp5500,AF814.jpg,3,C:\Users\한국전파진흥협회\Desktop\dataset\combined\images\scut_fbp5500\AF814.jpg
scut_fbp5500,AF815.jpg,1,C:\Users\한국전파진흥협회\Desktop\dataset\combined\images\scut_fbp5500\AF815.jpg
scut_fbp5500,AF816.jpg,3,C:\Users\한국전파진흥협회\Desktop\dataset\combined\images\scut_fbp5500\AF816.jpg
scut_fbp5500,AF817.jpg,3,C:\Users\한국전파진흥협회\Desktop\dataset\combined\images\scut_fbp5500\AF817.jpg
scut_fbp5500,AF818.jpg,3,C:\Users\한국전파진흥협회\Desktop\dataset\combined\images\scut_fbp5500\AF818.jpg
scut_fbp5500,AF819.jpg,3,C:\Users\한국전파진흥협회\Desktop\dataset\combined\images\scut_fbp5500\AF819.jpg
scut_fbp5500,AF820.jpg,3,C:\Users\한국전파진흥협회\Desktop\dataset\combined\images\scut_fbp5500\AF820.jpg
scut_fbp5500,AF821.jpg,2,C:\Users\한국전파진흥협회\Desktop\dataset\combined\images\scut_fbp5500\AF821.jpg
scut_fbp5500,AF822.jpg,2,C:\Users\한국전파진흥협회\Desktop\dataset\combined\images\scut_fbp5500\AF822.jpg
scut_fbp5500,AF823.jpg,3,C:\Users\한국전파진흥협회\Desktop\dataset\combined\images\scut_fbp5500\AF823.jpg
scut_fbp5500,AF824.jpg,2,C:\Users\한국전파진흥협회\Desktop\dataset\combined\images\scut_fbp5500\AF824.jpg
scut_fbp5500,AF825.jpg,3,C:\Users\한국전파진흥협회\Desktop\dataset\combined\images\scut_fbp5500\AF825.jpg
scut_fbp5500,AF826.jpg,3,C:\Users\한국전파진흥협회\Desktop\dataset\combined\images\scut_fbp5500\AF826.jpg
scut_fbp5500,AF827.jpg,3,C:\Users\한국전파진흥협회\Desktop\dataset\combined\images\scut_fbp5500\AF827.jpg
scut_fbp5500,AF828.jpg,2,C:\Users\한국전파진흥협회\Desktop\dataset\combined\images\scut_fbp5500\AF828.jpg
scut_fbp5500,AF829.jpg,2,C:\Users\한국전파진흥협회\Desktop\dataset\combined\images\scut_fbp5500\AF829.jpg
scut_fbp5500,AF830.jpg,3,C:\Users\한국전파진흥협회\Desktop\dataset\combined\images\scut_fbp5500\AF830.jpg
scut_fbp5500,AF831.jpg,2,C:\Users\한국전파진흥협회\Desktop\dataset\combined\images\scut_fbp5500\AF831.jpg
scut_fbp5500,AF832.jpg,3,C:\Users\한국전파진흥협회\Desktop\dataset\combined\images\scut_fbp5500\AF832.jpg
scut_fbp5500,AF833.jpg,3,C:\Users\한국전파진흥협회\Desktop\dataset\combined\images\scut_fbp5500\AF833.jpg
scut_fbp5500,AF834.jpg,3,C:\Users\한국전파진흥협회\Desktop\dataset\combined\images\scut_fbp5500\AF834.jpg
scut_fbp5500,AF835.jpg,3,C:\Users\한국전파진흥협회\Desktop\dataset\combined\images\scut_fbp5500\AF835.jpg
scut_fbp5500,AF836.jpg,4,C:\Users\한국전파진흥협회\Desktop\dataset\combined\images\scut_fbp5500\AF836.jpg
scut_fbp5500,AF837.jpg,2,C:\Users\한국전파진흥협회\Desktop\dataset\combined\images\scut_fbp5500\AF837.jpg
scut_fbp5500,AF838.jpg,4,C:\Users\한국전파진흥협회\Desktop\dataset\combined\images\scut_fbp5500\AF838.jpg
scut_fbp5500,AF839.jpg,3,C:\Users\한국전파진흥협회\Desktop\dataset\combined\images\scut_fbp5500\AF839.jpg
scut_fbp5500,AF840.jpg,4,C:\Users\한국전파진흥협회\Desktop\dataset\combined\images\scut_fbp5500\AF840.jpg
scut_fbp5500,AF841.jpg,2,C:\Users\한국전파진흥협회\Desktop\dataset\combined\images\scut_fbp5500\AF841.jpg
scut_fbp5500,AF842.jpg,3,C:\Users\한국전파진흥협회\Desktop\dataset\combined\images\scut_fbp5500\AF842.jpg
scut_fbp5500,AF843.jpg,2,C:\Users\한국전파진흥협회\Desktop\dataset\combined\images\scut_fbp5500\AF843.jpg
scut_fbp5500,AF844.jpg,3,C:\Users\한국전파진흥협회\Desktop\dataset\combined\images\scut_fbp5500\AF844.jpg
scut_fbp5500,AF845.jpg,3,C:\Users\한국전파진흥협회\Desktop\dataset\combined\images\scut_fbp5500\AF845.jpg
scut_fbp5500,AF846.jpg,2,C:\Users\한국전파진흥협회\Desktop\dataset\combined\images\scut_fbp5500\AF846.jpg
scut_fbp5500,AF847.jpg,3,C:\Users\한국전파진흥협회\Desktop\dataset\combined\images\scut_fbp5500\AF847.jpg
scut_fbp5500,AF848.jpg,3,C:\Users\한국전파진흥협회\Desktop\dataset\combined\images\scut_fbp5500\AF848.jpg
scut_fbp5500,AF849.jpg,3,C:\Users\한국전파진흥협회\Desktop\dataset\combined\images\scut_fbp5500\AF849.jpg
scut_fbp5500,AF850.jpg,4,C:\Users\한국전파진흥협회\Desktop\dataset\combined\images\scut_fbp5500\AF850.jpg
scut_fbp5500,AF851.jpg,2,C:\Users\한국전파진흥협회\Desktop\dataset\combined\images\scut_fbp5500\AF851.jpg
scut_fbp5500,AF852.jpg,3,C:\Users\한국전파진흥협회\Desktop\dataset\combined\images\scut_fbp5500\AF852.jpg
scut_fbp5500,AF853.jpg,3,C:\Users\한국전파진흥협회\Desktop\dataset\combined\images\scut_fbp5500\AF853.jpg
scut_fbp5500,AF854.jpg,3,C:\Users\한국전파진흥협회\Desktop\dataset\combined\images\scut_fbp5500\AF854.jpg
scut_fbp5500,AF855.jpg,4,C:\Users\한국전파진흥협회\Desktop\dataset\combined\images\scut_fbp5500\AF855.jpg
scut_fbp5500,AF856.jpg,3,C:\Users\한국전파진흥협회\Desktop\dataset\combined\images\scut_fbp5500\AF856.jpg
scut_fbp5500,AF857.jpg,2,C:\Users\한국전파진흥협회\Desktop\dataset\combined\images\scut_fbp5500\AF857.jpg
scut_fbp5500,AF858.jpg,4,C:\Users\한국전파진흥협회\Desktop\dataset\combined\images\scut_fbp5500\AF858.jpg
scut_fbp5500,AF859.jpg,3,C:\Users\한국전파진흥협회\Desktop\dataset\combined\images\scut_fbp5500\AF859.jpg
scut_fbp5500,AF860.jpg,4,C:\Users\한국전파진흥협회\Desktop\dataset\combined\images\scut_fbp5500\AF860.jpg
scut_fbp5500,AF861.jpg,3,C:\Users\한국전파진흥협회\Desktop\dataset\combined\images\scut_fbp5500\AF861.jpg
scut_fbp5500,AF862.jpg,4,C:\Users\한국전파진흥협회\Desktop\dataset\combined\images\scut_fbp5500\AF862.jpg
scut_fbp5500,AF863.jpg,3,C:\Users\한국전파진흥협회\Desktop\dataset\combined\images\scut_fbp5500\AF863.jpg
scut_fbp5500,AF864.jpg,3,C:\Users\한국전파진흥협회\Desktop\dataset\combined\images\scut_fbp5500\AF864.jpg
scut_fbp5500,AF865.jpg,2,C:\Users\한국전파진흥협회\Desktop\dataset\combined\images\scut_fbp5500\AF865.jpg
scut_fbp5500,AF866.jpg,2,C:\Users\한국전파진흥협회\Desktop\dataset\combined\images\scut_fbp5500\AF866.jpg
scut_fbp5500,AF867.jpg,4,C:\Users\한국전파진흥협회\Desktop\dataset\combined\images\scut_fbp5500\AF867.jpg
scut_fbp5500,AF868.jpg,2,C:\Users\한국전파진흥협회\Desktop\dataset\combined\images\scut_fbp5500\AF868.jpg
scut_fbp5500,AF869.jpg,4,C:\Users\한국전파진흥협회\Desktop\dataset\combined\images\scut_fbp5500\AF869.jpg
scut_fbp5500,AF870.jpg,3,C:\Users\한국전파진흥협회\Desktop\dataset\combined\images\scut_fbp5500\AF870.jpg
scut_fbp5500,AF871.jpg,3,C:\Users\한국전파진흥협회\Desktop\dataset\combined\images\scut_fbp5500\AF871.jpg
scut_fbp5500,AF872.jpg,4,C:\Users\한국전파진흥협회\Desktop\dataset\combined\images\scut_fbp5500\AF872.jpg
scut_fbp5500,AF873.jpg,3,C:\Users\한국전파진흥협회\Desktop\dataset\combined\images\scut_fbp5500\AF873.jpg
scut_fbp5500,AF874.jpg,3,C:\Users\한국전파진흥협회\Desktop\dataset\combined\images\scut_fbp5500\AF874.jpg
scut_fbp5500,AF875.jpg,3,C:\Users\한국전파진흥협회\Desktop\dataset\combined\images\scut_fbp5500\AF875.jpg
scut_fbp5500,AF876.jpg,3,C:\Users\한국전파진흥협회\Desktop\dataset\combined\images\scut_fbp5500\AF876.jpg
scut_fbp5500,AF877.jpg,4,C:\Users\한국전파진흥협회\Desktop\dataset\combined\images\scut_fbp5500\AF877.jpg
scut_fbp5500,AF878.jpg,3,C:\Users\한국전파진흥협회\Desktop\dataset\combined\images\scut_fbp5500\AF878.jpg
scut_fbp5500,AF879.jpg,3,C:\Users\한국전파진흥협회\Desktop\dataset\combined\images\scut_fbp5500\AF879.jpg
scut_fbp5500,AF880.jpg,4,C:\Users\한국전파진흥협회\Desktop\dataset\combined\images\scut_fbp5500\AF880.jpg
scut_fbp5500,AF881.jpg,4,C:\Users\한국전파진흥협회\Desktop\dataset\combined\images\scut_fbp5500\AF881.jpg
scut_fbp5500,AF882.jpg,4,C:\Users\한국전파진흥협회\Desktop\dataset\combined\images\scut_fbp5500\AF882.jpg
scut_fbp5500,AF883.jpg,3,C:\Users\한국전파진흥협회\Desktop\dataset\combined\images\scut_fbp5500\AF883.jpg
scut_fbp5500,AF884.jpg,2,C:\Users\한국전파진흥협회\Desktop\dataset\combined\images\scut_fbp5500\AF884.jpg
scut_fbp5500,AF885.jpg,4,C:\Users\한국전파진흥협회\Desktop\dataset\combined\images\scut_fbp5500\AF885.jpg
scut_fbp5500,AF886.jpg,2,C:\Users\한국전파진흥협회\Desktop\dataset\combined\images\scut_fbp5500\AF886.jpg
scut_fbp5500,AF887.jpg,2,C:\Users\한국전파진흥협회\Desktop\dataset\combined\images\scut_fbp5500\AF887.jpg
scut_fbp5500,AF888.jpg,3,C:\Users\한국전파진흥협회\Desktop\dataset\combined\images\scut_fbp5500\AF888.jpg
scut_fbp5500,AF889.jpg,3,C:\Users\한국전파진흥협회\Desktop\dataset\combined\images\scut_fbp5500\AF889.jpg
scut_fbp5500,AF890.jpg,3,C:\Users\한국전파진흥협회\Desktop\dataset\combined\images\scut_fbp5500\AF890.jpg
scut_fbp5500,AF891.jpg,2,C:\Users\한국전파진흥협회\Desktop\dataset\combined\images\scut_fbp5500\AF891.jpg
scut_fbp5500,AF892.jpg,4,C:\Users\한국전파진흥협회\Desktop\dataset\combined\images\scut_fbp5500\AF892.jpg
scut_fbp5500,AF893.jpg,3,C:\Users\한국전파진흥협회\Desktop\dataset\combined\images\scut_fbp5500\AF893.jpg
scut_fbp5500,AF894.jpg,3,C:\Users\한국전파진흥협회\Desktop\dataset\combined\images\scut_fbp5500\AF894.jpg
scut_fbp5500,AF895.jpg,4,C:\Users\한국전파진흥협회\Desktop\dataset\combined\images\scut_fbp5500\AF895.jpg
scut_fbp5500,AF896.jpg,3,C:\Users\한국전파진흥협회\Desktop\dataset\combined\images\scut_fbp5500\AF896.jpg
scut_fbp5500,AF897.jpg,4,C:\Users\한국전파진흥협회\Desktop\dataset\combined\images\scut_fbp5500\AF897.jpg
scut_fbp5500,AF898.jpg,4,C:\Users\한국전파진흥협회\Desktop\dataset\combined\images\scut_fbp5500\AF898.jpg
scut_fbp5500,AF899.jpg,3,C:\Users\한국전파진흥협회\Desktop\dataset\combined\images\scut_fbp5500\AF899.jpg
scut_fbp5500,AF900.jpg,3,C:\Users\한국전파진흥협회\Desktop\dataset\combined\images\scut_fbp5500\AF900.jpg
scut_fbp5500,AF901.jpg,2,C:\Users\한국전파진흥협회\Desktop\dataset\combined\images\scut_fbp5500\AF901.jpg
scut_fbp5500,AF902.jpg,3,C:\Users\한국전파진흥협회\Desktop\dataset\combined\images\scut_fbp5500\AF902.jpg
scut_fbp5500,AF903.jpg,3,C:\Users\한국전파진흥협회\Desktop\dataset\combined\images\scut_fbp5500\AF903.jpg
scut_fbp5500,AF904.jpg,3,C:\Users\한국전파진흥협회\Desktop\dataset\combined\images\scut_fbp5500\AF904.jpg
scut_fbp5500,AF905.jpg,4,C:\Users\한국전파진흥협회\Desktop\dataset\combined\images\scut_fbp5500\AF905.jpg
scut_fbp5500,AF906.jpg,3,C:\Users\한국전파진흥협회\Desktop\dataset\combined\images\scut_fbp5500\AF906.jpg
scut_fbp5500,AF907.jpg,2,C:\Users\한국전파진흥협회\Desktop\dataset\combined\images\scut_fbp5500\AF907.jpg
scut_fbp5500,AF908.jpg,3,C:\Users\한국전파진흥협회\Desktop\dataset\combined\images\scut_fbp5500\AF908.jpg
scut_fbp5500,AF909.jpg,4,C:\Users\한국전파진흥협회\Desktop\dataset\combined\images\scut_fbp5500\AF909.jpg
scut_fbp5500,AF910.jpg,3,C:\Users\한국전파진흥협회\Desktop\dataset\combined\images\scut_fbp5500\AF910.jpg
scut_fbp5500,AF911.jpg,2,C:\Users\한국전파진흥협회\Desktop\dataset\combined\images\scut_fbp5500\AF911.jpg
scut_fbp5500,AF912.jpg,4,C:\Users\한국전파진흥협회\Desktop\dataset\combined\images\scut_fbp5500\AF912.jpg
scut_fbp5500,AF913.jpg,3,C:\Users\한국전파진흥협회\Desktop\dataset\combined\images\scut_fbp5500\AF913.jpg
scut_fbp5500,AF914.jpg,4,C:\Users\한국전파진흥협회\Desktop\dataset\combined\images\scut_fbp5500\AF914.jpg
scut_fbp5500,AF915.jpg,3,C:\Users\한국전파진흥협회\Desktop\dataset\combined\images\scut_fbp5500\AF915.jpg
scut_fbp5500,AF916.jpg,3,C:\Users\한국전파진흥협회\Desktop\dataset\combined\images\scut_fbp5500\AF916.jpg
scut_fbp5500,AF917.jpg,1,C:\Users\한국전파진흥협회\Desktop\dataset\combined\images\scut_fbp5500\AF917.jpg
scut_fbp5500,AF918.jpg,2,C:\Users\한국전파진흥협회\Desktop\dataset\combined\images\scut_fbp5500\AF918.jpg
scut_fbp5500,AF919.jpg,3,C:\Users\한국전파진흥협회\Desktop\dataset\combined\images\scut_fbp5500\AF919.jpg
scut_fbp5500,AF920.jpg,3,C:\Users\한국전파진흥협회\Desktop\dataset\combined\images\scut_fbp5500\AF920.jpg
scut_fbp5500,AF921.jpg,4,C:\Users\한국전파진흥협회\Desktop\dataset\combined\images\scut_fbp5500\AF921.jpg
scut_fbp5500,AF922.jpg,2,C:\Users\한국전파진흥협회\Desktop\dataset\combined\images\scut_fbp5500\AF922.jpg
scut_fbp5500,AF923.jpg,3,C:\Users\한국전파진흥협회\Desktop\dataset\combined\images\scut_fbp5500\AF923.jpg
scut_fbp5500,AF924.jpg,3,C:\Users\한국전파진흥협회\Desktop\dataset\combined\images\scut_fbp5500\AF924.jpg
scut_fbp5500,AF925.jpg,2,C:\Users\한국전파진흥협회\Desktop\dataset\combined\images\scut_fbp5500\AF925.jpg
scut_fbp5500,AF926.jpg,4,C:\Users\한국전파진흥협회\Desktop\dataset\combined\images\scut_fbp5500\AF926.jpg
scut_fbp5500,AF927.jpg,3,C:\Users\한국전파진흥협회\Desktop\dataset\combined\images\scut_fbp5500\AF927.jpg
scut_fbp5500,AF928.jpg,4,C:\Users\한국전파진흥협회\Desktop\dataset\combined\images\scut_fbp5500\AF928.jpg
scut_fbp5500,AF929.jpg,4,C:\Users\한국전파진흥협회\Desktop\dataset\combined\images\scut_fbp5500\AF929.jpg
scut_fbp5500,AF930.jpg,4,C:\Users\한국전파진흥협회\Desktop\dataset\combined\images\scut_fbp5500\AF930.jpg
scut_fbp5500,AF931.jpg,3,C:\Users\한국전파진흥협회\Desktop\dataset\combined\images\scut_fbp5500\AF931.jpg
scut_fbp5500,AF932.jpg,3,C:\Users\한국전파진흥협회\Desktop\dataset\combined\images\scut_fbp5500\AF932.jpg
scut_fbp5500,AF933.jpg,4,C:\Users\한국전파진흥협회\Desktop\dataset\combined\images\scut_fbp5500\AF933.jpg
scut_fbp5500,AF934.jpg,4,C:\Users\한국전파진흥협회\Desktop\dataset\combined\images\scut_fbp5500\AF934.jpg
scut_fbp5500,AF935.jpg,3,C:\Users\한국전파진흥협회\Desktop\dataset\combined\images\scut_fbp5500\AF935.jpg
scut_fbp5500,AF936.jpg,3,C:\Users\한국전파진흥협회\Desktop\dataset\combined\images\scut_fbp5500\AF936.jpg
scut_fbp5500,AF937.jpg,3,C:\Users\한국전파진흥협회\Desktop\dataset\combined\images\scut_fbp5500\AF937.jpg
scut_fbp5500,AF938.jpg,4,C:\Users\한국전파진흥협회\Desktop\dataset\combined\images\scut_fbp5500\AF938.jpg
scut_fbp5500,AF939.jpg,2,C:\Users\한국전파진흥협회\Desktop\dataset\combined\images\scut_fbp5500\AF939.jpg
scut_fbp5500,AF940.jpg,3,C:\Users\한국전파진흥협회\Desktop\dataset\combined\images\scut_fbp5500\AF940.jpg
scut_fbp5500,AF941.jpg,2,C:\Users\한국전파진흥협회\Desktop\dataset\combined\images\scut_fbp5500\AF941.jpg
scut_fbp5500,AF942.jpg,4,C:\Users\한국전파진흥협회\Desktop\dataset\combined\images\scut_fbp5500\AF942.jpg
scut_fbp5500,AF943.jpg,2,C:\Users\한국전파진흥협회\Desktop\dataset\combined\images\scut_fbp5500\AF943.jpg
scut_fbp5500,AF944.jpg,4,C:\Users\한국전파진흥협회\Desktop\dataset\combined\images\scut_fbp5500\AF944.jpg
scut_fbp5500,AF945.jpg,3,C:\Users\한국전파진흥협회\Desktop\dataset\combined\images\scut_fbp5500\AF945.jpg
scut_fbp5500,AF946.jpg,4,C:\Users\한국전파진흥협회\Desktop\dataset\combined\images\scut_fbp5500\AF946.jpg
scut_fbp5500,AF947.jpg,3,C:\Users\한국전파진흥협회\Desktop\dataset\combined\images\scut_fbp5500\AF947.jpg
scut_fbp5500,AF948.jpg,3,C:\Users\한국전파진흥협회\Desktop\dataset\combined\images\scut_fbp5500\AF948.jpg
scut_fbp5500,AF949.jpg,3,C:\Users\한국전파진흥협회\Desktop\dataset\combined\images\scut_fbp5500\AF949.jpg
scut_fbp5500,AF950.jpg,4,C:\Users\한국전파진흥협회\Desktop\dataset\combined\images\scut_fbp5500\AF950.jpg
scut_fbp5500,AF951.jpg,3,C:\Users\한국전파진흥협회\Desktop\dataset\combined\images\scut_fbp5500\AF951.jpg
scut_fbp5500,AF952.jpg,3,C:\Users\한국전파진흥협회\Desktop\dataset\combined\images\scut_fbp5500\AF952.jpg
scut_fbp5500,AF953.jpg,4,C:\Users\한국전파진흥협회\Desktop\dataset\combined\images\scut_fbp5500\AF953.jpg
scut_fbp5500,AF954.jpg,4,C:\Users\한국전파진흥협회\Desktop\dataset\combined\images\scut_fbp5500\AF954.jpg
scut_fbp5500,AF955.jpg,4,C:\Users\한국전파진흥협회\Desktop\dataset\combined\images\scut_fbp5500\AF955.jpg
scut_fbp5500,AF956.jpg,3,C:\Users\한국전파진흥협회\Desktop\dataset\combined\images\scut_fbp5500\AF956.jpg
scut_fbp5500,AF957.jpg,3,C:\Users\한국전파진흥협회\Desktop\dataset\combined\images\scut_fbp5500\AF957.jpg
scut_fbp5500,AF958.jpg,3,C:\Users\한국전파진흥협회\Desktop\dataset\combined\images\scut_fbp5500\AF958.jpg
scut_fbp5500,AF959.jpg,3,C:\Users\한국전파진흥협회\Desktop\dataset\combined\images\scut_fbp5500\AF959.jpg
scut_fbp5500,AF960.jpg,2,C:\Users\한국전파진흥협회\Desktop\dataset\combined\images\scut_fbp5500\AF960.jpg
scut_fbp5500,AF961.jpg,4,C:\Users\한국전파진흥협회\Desktop\dataset\combined\images\scut_fbp5500\AF961.jpg
scut_fbp5500,AF962.jpg,4,C:\Users\한국전파진흥협회\Desktop\dataset\combined\images\scut_fbp5500\AF962.jpg
scut_fbp5500,AF963.jpg,4,C:\Users\한국전파진흥협회\Desktop\dataset\combined\images\scut_fbp5500\AF963.jpg
scut_fbp5500,AF964.jpg,4,C:\Users\한국전파진흥협회\Desktop\dataset\combined\images\scut_fbp5500\AF964.jpg
scut_fbp5500,AF965.jpg,3,C:\Users\한국전파진흥협회\Desktop\dataset\combined\images\scut_fbp5500\AF965.jpg
scut_fbp5500,AF966.jpg,3,C:\Users\한국전파진흥협회\Desktop\dataset\combined\images\scut_fbp5500\AF966.jpg
scut_fbp5500,AF967.jpg,4,C:\Users\한국전파진흥협회\Desktop\dataset\combined\images\scut_fbp5500\AF967.jpg
scut_fbp5500,AF968.jpg,2,C:\Users\한국전파진흥협회\Desktop\dataset\combined\images\scut_fbp5500\AF968.jpg
scut_fbp5500,AF969.jpg,4,C:\Users\한국전파진흥협회\Desktop\dataset\combined\images\scut_fbp5500\AF969.jpg
scut_fbp5500,AF970.jpg,3,C:\Users\한국전파진흥협회\Desktop\dataset\combined\images\scut_fbp5500\AF970.jpg
scut_fbp5500,AF971.jpg,4,C:\Users\한국전파진흥협회\Desktop\dataset\combined\images\scut_fbp5500\AF971.jpg
scut_fbp5500,AF972.jpg,4,C:\Users\한국전파진흥협회\Desktop\dataset\combined\images\scut_fbp5500\AF972.jpg
scut_fbp5500,AF973.jpg,3,C:\Users\한국전파진흥협회\Desktop\dataset\combined\images\scut_fbp5500\AF973.jpg
scut_fbp5500,AF974.jpg,3,C:\Users\한국전파진흥협회\Desktop\dataset\combined\images\scut_fbp5500\AF974.jpg
scut_fbp5500,AF975.jpg,2,C:\Users\한국전파진흥협회\Desktop\dataset\combined\images\scut_fbp5500\AF975.jpg
scut_fbp5500,AF976.jpg,4,C:\Users\한국전파진흥협회\Desktop\dataset\combined\images\scut_fbp5500\AF976.jpg
scut_fbp5500,AF977.jpg,4,C:\Users\한국전파진흥협회\Desktop\dataset\combined\images\scut_fbp5500\AF977.jpg
scut_fbp5500,AF978.jpg,2,C:\Users\한국전파진흥협회\Desktop\dataset\combined\images\scut_fbp5500\AF978.jpg
scut_fbp5500,AF979.jpg,2,C:\Users\한국전파진흥협회\Desktop\dataset\combined\images\scut_fbp5500\AF979.jpg
scut_fbp5500,AF980.jpg,4,C:\Users\한국전파진흥협회\Desktop\dataset\combined\images\scut_fbp5500\AF980.jpg
scut_fbp5500,AF981.jpg,3,C:\Users\한국전파진흥협회\Desktop\dataset\combined\images\scut_fbp5500\AF981.jpg
scut_fbp5500,AF982.jpg,3,C:\Users\한국전파진흥협회\Desktop\dataset\combined\images\scut_fbp5500\AF982.jpg
scut_fbp5500,AF983.jpg,4,C:\Users\한국전파진흥협회\Desktop\dataset\combined\images\scut_fbp5500\AF983.jpg
scut_fbp5500,AF984.jpg,4,C:\Users\한국전파진흥협회\Desktop\dataset\combined\images\scut_fbp5500\AF984.jpg
scut_fbp5500,AF985.jpg,2,C:\Users\한국전파진흥협회\Desktop\dataset\combined\images\scut_fbp5500\AF985.jpg
scut_fbp5500,AF986.jpg,2,C:\Users\한국전파진흥협회\Desktop\dataset\combined\images\scut_fbp5500\AF986.jpg
scut_fbp5500,AF987.jpg,4,C:\Users\한국전파진흥협회\Desktop\dataset\combined\images\scut_fbp5500\AF987.jpg
scut_fbp5500,AF988.jpg,2,C:\Users\한국전파진흥협회\Desktop\dataset\combined\images\scut_fbp5500\AF988.jpg
scut_fbp5500,AF989.jpg,2,C:\Users\한국전파진흥협회\Desktop\dataset\combined\images\scut_fbp5500\AF989.jpg
scut_fbp5500,AF990.jpg,2,C:\Users\한국전파진흥협회\Desktop\dataset\combined\images\scut_fbp5500\AF990.jpg
scut_fbp5500,AF991.jpg,3,C:\Users\한국전파진흥협회\Desktop\dataset\combined\images\scut_fbp5500\AF991.jpg
scut_fbp5500,AF992.jpg,3,C:\Users\한국전파진흥협회\Desktop\dataset\combined\images\scut_fbp5500\AF992.jpg
scut_fbp5500,AF993.jpg,3,C:\Users\한국전파진흥협회\Desktop\dataset\combined\images\scut_fbp5500\AF993.jpg
scut_fbp5500,AF994.jpg,4,C:\Users\한국전파진흥협회\Desktop\dataset\combined\images\scut_fbp5500\AF994.jpg
scut_fbp5500,AF995.jpg,3,C:\Users\한국전파진흥협회\Desktop\dataset\combined\images\scut_fbp5500\AF995.jpg
scut_fbp5500,AF996.jpg,3,C:\Users\한국전파진흥협회\Desktop\dataset\combined\images\scut_fbp5500\AF996.jpg
scut_fbp5500,AF997.jpg,4,C:\Users\한국전파진흥협회\Desktop\dataset\combined\images\scut_fbp5500\AF997.jpg
scut_fbp5500,AF998.jpg,3,C:\Users\한국전파진흥협회\Desktop\dataset\combined\images\scut_fbp5500\AF998.jpg
scut_fbp5500,AF999.jpg,4,C:\Users\한국전파진흥협회\Desktop\dataset\combined\images\scut_fbp5500\AF999.jpg
scut_fbp5500,AF1000.jpg,4,C:\Users\한국전파진흥협회\Desktop\dataset\combined\images\scut_fbp5500\AF1000.jpg
scut_fbp5500,AF1001.jpg,4,C:\Users\한국전파진흥협회\Desktop\dataset\combined\images\scut_fbp5500\AF1001.jpg
scut_fbp5500,AF1002.jpg,3,C:\Users\한국전파진흥협회\Desktop\dataset\combined\images\scut_fbp5500\AF1002.jpg
scut_fbp5500,AF1003.jpg,3,C:\Users\한국전파진흥협회\Desktop\dataset\combined\images\scut_fbp5500\AF1003.jpg
scut_fbp5500,AF1004.jpg,3,C:\Users\한국전파진흥협회\Desktop\dataset\combined\images\scut_fbp5500\AF1004.jpg
scut_fbp5500,AF1005.jpg,2,C:\Users\한국전파진흥협회\Desktop\dataset\combined\images\scut_fbp5500\AF1005.jpg
scut_fbp5500,AF1006.jpg,3,C:\Users\한국전파진흥협회\Desktop\dataset\combined\images\scut_fbp5500\AF1006.jpg
scut_fbp5500,AF1007.jpg,3,C:\Users\한국전파진흥협회\Desktop\dataset\combined\images\scut_fbp5500\AF1007.jpg
scut_fbp5500,AF1008.jpg,3,C:\Users\한국전파진흥협회\Desktop\dataset\combined\images\scut_fbp5500\AF1008.jpg
scut_fbp5500,AF1009.jpg,4,C:\Users\한국전파진흥협회\Desktop\dataset\combined\images\scut_fbp5500\AF1009.jpg
scut_fbp5500,AF1010.jpg,3,C:\Users\한국전파진흥협회\Desktop\dataset\combined\images\scut_fbp5500\AF1010.jpg
scut_fbp5500,AF1011.jpg,3,C:\Users\한국전파진흥협회\Desktop\dataset\combined\images\scut_fbp5500\AF1011.jpg
scut_fbp5500,AF1012.jpg,3,C:\Users\한국전파진흥협회\Desktop\dataset\combined\images\scut_fbp5500\AF1012.jpg
scut_fbp5500,AF1013.jpg,4,C:\Users\한국전파진흥협회\Desktop\dataset\combined\images\scut_fbp5500\AF1013.jpg
scut_fbp5500,AF1014.jpg,4,C:\Users\한국전파진흥협회\Desktop\dataset\combined\images\scut_fbp5500\AF1014.jpg
scut_fbp5500,AF1015.jpg,4,C:\Users\한국전파진흥협회\Desktop\dataset\combined\images\scut_fbp5500\AF1015.jpg
scut_fbp5500,AF1016.jpg,4,C:\Users\한국전파진흥협회\Desktop\dataset\combined\images\scut_fbp5500\AF1016.jpg
scut_fbp5500,AF1017.jpg,4,C:\Users\한국전파진흥협회\Desktop\dataset\combined\images\scut_fbp5500\AF1017.jpg
scut_fbp5500,AF1018.jpg,3,C:\Users\한국전파진흥협회\Desktop\dataset\combined\images\scut_fbp5500\AF1018.jpg
scut_fbp5500,AF1019.jpg,2,C:\Users\한국전파진흥협회\Desktop\dataset\combined\images\scut_fbp5500\AF1019.jpg
scut_fbp5500,AF1020.jpg,3,C:\Users\한국전파진흥협회\Desktop\dataset\combined\images\scut_fbp5500\AF1020.jpg
scut_fbp5500,AF1021.jpg,3,C:\Users\한국전파진흥협회\Desktop\dataset\combined\images\scut_fbp5500\AF1021.jpg
scut_fbp5500,AF1022.jpg,4,C:\Users\한국전파진흥협회\Desktop\dataset\combined\images\scut_fbp5500\AF1022.jpg
scut_fbp5500,AF1023.jpg,3,C:\Users\한국전파진흥협회\Desktop\dataset\combined\images\scut_fbp5500\AF1023.jpg
scut_fbp5500,AF1024.jpg,3,C:\Users\한국전파진흥협회\Desktop\dataset\combined\images\scut_fbp5500\AF1024.jpg
scut_fbp5500,AF1025.jpg,2,C:\Users\한국전파진흥협회\Desktop\dataset\combined\images\scut_fbp5500\AF1025.jpg
scut_fbp5500,AF1026.jpg,4,C:\Users\한국전파진흥협회\Desktop\dataset\combined\images\scut_fbp5500\AF1026.jpg
scut_fbp5500,AF1027.jpg,4,C:\Users\한국전파진흥협회\Desktop\dataset\combined\images\scut_fbp5500\AF1027.jpg
scut_fbp5500,AF1028.jpg,2,C:\Users\한국전파진흥협회\Desktop\dataset\combined\images\scut_fbp5500\AF1028.jpg
scut_fbp5500,AF1029.jpg,4,C:\Users\한국전파진흥협회\Desktop\dataset\combined\images\scut_fbp5500\AF1029.jpg
scut_fbp5500,AF1030.jpg,2,C:\Users\한국전파진흥협회\Desktop\dataset\combined\images\scut_fbp5500\AF1030.jpg
scut_fbp5500,AF1031.jpg,4,C:\Users\한국전파진흥협회\Desktop\dataset\combined\images\scut_fbp5500\AF1031.jpg
scut_fbp5500,AF1032.jpg,3,C:\Users\한국전파진흥협회\Desktop\dataset\combined\images\scut_fbp5500\AF1032.jpg
scut_fbp5500,AF1033.jpg,2,C:\Users\한국전파진흥협회\Desktop\dataset\combined\images\scut_fbp5500\AF1033.jpg
scut_fbp5500,AF1034.jpg,3,C:\Users\한국전파진흥협회\Desktop\dataset\combined\images\scut_fbp5500\AF1034.jpg
scut_fbp5500,AF1035.jpg,4,C:\Users\한국전파진흥협회\Desktop\dataset\combined\images\scut_fbp5500\AF1035.jpg
scut_fbp5500,AF1036.jpg,3,C:\Users\한국전파진흥협회\Desktop\dataset\combined\images\scut_fbp5500\AF1036.jpg
scut_fbp5500,AF1037.jpg,2,C:\Users\한국전파진흥협회\Desktop\dataset\combined\images\scut_fbp5500\AF1037.jpg
scut_fbp5500,AF1038.jpg,3,C:\Users\한국전파진흥협회\Desktop\dataset\combined\images\scut_fbp5500\AF1038.jpg
scut_fbp5500,AF1039.jpg,4,C:\Users\한국전파진흥협회\Desktop\dataset\combined\images\scut_fbp5500\AF1039.jpg
scut_fbp5500,AF1040.jpg,2,C:\Users\한국전파진흥협회\Desktop\dataset\combined\images\scut_fbp5500\AF1040.jpg
scut_fbp5500,AF1041.jpg,2,C:\Users\한국전파진흥협회\Desktop\dataset\combined\images\scut_fbp5500\AF1041.jpg
scut_fbp5500,AF1042.jpg,3,C:\Users\한국전파진흥협회\Desktop\dataset\combined\images\scut_fbp5500\AF1042.jpg
scut_fbp5500,AF1043.jpg,3,C:\Users\한국전파진흥협회\Desktop\dataset\combined\images\scut_fbp5500\AF1043.jpg
scut_fbp5500,AF1044.jpg,3,C:\Users\한국전파진흥협회\Desktop\dataset\combined\images\scut_fbp5500\AF1044.jpg
scut_fbp5500,AF1045.jpg,4,C:\Users\한국전파진흥협회\Desktop\dataset\combined\images\scut_fbp5500\AF1045.jpg
scut_fbp5500,AF1046.jpg,2,C:\Users\한국전파진흥협회\Desktop\dataset\combined\images\scut_fbp5500\AF1046.jpg
scut_fbp5500,AF1047.jpg,4,C:\Users\한국전파진흥협회\Desktop\dataset\combined\images\scut_fbp5500\AF1047.jpg
scut_fbp5500,AF1048.jpg,3,C:\Users\한국전파진흥협회\Desktop\dataset\combined\images\scut_fbp5500\AF1048.jpg
scut_fbp5500,AF1049.jpg,3,C:\Users\한국전파진흥협회\Desktop\dataset\combined\images\scut_fbp5500\AF1049.jpg
scut_fbp5500,AF1050.jpg,3,C:\Users\한국전파진흥협회\Desktop\dataset\combined\images\scut_fbp5500\AF1050.jpg
scut_fbp5500,AF1051.jpg,3,C:\Users\한국전파진흥협회\Desktop\dataset\combined\images\scut_fbp5500\AF1051.jpg
scut_fbp5500,AF1052.jpg,3,C:\Users\한국전파진흥협회\Desktop\dataset\combined\images\scut_fbp5500\AF1052.jpg
scut_fbp5500,AF1053.jpg,3,C:\Users\한국전파진흥협회\Desktop\dataset\combined\images\scut_fbp5500\AF1053.jpg
scut_fbp5500,AF1054.jpg,3,C:\Users\한국전파진흥협회\Desktop\dataset\combined\images\scut_fbp5500\AF1054.jpg
scut_fbp5500,AF1055.jpg,3,C:\Users\한국전파진흥협회\Desktop\dataset\combined\images\scut_fbp5500\AF1055.jpg
scut_fbp5500,AF1056.jpg,4,C:\Users\한국전파진흥협회\Desktop\dataset\combined\images\scut_fbp5500\AF1056.jpg
scut_fbp5500,AF1057.jpg,3,C:\Users\한국전파진흥협회\Desktop\dataset\combined\images\scut_fbp5500\AF1057.jpg
scut_fbp5500,AF1058.jpg,4,C:\Users\한국전파진흥협회\Desktop\dataset\combined\images\scut_fbp5500\AF1058.jpg
scut_fbp5500,AF1059.jpg,3,C:\Users\한국전파진흥협회\Desktop\dataset\combined\images\scut_fbp5500\AF1059.jpg
scut_fbp5500,AF1060.jpg,2,C:\Users\한국전파진흥협회\Desktop\dataset\combined\images\scut_fbp5500\AF1060.jpg
scut_fbp5500,AF1061.jpg,3,C:\Users\한국전파진흥협회\Desktop\dataset\combined\images\scut_fbp5500\AF1061.jpg
scut_fbp5500,AF1062.jpg,4,C:\Users\한국전파진흥협회\Desktop\dataset\combined\images\scut_fbp5500\AF1062.jpg
scut_fbp5500,AF1063.jpg,4,C:\Users\한국전파진흥협회\Desktop\dataset\combined\images\scut_fbp5500\AF1063.jpg
scut_fbp5500,AF1064.jpg,4,C:\Users\한국전파진흥협회\Desktop\dataset\combined\images\scut_fbp5500\AF1064.jpg
scut_fbp5500,AF1065.jpg,4,C:\Users\한국전파진흥협회\Desktop\dataset\combined\images\scut_fbp5500\AF1065.jpg
scut_fbp5500,AF1066.jpg,2,C:\Users\한국전파진흥협회\Desktop\dataset\combined\images\scut_fbp5500\AF1066.jpg
scut_fbp5500,AF1067.jpg,3,C:\Users\한국전파진흥협회\Desktop\dataset\combined\images\scut_fbp5500\AF1067.jpg
scut_fbp5500,AF1068.jpg,4,C:\Users\한국전파진흥협회\Desktop\dataset\combined\images\scut_fbp5500\AF1068.jpg
scut_fbp5500,AF1069.jpg,3,C:\Users\한국전파진흥협회\Desktop\dataset\combined\images\scut_fbp5500\AF1069.jpg
scut_fbp5500,AF1070.jpg,3,C:\Users\한국전파진흥협회\Desktop\dataset\combined\images\scut_fbp5500\AF1070.jpg
scut_fbp5500,AF1071.jpg,3,C:\Users\한국전파진흥협회\Desktop\dataset\combined\images\scut_fbp5500\AF1071.jpg
scut_fbp5500,AF1072.jpg,3,C:\Users\한국전파진흥협회\Desktop\dataset\combined\images\scut_fbp5500\AF1072.jpg
scut_fbp5500,AF1073.jpg,3,C:\Users\한국전파진흥협회\Desktop\dataset\combined\images\scut_fbp5500\AF1073.jpg
scut_fbp5500,AF1074.jpg,3,C:\Users\한국전파진흥협회\Desktop\dataset\combined\images\scut_fbp5500\AF1074.jpg
scut_fbp5500,AF1075.jpg,4,C:\Users\한국전파진흥협회\Desktop\dataset\combined\images\scut_fbp5500\AF1075.jpg
scut_fbp5500,AF1076.jpg,1,C:\Users\한국전파진흥협회\Desktop\dataset\combined\images\scut_fbp5500\AF1076.jpg
scut_fbp5500,AF1077.jpg,3,C:\Users\한국전파진흥협회\Desktop\dataset\combined\images\scut_fbp5500\AF1077.jpg
scut_fbp5500,AF1078.jpg,3,C:\Users\한국전파진흥협회\Desktop\dataset\combined\images\scut_fbp5500\AF1078.jpg
scut_fbp5500,AF1079.jpg,3,C:\Users\한국전파진흥협회\Desktop\dataset\combined\images\scut_fbp5500\AF1079.jpg
scut_fbp5500,AF1080.jpg,4,C:\Users\한국전파진흥협회\Desktop\dataset\combined\images\scut_fbp5500\AF1080.jpg
scut_fbp5500,AF1081.jpg,3,C:\Users\한국전파진흥협회\Desktop\dataset\combined\images\scut_fbp5500\AF1081.jpg
scut_fbp5500,AF1082.jpg,3,C:\Users\한국전파진흥협회\Desktop\dataset\combined\images\scut_fbp5500\AF1082.jpg
scut_fbp5500,AF1083.jpg,4,C:\Users\한국전파진흥협회\Desktop\dataset\combined\images\scut_fbp5500\AF1083.jpg
scut_fbp5500,AF1084.jpg,2,C:\Users\한국전파진흥협회\Desktop\dataset\combined\images\scut_fbp5500\AF1084.jpg
scut_fbp5500,AF1085.jpg,2,C:\Users\한국전파진흥협회\Desktop\dataset\combined\images\scut_fbp5500\AF1085.jpg
scut_fbp5500,AF1086.jpg,4,C:\Users\한국전파진흥협회\Desktop\dataset\combined\images\scut_fbp5500\AF1086.jpg
scut_fbp5500,AF1087.jpg,3,C:\Users\한국전파진흥협회\Desktop\dataset\combined\images\scut_fbp5500\AF1087.jpg
scut_fbp5500,AF1088.jpg,4,C:\Users\한국전파진흥협회\Desktop\dataset\combined\images\scut_fbp5500\AF1088.jpg
scut_fbp5500,AF1089.jpg,2,C:\Users\한국전파진흥협회\Desktop\dataset\combined\images\scut_fbp5500\AF1089.jpg
scut_fbp5500,AF1090.jpg,4,C:\Users\한국전파진흥협회\Desktop\dataset\combined\images\scut_fbp5500\AF1090.jpg
scut_fbp5500,AF1091.jpg,3,C:\Users\한국전파진흥협회\Desktop\dataset\combined\images\scut_fbp5500\AF1091.jpg
scut_fbp5500,AF1092.jpg,2,C:\Users\한국전파진흥협회\Desktop\dataset\combined\images\scut_fbp5500\AF1092.jpg
scut_fbp5500,AF1093.jpg,4,C:\Users\한국전파진흥협회\Desktop\dataset\combined\images\scut_fbp5500\AF1093.jpg
scut_fbp5500,AF1094.jpg,4,C:\Users\한국전파진흥협회\Desktop\dataset\combined\images\scut_fbp5500\AF1094.jpg
scut_fbp5500,AF1095.jpg,3,C:\Users\한국전파진흥협회\Desktop\dataset\combined\images\scut_fbp5500\AF1095.jpg
scut_fbp5500,AF1096.jpg,2,C:\Users\한국전파진흥협회\Desktop\dataset\combined\images\scut_fbp5500\AF1096.jpg
scut_fbp5500,AF1097.jpg,2,C:\Users\한국전파진흥협회\Desktop\dataset\combined\images\scut_fbp5500\AF1097.jpg
scut_fbp5500,AF1098.jpg,2,C:\Users\한국전파진흥협회\Desktop\dataset\combined\images\scut_fbp5500\AF1098.jpg
scut_fbp5500,AF1099.jpg,4,C:\Users\한국전파진흥협회\Desktop\dataset\combined\images\scut_fbp5500\AF1099.jpg
scut_fbp5500,AF1100.jpg,3,C:\Users\한국전파진흥협회\Desktop\dataset\combined\images\scut_fbp5500\AF1100.jpg
scut_fbp5500,AF1101.jpg,4,C:\Users\한국전파진흥협회\Desktop\dataset\combined\images\scut_fbp5500\AF1101.jpg
scut_fbp5500,AF1102.jpg,4,C:\Users\한국전파진흥협회\Desktop\dataset\combined\images\scut_fbp5500\AF1102.jpg
scut_fbp5500,AF1103.jpg,3,C:\Users\한국전파진흥협회\Desktop\dataset\combined\images\scut_fbp5500\AF1103.jpg
scut_fbp5500,AF1104.jpg,4,C:\Users\한국전파진흥협회\Desktop\dataset\combined\images\scut_fbp5500\AF1104.jpg
scut_fbp5500,AF1105.jpg,2,C:\Users\한국전파진흥협회\Desktop\dataset\combined\images\scut_fbp5500\AF1105.jpg
scut_fbp5500,AF1106.jpg,4,C:\Users\한국전파진흥협회\Desktop\dataset\combined\images\scut_fbp5500\AF1106.jpg
scut_fbp5500,AF1107.jpg,4,C:\Users\한국전파진흥협회\Desktop\dataset\combined\images\scut_fbp5500\AF1107.jpg
scut_fbp5500,AF1108.jpg,2,C:\Users\한국전파진흥협회\Desktop\dataset\combined\images\scut_fbp5500\AF1108.jpg
scut_fbp5500,AF1109.jpg,4,C:\Users\한국전파진흥협회\Desktop\dataset\combined\images\scut_fbp5500\AF1109.jpg
scut_fbp5500,AF1110.jpg,4,C:\Users\한국전파진흥협회\Desktop\dataset\combined\images\scut_fbp5500\AF1110.jpg
scut_fbp5500,AF1111.jpg,2,C:\Users\한국전파진흥협회\Desktop\dataset\combined\images\scut_fbp5500\AF1111.jpg
scut_fbp5500,AF1112.jpg,4,C:\Users\한국전파진흥협회\Desktop\dataset\combined\images\scut_fbp5500\AF1112.jpg
scut_fbp5500,AF1113.jpg,3,C:\Users\한국전파진흥협회\Desktop\dataset\combined\images\scut_fbp5500\AF1113.jpg
scut_fbp5500,AF1114.jpg,3,C:\Users\한국전파진흥협회\Desktop\dataset\combined\images\scut_fbp5500\AF1114.jpg
scut_fbp5500,AF1115.jpg,4,C:\Users\한국전파진흥협회\Desktop\dataset\combined\images\scut_fbp5500\AF1115.jpg
scut_fbp5500,AF1116.jpg,4,C:\Users\한국전파진흥협회\Desktop\dataset\combined\images\scut_fbp5500\AF1116.jpg
scut_fbp5500,AF1117.jpg,2,C:\Users\한국전파진흥협회\Desktop\dataset\combined\images\scut_fbp5500\AF1117.jpg
scut_fbp5500,AF1118.jpg,2,C:\Users\한국전파진흥협회\Desktop\dataset\combined\images\scut_fbp5500\AF1118.jpg
scut_fbp5500,AF1119.jpg,3,C:\Users\한국전파진흥협회\Desktop\dataset\combined\images\scut_fbp5500\AF1119.jpg
scut_fbp5500,AF1120.jpg,3,C:\Users\한국전파진흥협회\Desktop\dataset\combined\images\scut_fbp5500\AF1120.jpg
scut_fbp5500,AF1121.jpg,2,C:\Users\한국전파진흥협회\Desktop\dataset\combined\images\scut_fbp5500\AF1121.jpg
scut_fbp5500,AF1122.jpg,4,C:\Users\한국전파진흥협회\Desktop\dataset\combined\images\scut_fbp5500\AF1122.jpg
scut_fbp5500,AF1123.jpg,3,C:\Users\한국전파진흥협회\Desktop\dataset\combined\images\scut_fbp5500\AF1123.jpg
scut_fbp5500,AF1124.jpg,4,C:\Users\한국전파진흥협회\Desktop\dataset\combined\images\scut_fbp5500\AF1124.jpg
scut_fbp5500,AF1125.jpg,3,C:\Users\한국전파진흥협회\Desktop\dataset\combined\images\scut_fbp5500\AF1125.jpg
scut_fbp5500,AF1126.jpg,3,C:\Users\한국전파진흥협회\Desktop\dataset\combined\images\scut_fbp5500\AF1126.jpg
scut_fbp5500,AF1127.jpg,3,C:\Users\한국전파진흥협회\Desktop\dataset\combined\images\scut_fbp5500\AF1127.jpg
scut_fbp5500,AF1128.jpg,3,C:\Users\한국전파진흥협회\Desktop\dataset\combined\images\scut_fbp5500\AF1128.jpg
scut_fbp5500,AF1129.jpg,4,C:\Users\한국전파진흥협회\Desktop\dataset\combined\images\scut_fbp5500\AF1129.jpg
scut_fbp5500,AF1130.jpg,3,C:\Users\한국전파진흥협회\Desktop\dataset\combined\images\scut_fbp5500\AF1130.jpg
scut_fbp5500,AF1131.jpg,3,C:\Users\한국전파진흥협회\Desktop\dataset\combined\images\scut_fbp5500\AF1131.jpg
scut_fbp5500,AF1132.jpg,3,C:\Users\한국전파진흥협회\Desktop\dataset\combined\images\scut_fbp5500\AF1132.jpg
scut_fbp5500,AF1133.jpg,3,C:\Users\한국전파진흥협회\Desktop\dataset\combined\images\scut_fbp5500\AF1133.jpg
scut_fbp5500,AF1134.jpg,3,C:\Users\한국전파진흥협회\Desktop\dataset\combined\images\scut_fbp5500\AF1134.jpg
scut_fbp5500,AF1135.jpg,3,C:\Users\한국전파진흥협회\Desktop\dataset\combined\images\scut_fbp5500\AF1135.jpg
scut_fbp5500,AF1136.jpg,3,C:\Users\한국전파진흥협회\Desktop\dataset\combined\images\scut_fbp5500\AF1136.jpg
scut_fbp5500,AF1137.jpg,3,C:\Users\한국전파진흥협회\Desktop\dataset\combined\images\scut_fbp5500\AF1137.jpg
scut_fbp5500,AF1138.jpg,2,C:\Users\한국전파진흥협회\Desktop\dataset\combined\images\scut_fbp5500\AF1138.jpg
scut_fbp5500,AF1139.jpg,3,C:\Users\한국전파진흥협회\Desktop\dataset\combined\images\scut_fbp5500\AF1139.jpg
scut_fbp5500,AF1140.jpg,4,C:\Users\한국전파진흥협회\Desktop\dataset\combined\images\scut_fbp5500\AF1140.jpg
scut_fbp5500,AF1141.jpg,3,C:\Users\한국전파진흥협회\Desktop\dataset\combined\images\scut_fbp5500\AF1141.jpg
scut_fbp5500,AF1142.jpg,3,C:\Users\한국전파진흥협회\Desktop\dataset\combined\images\scut_fbp5500\AF1142.jpg
scut_fbp5500,AF1143.jpg,2,C:\Users\한국전파진흥협회\Desktop\dataset\combined\images\scut_fbp5500\AF1143.jpg
scut_fbp5500,AF1144.jpg,3,C:\Users\한국전파진흥협회\Desktop\dataset\combined\images\scut_fbp5500\AF1144.jpg
scut_fbp5500,AF1145.jpg,2,C:\Users\한국전파진흥협회\Desktop\dataset\combined\images\scut_fbp5500\AF1145.jpg
scut_fbp5500,AF1146.jpg,3,C:\Users\한국전파진흥협회\Desktop\dataset\combined\images\scut_fbp5500\AF1146.jpg
scut_fbp5500,AF1147.jpg,4,C:\Users\한국전파진흥협회\Desktop\dataset\combined\images\scut_fbp5500\AF1147.jpg
scut_fbp5500,AF1148.jpg,4,C:\Users\한국전파진흥협회\Desktop\dataset\combined\images\scut_fbp5500\AF1148.jpg
scut_fbp5500,AF1149.jpg,4,C:\Users\한국전파진흥협회\Desktop\dataset\combined\images\scut_fbp5500\AF1149.jpg
scut_fbp5500,AF1150.jpg,3,C:\Users\한국전파진흥협회\Desktop\dataset\combined\images\scut_fbp5500\AF1150.jpg
scut_fbp5500,AF1151.jpg,2,C:\Users\한국전파진흥협회\Desktop\dataset\combined\images\scut_fbp5500\AF1151.jpg
scut_fbp5500,AF1152.jpg,3,C:\Users\한국전파진흥협회\Desktop\dataset\combined\images\scut_fbp5500\AF1152.jpg
scut_fbp5500,AF1153.jpg,3,C:\Users\한국전파진흥협회\Desktop\dataset\combined\images\scut_fbp5500\AF1153.jpg
scut_fbp5500,AF1154.jpg,4,C:\Users\한국전파진흥협회\Desktop\dataset\combined\images\scut_fbp5500\AF1154.jpg
scut_fbp5500,AF1155.jpg,3,C:\Users\한국전파진흥협회\Desktop\dataset\combined\images\scut_fbp5500\AF1155.jpg
scut_fbp5500,AF1156.jpg,4,C:\Users\한국전파진흥협회\Desktop\dataset\combined\images\scut_fbp5500\AF1156.jpg
scut_fbp5500,AF1157.jpg,3,C:\Users\한국전파진흥협회\Desktop\dataset\combined\images\scut_fbp5500\AF1157.jpg
scut_fbp5500,AF1158.jpg,4,C:\Users\한국전파진흥협회\Desktop\dataset\combined\images\scut_fbp5500\AF1158.jpg
scut_fbp5500,AF1159.jpg,4,C:\Users\한국전파진흥협회\Desktop\dataset\combined\images\scut_fbp5500\AF1159.jpg
scut_fbp5500,AF1160.jpg,4,C:\Users\한국전파진흥협회\Desktop\dataset\combined\images\scut_fbp5500\AF1160.jpg
scut_fbp5500,AF1161.jpg,2,C:\Users\한국전파진흥협회\Desktop\dataset\combined\images\scut_fbp5500\AF1161.jpg
scut_fbp5500,AF1162.jpg,4,C:\Users\한국전파진흥협회\Desktop\dataset\combined\images\scut_fbp5500\AF1162.jpg
scut_fbp5500,AF1163.jpg,3,C:\Users\한국전파진흥협회\Desktop\dataset\combined\images\scut_fbp5500\AF1163.jpg
scut_fbp5500,AF1164.jpg,3,C:\Users\한국전파진흥협회\Desktop\dataset\combined\images\scut_fbp5500\AF1164.jpg
scut_fbp5500,AF1165.jpg,3,C:\Users\한국전파진흥협회\Desktop\dataset\combined\images\scut_fbp5500\AF1165.jpg
scut_fbp5500,AF1166.jpg,4,C:\Users\한국전파진흥협회\Desktop\dataset\combined\images\scut_fbp5500\AF1166.jpg
scut_fbp5500,AF1167.jpg,4,C:\Users\한국전파진흥협회\Desktop\dataset\combined\images\scut_fbp5500\AF1167.jpg
scut_fbp5500,AF1168.jpg,4,C:\Users\한국전파진흥협회\Desktop\dataset\combined\images\scut_fbp5500\AF1168.jpg
scut_fbp5500,AF1169.jpg,4,C:\Users\한국전파진흥협회\Desktop\dataset\combined\images\scut_fbp5500\AF1169.jpg
scut_fbp5500,AF1170.jpg,4,C:\Users\한국전파진흥협회\Desktop\dataset\combined\images\scut_fbp5500\AF1170.jpg
scut_fbp5500,AF1171.jpg,4,C:\Users\한국전파진흥협회\Desktop\dataset\combined\images\scut_fbp5500\AF1171.jpg
scut_fbp5500,AF1172.jpg,4,C:\Users\한국전파진흥협회\Desktop\dataset\combined\images\scut_fbp5500\AF1172.jpg
scut_fbp5500,AF1173.jpg,2,C:\Users\한국전파진흥협회\Desktop\dataset\combined\images\scut_fbp5500\AF1173.jpg
scut_fbp5500,AF1174.jpg,5,C:\Users\한국전파진흥협회\Desktop\dataset\combined\images\scut_fbp5500\AF1174.jpg
scut_fbp5500,AF1175.jpg,4,C:\Users\한국전파진흥협회\Desktop\dataset\combined\images\scut_fbp5500\AF1175.jpg
scut_fbp5500,AF1176.jpg,2,C:\Users\한국전파진흥협회\Desktop\dataset\combined\images\scut_fbp5500\AF1176.jpg
scut_fbp5500,AF1177.jpg,4,C:\Users\한국전파진흥협회\Desktop\dataset\combined\images\scut_fbp5500\AF1177.jpg
scut_fbp5500,AF1178.jpg,4,C:\Users\한국전파진흥협회\Desktop\dataset\combined\images\scut_fbp5500\AF1178.jpg
scut_fbp5500,AF1179.jpg,4,C:\Users\한국전파진흥협회\Desktop\dataset\combined\images\scut_fbp5500\AF1179.jpg
scut_fbp5500,AF1180.jpg,4,C:\Users\한국전파진흥협회\Desktop\dataset\combined\images\scut_fbp5500\AF1180.jpg
scut_fbp5500,AF1181.jpg,3,C:\Users\한국전파진흥협회\Desktop\dataset\combined\images\scut_fbp5500\AF1181.jpg
scut_fbp5500,AF1182.jpg,3,C:\Users\한국전파진흥협회\Desktop\dataset\combined\images\scut_fbp5500\AF1182.jpg
scut_fbp5500,AF1183.jpg,4,C:\Users\한국전파진흥협회\Desktop\dataset\combined\images\scut_fbp5500\AF1183.jpg
scut_fbp5500,AF1184.jpg,2,C:\Users\한국전파진흥협회\Desktop\dataset\combined\images\scut_fbp5500\AF1184.jpg
scut_fbp5500,AF1185.jpg,3,C:\Users\한국전파진흥협회\Desktop\dataset\combined\images\scut_fbp5500\AF1185.jpg
scut_fbp5500,AF1186.jpg,2,C:\Users\한국전파진흥협회\Desktop\dataset\combined\images\scut_fbp5500\AF1186.jpg
scut_fbp5500,AF1187.jpg,4,C:\Users\한국전파진흥협회\Desktop\dataset\combined\images\scut_fbp5500\AF1187.jpg
scut_fbp5500,AF1188.jpg,3,C:\Users\한국전파진흥협회\Desktop\dataset\combined\images\scut_fbp5500\AF1188.jpg
scut_fbp5500,AF1189.jpg,3,C:\Users\한국전파진흥협회\Desktop\dataset\combined\images\scut_fbp5500\AF1189.jpg
scut_fbp5500,AF1190.jpg,3,C:\Users\한국전파진흥협회\Desktop\dataset\combined\images\scut_fbp5500\AF1190.jpg
scut_fbp5500,AF1191.jpg,4,C:\Users\한국전파진흥협회\Desktop\dataset\combined\images\scut_fbp5500\AF1191.jpg
scut_fbp5500,AF1192.jpg,3,C:\Users\한국전파진흥협회\Desktop\dataset\combined\images\scut_fbp5500\AF1192.jpg
scut_fbp5500,AF1193.jpg,2,C:\Users\한국전파진흥협회\Desktop\dataset\combined\images\scut_fbp5500\AF1193.jpg
scut_fbp5500,AF1194.jpg,4,C:\Users\한국전파진흥협회\Desktop\dataset\combined\images\scut_fbp5500\AF1194.jpg
scut_fbp5500,AF1195.jpg,3,C:\Users\한국전파진흥협회\Desktop\dataset\combined\images\scut_fbp5500\AF1195.jpg
scut_fbp5500,AF1196.jpg,4,C:\Users\한국전파진흥협회\Desktop\dataset\combined\images\scut_fbp5500\AF1196.jpg
scut_fbp5500,AF1197.jpg,4,C:\Users\한국전파진흥협회\Desktop\dataset\combined\images\scut_fbp5500\AF1197.jpg
scut_fbp5500,AF1198.jpg,4,C:\Users\한국전파진흥협회\Desktop\dataset\combined\images\scut_fbp5500\AF1198.jpg
scut_fbp5500,AF1199.jpg,4,C:\Users\한국전파진흥협회\Desktop\dataset\combined\images\scut_fbp5500\AF1199.jpg
scut_fbp5500,AF1200.jpg,4,C:\Users\한국전파진흥협회\Desktop\dataset\combined\images\scut_fbp5500\AF1200.jpg
scut_fbp5500,AF1201.jpg,3,C:\Users\한국전파진흥협회\Desktop\dataset\combined\images\scut_fbp5500\AF1201.jpg
scut_fbp5500,AF1202.jpg,3,C:\Users\한국전파진흥협회\Desktop\dataset\combined\images\scut_fbp5500\AF1202.jpg
scut_fbp5500,AF1203.jpg,3,C:\Users\한국전파진흥협회\Desktop\dataset\combined\images\scut_fbp5500\AF1203.jpg
scut_fbp5500,AF1204.jpg,3,C:\Users\한국전파진흥협회\Desktop\dataset\combined\images\scut_fbp5500\AF1204.jpg
scut_fbp5500,AF1205.jpg,4,C:\Users\한국전파진흥협회\Desktop\dataset\combined\images\scut_fbp5500\AF1205.jpg
scut_fbp5500,AF1206.jpg,3,C:\Users\한국전파진흥협회\Desktop\dataset\combined\images\scut_fbp5500\AF1206.jpg
scut_fbp5500,AF1207.jpg,4,C:\Users\한국전파진흥협회\Desktop\dataset\combined\images\scut_fbp5500\AF1207.jpg
scut_fbp5500,AF1208.jpg,4,C:\Users\한국전파진흥협회\Desktop\dataset\combined\images\scut_fbp5500\AF1208.jpg
scut_fbp5500,AF1209.jpg,3,C:\Users\한국전파진흥협회\Desktop\dataset\combined\images\scut_fbp5500\AF1209.jpg
scut_fbp5500,AF1210.jpg,3,C:\Users\한국전파진흥협회\Desktop\dataset\combined\images\scut_fbp5500\AF1210.jpg
scut_fbp5500,AF1211.jpg,4,C:\Users\한국전파진흥협회\Desktop\dataset\combined\images\scut_fbp5500\AF1211.jpg
scut_fbp5500,AF1212.jpg,4,C:\Users\한국전파진흥협회\Desktop\dataset\combined\images\scut_fbp5500\AF1212.jpg
scut_fbp5500,AF1213.jpg,3,C:\Users\한국전파진흥협회\Desktop\dataset\combined\images\scut_fbp5500\AF1213.jpg
scut_fbp5500,AF1214.jpg,3,C:\Users\한국전파진흥협회\Desktop\dataset\combined\images\scut_fbp5500\AF1214.jpg
scut_fbp5500,AF1215.jpg,3,C:\Users\한국전파진흥협회\Desktop\dataset\combined\images\scut_fbp5500\AF1215.jpg
scut_fbp5500,AF1216.jpg,3,C:\Users\한국전파진흥협회\Desktop\dataset\combined\images\scut_fbp5500\AF1216.jpg
scut_fbp5500,AF1217.jpg,3,C:\Users\한국전파진흥협회\Desktop\dataset\combined\images\scut_fbp5500\AF1217.jpg
scut_fbp5500,AF1218.jpg,3,C:\Users\한국전파진흥협회\Desktop\dataset\combined\images\scut_fbp5500\AF1218.jpg
scut_fbp5500,AF1219.jpg,3,C:\Users\한국전파진흥협회\Desktop\dataset\combined\images\scut_fbp5500\AF1219.jpg
scut_fbp5500,AF1220.jpg,3,C:\Users\한국전파진흥협회\Desktop\dataset\combined\images\scut_fbp5500\AF1220.jpg
scut_fbp5500,AF1221.jpg,4,C:\Users\한국전파진흥협회\Desktop\dataset\combined\images\scut_fbp5500\AF1221.jpg
scut_fbp5500,AF1222.jpg,4,C:\Users\한국전파진흥협회\Desktop\dataset\combined\images\scut_fbp5500\AF1222.jpg
scut_fbp5500,AF1223.jpg,2,C:\Users\한국전파진흥협회\Desktop\dataset\combined\images\scut_fbp5500\AF1223.jpg
scut_fbp5500,AF1224.jpg,4,C:\Users\한국전파진흥협회\Desktop\dataset\combined\images\scut_fbp5500\AF1224.jpg
scut_fbp5500,AF1225.jpg,3,C:\Users\한국전파진흥협회\Desktop\dataset\combined\images\scut_fbp5500\AF1225.jpg
scut_fbp5500,AF1226.jpg,2,C:\Users\한국전파진흥협회\Desktop\dataset\combined\images\scut_fbp5500\AF1226.jpg
scut_fbp5500,AF1227.jpg,3,C:\Users\한국전파진흥협회\Desktop\dataset\combined\images\scut_fbp5500\AF1227.jpg
scut_fbp5500,AF1228.jpg,3,C:\Users\한국전파진흥협회\Desktop\dataset\combined\images\scut_fbp5500\AF1228.jpg
scut_fbp5500,AF1229.jpg,3,C:\Users\한국전파진흥협회\Desktop\dataset\combined\images\scut_fbp5500\AF1229.jpg
scut_fbp5500,AF1230.jpg,2,C:\Users\한국전파진흥협회\Desktop\dataset\combined\images\scut_fbp5500\AF1230.jpg
scut_fbp5500,AF1231.jpg,4,C:\Users\한국전파진흥협회\Desktop\dataset\combined\images\scut_fbp5500\AF1231.jpg
scut_fbp5500,AF1232.jpg,3,C:\Users\한국전파진흥협회\Desktop\dataset\combined\images\scut_fbp5500\AF1232.jpg
scut_fbp5500,AF1233.jpg,3,C:\Users\한국전파진흥협회\Desktop\dataset\combined\images\scut_fbp5500\AF1233.jpg
scut_fbp5500,AF1234.jpg,3,C:\Users\한국전파진흥협회\Desktop\dataset\combined\images\scut_fbp5500\AF1234.jpg
scut_fbp5500,AF1235.jpg,3,C:\Users\한국전파진흥협회\Desktop\dataset\combined\images\scut_fbp5500\AF1235.jpg
scut_fbp5500,AF1236.jpg,4,C:\Users\한국전파진흥협회\Desktop\dataset\combined\images\scut_fbp5500\AF1236.jpg
scut_fbp5500,AF1237.jpg,3,C:\Users\한국전파진흥협회\Desktop\dataset\combined\images\scut_fbp5500\AF1237.jpg
scut_fbp5500,AF1238.jpg,3,C:\Users\한국전파진흥협회\Desktop\dataset\combined\images\scut_fbp5500\AF1238.jpg
scut_fbp5500,AF1239.jpg,4,C:\Users\한국전파진흥협회\Desktop\dataset\combined\images\scut_fbp5500\AF1239.jpg
scut_fbp5500,AF1240.jpg,3,C:\Users\한국전파진흥협회\Desktop\dataset\combined\images\scut_fbp5500\AF1240.jpg
scut_fbp5500,AF1241.jpg,4,C:\Users\한국전파진흥협회\Desktop\dataset\combined\images\scut_fbp5500\AF1241.jpg
scut_fbp5500,AF1242.jpg,4,C:\Users\한국전파진흥협회\Desktop\dataset\combined\images\scut_fbp5500\AF1242.jpg
scut_fbp5500,AF1243.jpg,2,C:\Users\한국전파진흥협회\Desktop\dataset\combined\images\scut_fbp5500\AF1243.jpg
scut_fbp5500,AF1244.jpg,4,C:\Users\한국전파진흥협회\Desktop\dataset\combined\images\scut_fbp5500\AF1244.jpg
scut_fbp5500,AF1245.jpg,3,C:\Users\한국전파진흥협회\Desktop\dataset\combined\images\scut_fbp5500\AF1245.jpg
scut_fbp5500,AF1246.jpg,3,C:\Users\한국전파진흥협회\Desktop\dataset\combined\images\scut_fbp5500\AF1246.jpg
scut_fbp5500,AF1247.jpg,4,C:\Users\한국전파진흥협회\Desktop\dataset\combined\images\scut_fbp5500\AF1247.jpg
scut_fbp5500,AF1248.jpg,3,C:\Users\한국전파진흥협회\Desktop\dataset\combined\images\scut_fbp5500\AF1248.jpg
scut_fbp5500,AF1249.jpg,4,C:\Users\한국전파진흥협회\Desktop\dataset\combined\images\scut_fbp5500\AF1249.jpg
scut_fbp5500,AF1250.jpg,2,C:\Users\한국전파진흥협회\Desktop\dataset\combined\images\scut_fbp5500\AF1250.jpg
scut_fbp5500,AF1251.jpg,4,C:\Users\한국전파진흥협회\Desktop\dataset\combined\images\scut_fbp5500\AF1251.jpg
scut_fbp5500,AF1252.jpg,3,C:\Users\한국전파진흥협회\Desktop\dataset\combined\images\scut_fbp5500\AF1252.jpg
scut_fbp5500,AF1253.jpg,4,C:\Users\한국전파진흥협회\Desktop\dataset\combined\images\scut_fbp5500\AF1253.jpg
scut_fbp5500,AF1254.jpg,4,C:\Users\한국전파진흥협회\Desktop\dataset\combined\images\scut_fbp5500\AF1254.jpg
scut_fbp5500,AF1255.jpg,4,C:\Users\한국전파진흥협회\Desktop\dataset\combined\images\scut_fbp5500\AF1255.jpg
scut_fbp5500,AF1256.jpg,2,C:\Users\한국전파진흥협회\Desktop\dataset\combined\images\scut_fbp5500\AF1256.jpg
scut_fbp5500,AF1257.jpg,4,C:\Users\한국전파진흥협회\Desktop\dataset\combined\images\scut_fbp5500\AF1257.jpg
scut_fbp5500,AF1258.jpg,3,C:\Users\한국전파진흥협회\Desktop\dataset\combined\images\scut_fbp5500\AF1258.jpg
scut_fbp5500,AF1259.jpg,3,C:\Users\한국전파진흥협회\Desktop\dataset\combined\images\scut_fbp5500\AF1259.jpg
scut_fbp5500,AF1260.jpg,4,C:\Users\한국전파진흥협회\Desktop\dataset\combined\images\scut_fbp5500\AF1260.jpg
scut_fbp5500,AF1261.jpg,4,C:\Users\한국전파진흥협회\Desktop\dataset\combined\images\scut_fbp5500\AF1261.jpg
scut_fbp5500,AF1262.jpg,4,C:\Users\한국전파진흥협회\Desktop\dataset\combined\images\scut_fbp5500\AF1262.jpg
scut_fbp5500,AF1263.jpg,3,C:\Users\한국전파진흥협회\Desktop\dataset\combined\images\scut_fbp5500\AF1263.jpg
scut_fbp5500,AF1264.jpg,3,C:\Users\한국전파진흥협회\Desktop\dataset\combined\images\scut_fbp5500\AF1264.jpg
scut_fbp5500,AF1265.jpg,4,C:\Users\한국전파진흥협회\Desktop\dataset\combined\images\scut_fbp5500\AF1265.jpg
scut_fbp5500,AF1266.jpg,4,C:\Users\한국전파진흥협회\Desktop\dataset\combined\images\scut_fbp5500\AF1266.jpg
scut_fbp5500,AF1267.jpg,3,C:\Users\한국전파진흥협회\Desktop\dataset\combined\images\scut_fbp5500\AF1267.jpg
scut_fbp5500,AF1268.jpg,4,C:\Users\한국전파진흥협회\Desktop\dataset\combined\images\scut_fbp5500\AF1268.jpg
scut_fbp5500,AF1269.jpg,3,C:\Users\한국전파진흥협회\Desktop\dataset\combined\images\scut_fbp5500\AF1269.jpg
scut_fbp5500,AF1270.jpg,4,C:\Users\한국전파진흥협회\Desktop\dataset\combined\images\scut_fbp5500\AF1270.jpg
scut_fbp5500,AF1271.jpg,3,C:\Users\한국전파진흥협회\Desktop\dataset\combined\images\scut_fbp5500\AF1271.jpg
scut_fbp5500,AF1272.jpg,4,C:\Users\한국전파진흥협회\Desktop\dataset\combined\images\scut_fbp5500\AF1272.jpg
scut_fbp5500,AF1273.jpg,1,C:\Users\한국전파진흥협회\Desktop\dataset\combined\images\scut_fbp5500\AF1273.jpg
scut_fbp5500,AF1274.jpg,3,C:\Users\한국전파진흥협회\Desktop\dataset\combined\images\scut_fbp5500\AF1274.jpg
scut_fbp5500,AF1275.jpg,4,C:\Users\한국전파진흥협회\Desktop\dataset\combined\images\scut_fbp5500\AF1275.jpg
scut_fbp5500,AF1276.jpg,2,C:\Users\한국전파진흥협회\Desktop\dataset\combined\images\scut_fbp5500\AF1276.jpg
scut_fbp5500,AF1277.jpg,4,C:\Users\한국전파진흥협회\Desktop\dataset\combined\images\scut_fbp5500\AF1277.jpg
scut_fbp5500,AF1278.jpg,4,C:\Users\한국전파진흥협회\Desktop\dataset\combined\images\scut_fbp5500\AF1278.jpg
scut_fbp5500,AF1279.jpg,4,C:\Users\한국전파진흥협회\Desktop\dataset\combined\images\scut_fbp5500\AF1279.jpg
scut_fbp5500,AF1280.jpg,4,C:\Users\한국전파진흥협회\Desktop\dataset\combined\images\scut_fbp5500\AF1280.jpg
scut_fbp5500,AF1281.jpg,3,C:\Users\한국전파진흥협회\Desktop\dataset\combined\images\scut_fbp5500\AF1281.jpg
scut_fbp5500,AF1282.jpg,3,C:\Users\한국전파진흥협회\Desktop\dataset\combined\images\scut_fbp5500\AF1282.jpg
scut_fbp5500,AF1283.jpg,4,C:\Users\한국전파진흥협회\Desktop\dataset\combined\images\scut_fbp5500\AF1283.jpg
scut_fbp5500,AF1284.jpg,3,C:\Users\한국전파진흥협회\Desktop\dataset\combined\images\scut_fbp5500\AF1284.jpg
scut_fbp5500,AF1285.jpg,4,C:\Users\한국전파진흥협회\Desktop\dataset\combined\images\scut_fbp5500\AF1285.jpg
scut_fbp5500,AF1286.jpg,4,C:\Users\한국전파진흥협회\Desktop\dataset\combined\images\scut_fbp5500\AF1286.jpg
scut_fbp5500,AF1287.jpg,3,C:\Users\한국전파진흥협회\Desktop\dataset\combined\images\scut_fbp5500\AF1287.jpg
scut_fbp5500,AF1288.jpg,3,C:\Users\한국전파진흥협회\Desktop\dataset\combined\images\scut_fbp5500\AF1288.jpg
scut_fbp5500,AF1289.jpg,3,C:\Users\한국전파진흥협회\Desktop\dataset\combined\images\scut_fbp5500\AF1289.jpg
scut_fbp5500,AF1290.jpg,3,C:\Users\한국전파진흥협회\Desktop\dataset\combined\images\scut_fbp5500\AF1290.jpg
scut_fbp5500,AF1291.jpg,4,C:\Users\한국전파진흥협회\Desktop\dataset\combined\images\scut_fbp5500\AF1291.jpg
scut_fbp5500,AF1292.jpg,3,C:\Users\한국전파진흥협회\Desktop\dataset\combined\images\scut_fbp5500\AF1292.jpg
scut_fbp5500,AF1293.jpg,4,C:\Users\한국전파진흥협회\Desktop\dataset\combined\images\scut_fbp5500\AF1293.jpg
scut_fbp5500,AF1294.jpg,2,C:\Users\한국전파진흥협회\Desktop\dataset\combined\images\scut_fbp5500\AF1294.jpg
scut_fbp5500,AF1295.jpg,4,C:\Users\한국전파진흥협회\Desktop\dataset\combined\images\scut_fbp5500\AF1295.jpg
scut_fbp5500,AF1296.jpg,3,C:\Users\한국전파진흥협회\Desktop\dataset\combined\images\scut_fbp5500\AF1296.jpg
scut_fbp5500,AF1297.jpg,3,C:\Users\한국전파진흥협회\Desktop\dataset\combined\images\scut_fbp5500\AF1297.jpg
scut_fbp5500,AF1298.jpg,4,C:\Users\한국전파진흥협회\Desktop\dataset\combined\images\scut_fbp5500\AF1298.jpg
scut_fbp5500,AF1299.jpg,4,C:\Users\한국전파진흥협회\Desktop\dataset\combined\images\scut_fbp5500\AF1299.jpg
scut_fbp5500,AF1300.jpg,3,C:\Users\한국전파진흥협회\Desktop\dataset\combined\images\scut_fbp5500\AF1300.jpg
scut_fbp5500,AF1301.jpg,4,C:\Users\한국전파진흥협회\Desktop\dataset\combined\images\scut_fbp5500\AF1301.jpg
scut_fbp5500,AF1302.jpg,4,C:\Users\한국전파진흥협회\Desktop\dataset\combined\images\scut_fbp5500\AF1302.jpg
scut_fbp5500,AF1303.jpg,4,C:\Users\한국전파진흥협회\Desktop\dataset\combined\images\scut_fbp5500\AF1303.jpg
scut_fbp5500,AF1304.jpg,2,C:\Users\한국전파진흥협회\Desktop\dataset\combined\images\scut_fbp5500\AF1304.jpg
scut_fbp5500,AF1305.jpg,4,C:\Users\한국전파진흥협회\Desktop\dataset\combined\images\scut_fbp5500\AF1305.jpg
scut_fbp5500,AF1306.jpg,2,C:\Users\한국전파진흥협회\Desktop\dataset\combined\images\scut_fbp5500\AF1306.jpg
scut_fbp5500,AF1307.jpg,3,C:\Users\한국전파진흥협회\Desktop\dataset\combined\images\scut_fbp5500\AF1307.jpg
scut_fbp5500,AF1308.jpg,4,C:\Users\한국전파진흥협회\Desktop\dataset\combined\images\scut_fbp5500\AF1308.jpg
scut_fbp5500,AF1309.jpg,4,C:\Users\한국전파진흥협회\Desktop\dataset\combined\images\scut_fbp5500\AF1309.jpg
scut_fbp5500,AF1310.jpg,2,C:\Users\한국전파진흥협회\Desktop\dataset\combined\images\scut_fbp5500\AF1310.jpg
scut_fbp5500,AF1311.jpg,4,C:\Users\한국전파진흥협회\Desktop\dataset\combined\images\scut_fbp5500\AF1311.jpg
scut_fbp5500,AF1312.jpg,4,C:\Users\한국전파진흥협회\Desktop\dataset\combined\images\scut_fbp5500\AF1312.jpg
scut_fbp5500,AF1313.jpg,3,C:\Users\한국전파진흥협회\Desktop\dataset\combined\images\scut_fbp5500\AF1313.jpg
scut_fbp5500,AF1314.jpg,3,C:\Users\한국전파진흥협회\Desktop\dataset\combined\images\scut_fbp5500\AF1314.jpg
scut_fbp5500,AF1315.jpg,3,C:\Users\한국전파진흥협회\Desktop\dataset\combined\images\scut_fbp5500\AF1315.jpg
scut_fbp5500,AF1316.jpg,4,C:\Users\한국전파진흥협회\Desktop\dataset\combined\images\scut_fbp5500\AF1316.jpg
scut_fbp5500,AF1317.jpg,4,C:\Users\한국전파진흥협회\Desktop\dataset\combined\images\scut_fbp5500\AF1317.jpg
scut_fbp5500,AF1318.jpg,4,C:\Users\한국전파진흥협회\Desktop\dataset\combined\images\scut_fbp5500\AF1318.jpg
scut_fbp5500,AF1319.jpg,4,C:\Users\한국전파진흥협회\Desktop\dataset\combined\images\scut_fbp5500\AF1319.jpg
scut_fbp5500,AF1320.jpg,4,C:\Users\한국전파진흥협회\Desktop\dataset\combined\images\scut_fbp5500\AF1320.jpg
scut_fbp5500,AF1321.jpg,2,C:\Users\한국전파진흥협회\Desktop\dataset\combined\images\scut_fbp5500\AF1321.jpg
scut_fbp5500,AF1322.jpg,3,C:\Users\한국전파진흥협회\Desktop\dataset\combined\images\scut_fbp5500\AF1322.jpg
scut_fbp5500,AF1323.jpg,3,C:\Users\한국전파진흥협회\Desktop\dataset\combined\images\scut_fbp5500\AF1323.jpg
scut_fbp5500,AF1324.jpg,4,C:\Users\한국전파진흥협회\Desktop\dataset\combined\images\scut_fbp5500\AF1324.jpg
scut_fbp5500,AF1325.jpg,2,C:\Users\한국전파진흥협회\Desktop\dataset\combined\images\scut_fbp5500\AF1325.jpg
scut_fbp5500,AF1326.jpg,4,C:\Users\한국전파진흥협회\Desktop\dataset\combined\images\scut_fbp5500\AF1326.jpg
scut_fbp5500,AF1327.jpg,3,C:\Users\한국전파진흥협회\Desktop\dataset\combined\images\scut_fbp5500\AF1327.jpg
scut_fbp5500,AF1328.jpg,4,C:\Users\한국전파진흥협회\Desktop\dataset\combined\images\scut_fbp5500\AF1328.jpg
scut_fbp5500,AF1329.jpg,3,C:\Users\한국전파진흥협회\Desktop\dataset\combined\images\scut_fbp5500\AF1329.jpg
scut_fbp5500,AF1330.jpg,4,C:\Users\한국전파진흥협회\Desktop\dataset\combined\images\scut_fbp5500\AF1330.jpg
scut_fbp5500,AF1331.jpg,4,C:\Users\한국전파진흥협회\Desktop\dataset\combined\images\scut_fbp5500\AF1331.jpg
scut_fbp5500,AF1332.jpg,2,C:\Users\한국전파진흥협회\Desktop\dataset\combined\images\scut_fbp5500\AF1332.jpg
scut_fbp5500,AF1333.jpg,4,C:\Users\한국전파진흥협회\Desktop\dataset\combined\images\scut_fbp5500\AF1333.jpg
scut_fbp5500,AF1334.jpg,4,C:\Users\한국전파진흥협회\Desktop\dataset\combined\images\scut_fbp5500\AF1334.jpg
scut_fbp5500,AF1335.jpg,4,C:\Users\한국전파진흥협회\Desktop\dataset\combined\images\scut_fbp5500\AF1335.jpg
scut_fbp5500,AF1336.jpg,4,C:\Users\한국전파진흥협회\Desktop\dataset\combined\images\scut_fbp5500\AF1336.jpg
scut_fbp5500,AF1337.jpg,2,C:\Users\한국전파진흥협회\Desktop\dataset\combined\images\scut_fbp5500\AF1337.jpg
scut_fbp5500,AF1338.jpg,3,C:\Users\한국전파진흥협회\Desktop\dataset\combined\images\scut_fbp5500\AF1338.jpg
scut_fbp5500,AF1339.jpg,3,C:\Users\한국전파진흥협회\Desktop\dataset\combined\images\scut_fbp5500\AF1339.jpg
scut_fbp5500,AF1340.jpg,4,C:\Users\한국전파진흥협회\Desktop\dataset\combined\images\scut_fbp5500\AF1340.jpg
scut_fbp5500,AF1341.jpg,2,C:\Users\한국전파진흥협회\Desktop\dataset\combined\images\scut_fbp5500\AF1341.jpg
scut_fbp5500,AF1342.jpg,4,C:\Users\한국전파진흥협회\Desktop\dataset\combined\images\scut_fbp5500\AF1342.jpg
scut_fbp5500,AF1343.jpg,4,C:\Users\한국전파진흥협회\Desktop\dataset\combined\images\scut_fbp5500\AF1343.jpg
scut_fbp5500,AF1344.jpg,4,C:\Users\한국전파진흥협회\Desktop\dataset\combined\images\scut_fbp5500\AF1344.jpg
scut_fbp5500,AF1345.jpg,4,C:\Users\한국전파진흥협회\Desktop\dataset\combined\images\scut_fbp5500\AF1345.jpg
scut_fbp5500,AF1346.jpg,4,C:\Users\한국전파진흥협회\Desktop\dataset\combined\images\scut_fbp5500\AF1346.jpg
scut_fbp5500,AF1347.jpg,3,C:\Users\한국전파진흥협회\Desktop\dataset\combined\images\scut_fbp5500\AF1347.jpg
scut_fbp5500,AF1348.jpg,4,C:\Users\한국전파진흥협회\Desktop\dataset\combined\images\scut_fbp5500\AF1348.jpg
scut_fbp5500,AF1349.jpg,2,C:\Users\한국전파진흥협회\Desktop\dataset\combined\images\scut_fbp5500\AF1349.jpg
scut_fbp5500,AF1350.jpg,2,C:\Users\한국전파진흥협회\Desktop\dataset\combined\images\scut_fbp5500\AF1350.jpg
scut_fbp5500,AF1351.jpg,2,C:\Users\한국전파진흥협회\Desktop\dataset\combined\images\scut_fbp5500\AF1351.jpg
scut_fbp5500,AF1352.jpg,3,C:\Users\한국전파진흥협회\Desktop\dataset\combined\images\scut_fbp5500\AF1352.jpg
scut_fbp5500,AF1353.jpg,3,C:\Users\한국전파진흥협회\Desktop\dataset\combined\images\scut_fbp5500\AF1353.jpg
scut_fbp5500,AF1354.jpg,3,C:\Users\한국전파진흥협회\Desktop\dataset\combined\images\scut_fbp5500\AF1354.jpg
scut_fbp5500,AF1355.jpg,4,C:\Users\한국전파진흥협회\Desktop\dataset\combined\images\scut_fbp5500\AF1355.jpg
scut_fbp5500,AF1356.jpg,3,C:\Users\한국전파진흥협회\Desktop\dataset\combined\images\scut_fbp5500\AF1356.jpg
scut_fbp5500,AF1357.jpg,4,C:\Users\한국전파진흥협회\Desktop\dataset\combined\images\scut_fbp5500\AF1357.jpg
scut_fbp5500,AF1358.jpg,2,C:\Users\한국전파진흥협회\Desktop\dataset\combined\images\scut_fbp5500\AF1358.jpg
scut_fbp5500,AF1359.jpg,4,C:\Users\한국전파진흥협회\Desktop\dataset\combined\images\scut_fbp5500\AF1359.jpg
scut_fbp5500,AF1360.jpg,4,C:\Users\한국전파진흥협회\Desktop\dataset\combined\images\scut_fbp5500\AF1360.jpg
scut_fbp5500,AF1361.jpg,4,C:\Users\한국전파진흥협회\Desktop\dataset\combined\images\scut_fbp5500\AF1361.jpg
scut_fbp5500,AF1362.jpg,4,C:\Users\한국전파진흥협회\Desktop\dataset\combined\images\scut_fbp5500\AF1362.jpg
scut_fbp5500,AF1363.jpg,3,C:\Users\한국전파진흥협회\Desktop\dataset\combined\images\scut_fbp5500\AF1363.jpg
scut_fbp5500,AF1364.jpg,4,C:\Users\한국전파진흥협회\Desktop\dataset\combined\images\scut_fbp5500\AF1364.jpg
scut_fbp5500,AF1365.jpg,4,C:\Users\한국전파진흥협회\Desktop\dataset\combined\images\scut_fbp5500\AF1365.jpg
scut_fbp5500,AF1366.jpg,4,C:\Users\한국전파진흥협회\Desktop\dataset\combined\images\scut_fbp5500\AF1366.jpg
scut_fbp5500,AF1367.jpg,3,C:\Users\한국전파진흥협회\Desktop\dataset\combined\images\scut_fbp5500\AF1367.jpg
scut_fbp5500,AF1368.jpg,3,C:\Users\한국전파진흥협회\Desktop\dataset\combined\images\scut_fbp5500\AF1368.jpg
scut_fbp5500,AF1369.jpg,3,C:\Users\한국전파진흥협회\Desktop\dataset\combined\images\scut_fbp5500\AF1369.jpg
scut_fbp5500,AF1370.jpg,4,C:\Users\한국전파진흥협회\Desktop\dataset\combined\images\scut_fbp5500\AF1370.jpg
scut_fbp5500,AF1371.jpg,4,C:\Users\한국전파진흥협회\Desktop\dataset\combined\images\scut_fbp5500\AF1371.jpg
scut_fbp5500,AF1372.jpg,3,C:\Users\한국전파진흥협회\Desktop\dataset\combined\images\scut_fbp5500\AF1372.jpg
scut_fbp5500,AF1373.jpg,3,C:\Users\한국전파진흥협회\Desktop\dataset\combined\images\scut_fbp5500\AF1373.jpg
scut_fbp5500,AF1374.jpg,4,C:\Users\한국전파진흥협회\Desktop\dataset\combined\images\scut_fbp5500\AF1374.jpg
scut_fbp5500,AF1375.jpg,3,C:\Users\한국전파진흥협회\Desktop\dataset\combined\images\scut_fbp5500\AF1375.jpg
scut_fbp5500,AF1376.jpg,4,C:\Users\한국전파진흥협회\Desktop\dataset\combined\images\scut_fbp5500\AF1376.jpg
scut_fbp5500,AF1377.jpg,4,C:\Users\한국전파진흥협회\Desktop\dataset\combined\images\scut_fbp5500\AF1377.jpg
scut_fbp5500,AF1378.jpg,3,C:\Users\한국전파진흥협회\Desktop\dataset\combined\images\scut_fbp5500\AF1378.jpg
scut_fbp5500,AF1379.jpg,3,C:\Users\한국전파진흥협회\Desktop\dataset\combined\images\scut_fbp5500\AF1379.jpg
scut_fbp5500,AF1380.jpg,2,C:\Users\한국전파진흥협회\Desktop\dataset\combined\images\scut_fbp5500\AF1380.jpg
scut_fbp5500,AF1381.jpg,4,C:\Users\한국전파진흥협회\Desktop\dataset\combined\images\scut_fbp5500\AF1381.jpg
scut_fbp5500,AF1382.jpg,4,C:\Users\한국전파진흥협회\Desktop\dataset\combined\images\scut_fbp5500\AF1382.jpg
scut_fbp5500,AF1383.jpg,2,C:\Users\한국전파진흥협회\Desktop\dataset\combined\images\scut_fbp5500\AF1383.jpg
scut_fbp5500,AF1384.jpg,4,C:\Users\한국전파진흥협회\Desktop\dataset\combined\images\scut_fbp5500\AF1384.jpg
scut_fbp5500,AF1385.jpg,4,C:\Users\한국전파진흥협회\Desktop\dataset\combined\images\scut_fbp5500\AF1385.jpg
scut_fbp5500,AF1386.jpg,3,C:\Users\한국전파진흥협회\Desktop\dataset\combined\images\scut_fbp5500\AF1386.jpg
scut_fbp5500,AF1387.jpg,4,C:\Users\한국전파진흥협회\Desktop\dataset\combined\images\scut_fbp5500\AF1387.jpg
scut_fbp5500,AF1388.jpg,4,C:\Users\한국전파진흥협회\Desktop\dataset\combined\images\scut_fbp5500\AF1388.jpg
scut_fbp5500,AF1389.jpg,4,C:\Users\한국전파진흥협회\Desktop\dataset\combined\images\scut_fbp5500\AF1389.jpg
scut_fbp5500,AF1390.jpg,4,C:\Users\한국전파진흥협회\Desktop\dataset\combined\images\scut_fbp5500\AF1390.jpg
scut_fbp5500,AF1391.jpg,3,C:\Users\한국전파진흥협회\Desktop\dataset\combined\images\scut_fbp5500\AF1391.jpg
scut_fbp5500,AF1392.jpg,4,C:\Users\한국전파진흥협회\Desktop\dataset\combined\images\scut_fbp5500\AF1392.jpg
scut_fbp5500,AF1393.jpg,4,C:\Users\한국전파진흥협회\Desktop\dataset\combined\images\scut_fbp5500\AF1393.jpg
scut_fbp5500,AF1394.jpg,3,C:\Users\한국전파진흥협회\Desktop\dataset\combined\images\scut_fbp5500\AF1394.jpg
scut_fbp5500,AF1395.jpg,4,C:\Users\한국전파진흥협회\Desktop\dataset\combined\images\scut_fbp5500\AF1395.jpg
scut_fbp5500,AF1396.jpg,4,C:\Users\한국전파진흥협회\Desktop\dataset\combined\images\scut_fbp5500\AF1396.jpg
scut_fbp5500,AF1397.jpg,4,C:\Users\한국전파진흥협회\Desktop\dataset\combined\images\scut_fbp5500\AF1397.jpg
scut_fbp5500,AF1398.jpg,1,C:\Users\한국전파진흥협회\Desktop\dataset\combined\images\scut_fbp5500\AF1398.jpg
scut_fbp5500,AF1399.jpg,3,C:\Users\한국전파진흥협회\Desktop\dataset\combined\images\scut_fbp5500\AF1399.jpg
scut_fbp5500,AF1400.jpg,4,C:\Users\한국전파진흥협회\Desktop\dataset\combined\images\scut_fbp5500\AF1400.jpg
scut_fbp5500,AF1401.jpg,4,C:\Users\한국전파진흥협회\Desktop\dataset\combined\images\scut_fbp5500\AF1401.jpg
scut_fbp5500,AF1402.jpg,4,C:\Users\한국전파진흥협회\Desktop\dataset\combined\images\scut_fbp5500\AF1402.jpg
scut_fbp5500,AF1403.jpg,4,C:\Users\한국전파진흥협회\Desktop\dataset\combined\images\scut_fbp5500\AF1403.jpg
scut_fbp5500,AF1404.jpg,3,C:\Users\한국전파진흥협회\Desktop\dataset\combined\images\scut_fbp5500\AF1404.jpg
scut_fbp5500,AF1405.jpg,4,C:\Users\한국전파진흥협회\Desktop\dataset\combined\images\scut_fbp5500\AF1405.jpg
scut_fbp5500,AF1406.jpg,4,C:\Users\한국전파진흥협회\Desktop\dataset\combined\images\scut_fbp5500\AF1406.jpg
scut_fbp5500,AF1407.jpg,3,C:\Users\한국전파진흥협회\Desktop\dataset\combined\images\scut_fbp5500\AF1407.jpg
scut_fbp5500,AF1408.jpg,4,C:\Users\한국전파진흥협회\Desktop\dataset\combined\images\scut_fbp5500\AF1408.jpg
scut_fbp5500,AF1409.jpg,4,C:\Users\한국전파진흥협회\Desktop\dataset\combined\images\scut_fbp5500\AF1409.jpg
scut_fbp5500,AF1410.jpg,3,C:\Users\한국전파진흥협회\Desktop\dataset\combined\images\scut_fbp5500\AF1410.jpg
scut_fbp5500,AF1411.jpg,3,C:\Users\한국전파진흥협회\Desktop\dataset\combined\images\scut_fbp5500\AF1411.jpg
scut_fbp5500,AF1412.jpg,3,C:\Users\한국전파진흥협회\Desktop\dataset\combined\images\scut_fbp5500\AF1412.jpg
scut_fbp5500,AF1413.jpg,3,C:\Users\한국전파진흥협회\Desktop\dataset\combined\images\scut_fbp5500\AF1413.jpg
scut_fbp5500,AF1414.jpg,4,C:\Users\한국전파진흥협회\Desktop\dataset\combined\images\scut_fbp5500\AF1414.jpg
scut_fbp5500,AF1415.jpg,2,C:\Users\한국전파진흥협회\Desktop\dataset\combined\images\scut_fbp5500\AF1415.jpg
scut_fbp5500,AF1416.jpg,3,C:\Users\한국전파진흥협회\Desktop\dataset\combined\images\scut_fbp5500\AF1416.jpg
scut_fbp5500,AF1417.jpg,4,C:\Users\한국전파진흥협회\Desktop\dataset\combined\images\scut_fbp5500\AF1417.jpg
scut_fbp5500,AF1418.jpg,3,C:\Users\한국전파진흥협회\Desktop\dataset\combined\images\scut_fbp5500\AF1418.jpg
scut_fbp5500,AF1419.jpg,4,C:\Users\한국전파진흥협회\Desktop\dataset\combined\images\scut_fbp5500\AF1419.jpg
scut_fbp5500,AF1420.jpg,3,C:\Users\한국전파진흥협회\Desktop\dataset\combined\images\scut_fbp5500\AF1420.jpg
scut_fbp5500,AF1421.jpg,3,C:\Users\한국전파진흥협회\Desktop\dataset\combined\images\scut_fbp5500\AF1421.jpg
scut_fbp5500,AF1422.jpg,4,C:\Users\한국전파진흥협회\Desktop\dataset\combined\images\scut_fbp5500\AF1422.jpg
scut_fbp5500,AF1423.jpg,4,C:\Users\한국전파진흥협회\Desktop\dataset\combined\images\scut_fbp5500\AF1423.jpg
scut_fbp5500,AF1424.jpg,3,C:\Users\한국전파진흥협회\Desktop\dataset\combined\images\scut_fbp5500\AF1424.jpg
scut_fbp5500,AF1425.jpg,3,C:\Users\한국전파진흥협회\Desktop\dataset\combined\images\scut_fbp5500\AF1425.jpg
scut_fbp5500,AF1426.jpg,4,C:\Users\한국전파진흥협회\Desktop\dataset\combined\images\scut_fbp5500\AF1426.jpg
scut_fbp5500,AF1427.jpg,4,C:\Users\한국전파진흥협회\Desktop\dataset\combined\images\scut_fbp5500\AF1427.jpg
scut_fbp5500,AF1428.jpg,4,C:\Users\한국전파진흥협회\Desktop\dataset\combined\images\scut_fbp5500\AF1428.jpg
scut_fbp5500,AF1429.jpg,4,C:\Users\한국전파진흥협회\Desktop\dataset\combined\images\scut_fbp5500\AF1429.jpg
scut_fbp5500,AF1430.jpg,4,C:\Users\한국전파진흥협회\Desktop\dataset\combined\images\scut_fbp5500\AF1430.jpg
scut_fbp5500,AF1431.jpg,4,C:\Users\한국전파진흥협회\Desktop\dataset\combined\images\scut_fbp5500\AF1431.jpg
scut_fbp5500,AF1432.jpg,3,C:\Users\한국전파진흥협회\Desktop\dataset\combined\images\scut_fbp5500\AF1432.jpg
scut_fbp5500,AF1433.jpg,3,C:\Users\한국전파진흥협회\Desktop\dataset\combined\images\scut_fbp5500\AF1433.jpg
scut_fbp5500,AF1434.jpg,4,C:\Users\한국전파진흥협회\Desktop\dataset\combined\images\scut_fbp5500\AF1434.jpg
scut_fbp5500,AF1435.jpg,3,C:\Users\한국전파진흥협회\Desktop\dataset\combined\images\scut_fbp5500\AF1435.jpg
scut_fbp5500,AF1436.jpg,3,C:\Users\한국전파진흥협회\Desktop\dataset\combined\images\scut_fbp5500\AF1436.jpg
scut_fbp5500,AF1437.jpg,4,C:\Users\한국전파진흥협회\Desktop\dataset\combined\images\scut_fbp5500\AF1437.jpg
scut_fbp5500,AF1438.jpg,3,C:\Users\한국전파진흥협회\Desktop\dataset\combined\images\scut_fbp5500\AF1438.jpg
scut_fbp5500,AF1439.jpg,4,C:\Users\한국전파진흥협회\Desktop\dataset\combined\images\scut_fbp5500\AF1439.jpg
scut_fbp5500,AF1440.jpg,4,C:\Users\한국전파진흥협회\Desktop\dataset\combined\images\scut_fbp5500\AF1440.jpg
scut_fbp5500,AF1441.jpg,3,C:\Users\한국전파진흥협회\Desktop\dataset\combined\images\scut_fbp5500\AF1441.jpg
scut_fbp5500,AF1442.jpg,4,C:\Users\한국전파진흥협회\Desktop\dataset\combined\images\scut_fbp5500\AF1442.jpg
scut_fbp5500,AF1443.jpg,3,C:\Users\한국전파진흥협회\Desktop\dataset\combined\images\scut_fbp5500\AF1443.jpg
scut_fbp5500,AF1444.jpg,4,C:\Users\한국전파진흥협회\Desktop\dataset\combined\images\scut_fbp5500\AF1444.jpg
scut_fbp5500,AF1445.jpg,4,C:\Users\한국전파진흥협회\Desktop\dataset\combined\images\scut_fbp5500\AF1445.jpg
scut_fbp5500,AF1446.jpg,4,C:\Users\한국전파진흥협회\Desktop\dataset\combined\images\scut_fbp5500\AF1446.jpg
scut_fbp5500,AF1447.jpg,4,C:\Users\한국전파진흥협회\Desktop\dataset\combined\images\scut_fbp5500\AF1447.jpg
scut_fbp5500,AF1448.jpg,4,C:\Users\한국전파진흥협회\Desktop\dataset\combined\images\scut_fbp5500\AF1448.jpg
scut_fbp5500,AF1449.jpg,4,C:\Users\한국전파진흥협회\Desktop\dataset\combined\images\scut_fbp5500\AF1449.jpg
scut_fbp5500,AF1450.jpg,3,C:\Users\한국전파진흥협회\Desktop\dataset\combined\images\scut_fbp5500\AF1450.jpg
scut_fbp5500,AF1451.jpg,4,C:\Users\한국전파진흥협회\Desktop\dataset\combined\images\scut_fbp5500\AF1451.jpg
scut_fbp5500,AF1452.jpg,3,C:\Users\한국전파진흥협회\Desktop\dataset\combined\images\scut_fbp5500\AF1452.jpg
scut_fbp5500,AF1453.jpg,1,C:\Users\한국전파진흥협회\Desktop\dataset\combined\images\scut_fbp5500\AF1453.jpg
scut_fbp5500,AF1454.jpg,3,C:\Users\한국전파진흥협회\Desktop\dataset\combined\images\scut_fbp5500\AF1454.jpg
scut_fbp5500,AF1455.jpg,3,C:\Users\한국전파진흥협회\Desktop\dataset\combined\images\scut_fbp5500\AF1455.jpg
scut_fbp5500,AF1456.jpg,4,C:\Users\한국전파진흥협회\Desktop\dataset\combined\images\scut_fbp5500\AF1456.jpg
scut_fbp5500,AF1457.jpg,4,C:\Users\한국전파진흥협회\Desktop\dataset\combined\images\scut_fbp5500\AF1457.jpg
scut_fbp5500,AF1458.jpg,4,C:\Users\한국전파진흥협회\Desktop\dataset\combined\images\scut_fbp5500\AF1458.jpg
scut_fbp5500,AF1459.jpg,4,C:\Users\한국전파진흥협회\Desktop\dataset\combined\images\scut_fbp5500\AF1459.jpg
scut_fbp5500,AF1460.jpg,4,C:\Users\한국전파진흥협회\Desktop\dataset\combined\images\scut_fbp5500\AF1460.jpg
scut_fbp5500,AF1461.jpg,3,C:\Users\한국전파진흥협회\Desktop\dataset\combined\images\scut_fbp5500\AF1461.jpg
scut_fbp5500,AF1462.jpg,4,C:\Users\한국전파진흥협회\Desktop\dataset\combined\images\scut_fbp5500\AF1462.jpg
scut_fbp5500,AF1463.jpg,3,C:\Users\한국전파진흥협회\Desktop\dataset\combined\images\scut_fbp5500\AF1463.jpg
scut_fbp5500,AF1464.jpg,3,C:\Users\한국전파진흥협회\Desktop\dataset\combined\images\scut_fbp5500\AF1464.jpg
scut_fbp5500,AF1465.jpg,4,C:\Users\한국전파진흥협회\Desktop\dataset\combined\images\scut_fbp5500\AF1465.jpg
scut_fbp5500,AF1466.jpg,4,C:\Users\한국전파진흥협회\Desktop\dataset\combined\images\scut_fbp5500\AF1466.jpg
scut_fbp5500,AF1467.jpg,4,C:\Users\한국전파진흥협회\Desktop\dataset\combined\images\scut_fbp5500\AF1467.jpg
scut_fbp5500,AF1468.jpg,4,C:\Users\한국전파진흥협회\Desktop\dataset\combined\images\scut_fbp5500\AF1468.jpg
scut_fbp5500,AF1469.jpg,4,C:\Users\한국전파진흥협회\Desktop\dataset\combined\images\scut_fbp5500\AF1469.jpg
scut_fbp5500,AF1470.jpg,3,C:\Users\한국전파진흥협회\Desktop\dataset\combined\images\scut_fbp5500\AF1470.jpg
scut_fbp5500,AF1471.jpg,3,C:\Users\한국전파진흥협회\Desktop\dataset\combined\images\scut_fbp5500\AF1471.jpg
scut_fbp5500,AF1472.jpg,4,C:\Users\한국전파진흥협회\Desktop\dataset\combined\images\scut_fbp5500\AF1472.jpg
scut_fbp5500,AF1473.jpg,3,C:\Users\한국전파진흥협회\Desktop\dataset\combined\images\scut_fbp5500\AF1473.jpg
scut_fbp5500,AF1474.jpg,4,C:\Users\한국전파진흥협회\Desktop\dataset\combined\images\scut_fbp5500\AF1474.jpg
scut_fbp5500,AF1475.jpg,2,C:\Users\한국전파진흥협회\Desktop\dataset\combined\images\scut_fbp5500\AF1475.jpg
scut_fbp5500,AF1476.jpg,4,C:\Users\한국전파진흥협회\Desktop\dataset\combined\images\scut_fbp5500\AF1476.jpg
scut_fbp5500,AF1477.jpg,4,C:\Users\한국전파진흥협회\Desktop\dataset\combined\images\scut_fbp5500\AF1477.jpg
scut_fbp5500,AF1478.jpg,4,C:\Users\한국전파진흥협회\Desktop\dataset\combined\images\scut_fbp5500\AF1478.jpg
scut_fbp5500,AF1479.jpg,4,C:\Users\한국전파진흥협회\Desktop\dataset\combined\images\scut_fbp5500\AF1479.jpg
scut_fbp5500,AF1480.jpg,3,C:\Users\한국전파진흥협회\Desktop\dataset\combined\images\scut_fbp5500\AF1480.jpg
scut_fbp5500,AF1481.jpg,4,C:\Users\한국전파진흥협회\Desktop\dataset\combined\images\scut_fbp5500\AF1481.jpg
scut_fbp5500,AF1482.jpg,3,C:\Users\한국전파진흥협회\Desktop\dataset\combined\images\scut_fbp5500\AF1482.jpg
scut_fbp5500,AF1483.jpg,3,C:\Users\한국전파진흥협회\Desktop\dataset\combined\images\scut_fbp5500\AF1483.jpg
scut_fbp5500,AF1484.jpg,4,C:\Users\한국전파진흥협회\Desktop\dataset\combined\images\scut_fbp5500\AF1484.jpg
scut_fbp5500,AF1485.jpg,3,C:\Users\한국전파진흥협회\Desktop\dataset\combined\images\scut_fbp5500\AF1485.jpg
scut_fbp5500,AF1486.jpg,4,C:\Users\한국전파진흥협회\Desktop\dataset\combined\images\scut_fbp5500\AF1486.jpg
scut_fbp5500,AF1487.jpg,3,C:\Users\한국전파진흥협회\Desktop\dataset\combined\images\scut_fbp5500\AF1487.jpg
scut_fbp5500,AF1488.jpg,4,C:\Users\한국전파진흥협회\Desktop\dataset\combined\images\scut_fbp5500\AF1488.jpg
scut_fbp5500,AF1489.jpg,3,C:\Users\한국전파진흥협회\Desktop\dataset\combined\images\scut_fbp5500\AF1489.jpg
scut_fbp5500,AF1490.jpg,4,C:\Users\한국전파진흥협회\Desktop\dataset\combined\images\scut_fbp5500\AF1490.jpg
scut_fbp5500,AF1491.jpg,4,C:\Users\한국전파진흥협회\Desktop\dataset\combined\images\scut_fbp5500\AF1491.jpg
scut_fbp5500,AF1492.jpg,4,C:\Users\한국전파진흥협회\Desktop\dataset\combined\images\scut_fbp5500\AF1492.jpg
scut_fbp5500,AF1493.jpg,3,C:\Users\한국전파진흥협회\Desktop\dataset\combined\images\scut_fbp5500\AF1493.jpg
scut_fbp5500,AF1494.jpg,4,C:\Users\한국전파진흥협회\Desktop\dataset\combined\images\scut_fbp5500\AF1494.jpg
scut_fbp5500,AF1495.jpg,4,C:\Users\한국전파진흥협회\Desktop\dataset\combined\images\scut_fbp5500\AF1495.jpg
scut_fbp5500,AF1496.jpg,4,C:\Users\한국전파진흥협회\Desktop\dataset\combined\images\scut_fbp5500\AF1496.jpg
scut_fbp5500,AF1497.jpg,3,C:\Users\한국전파진흥협회\Desktop\dataset\combined\images\scut_fbp5500\AF1497.jpg
scut_fbp5500,AF1498.jpg,4,C:\Users\한국전파진흥협회\Desktop\dataset\combined\images\scut_fbp5500\AF1498.jpg
scut_fbp5500,AF1499.jpg,3,C:\Users\한국전파진흥협회\Desktop\dataset\combined\images\scut_fbp5500\AF1499.jpg
scut_fbp5500,AF1500.jpg,4,C:\Users\한국전파진흥협회\Desktop\dataset\combined\images\scut_fbp5500\AF1500.jpg
scut_fbp5500,AF1501.jpg,4,C:\Users\한국전파진흥협회\Desktop\dataset\combined\images\scut_fbp5500\AF1501.jpg
scut_fbp5500,AF1502.jpg,4,C:\Users\한국전파진흥협회\Desktop\dataset\combined\images\scut_fbp5500\AF1502.jpg
scut_fbp5500,AF1503.jpg,3,C:\Users\한국전파진흥협회\Desktop\dataset\combined\images\scut_fbp5500\AF1503.jpg
scut_fbp5500,AF1504.jpg,3,C:\Users\한국전파진흥협회\Desktop\dataset\combined\images\scut_fbp5500\AF1504.jpg
scut_fbp5500,AF1505.jpg,3,C:\Users\한국전파진흥협회\Desktop\dataset\combined\images\scut_fbp5500\AF1505.jpg
scut_fbp5500,AF1506.jpg,4,C:\Users\한국전파진흥협회\Desktop\dataset\combined\images\scut_fbp5500\AF1506.jpg
scut_fbp5500,AF1507.jpg,3,C:\Users\한국전파진흥협회\Desktop\dataset\combined\images\scut_fbp5500\AF1507.jpg
scut_fbp5500,AF1508.jpg,4,C:\Users\한국전파진흥협회\Desktop\dataset\combined\images\scut_fbp5500\AF1508.jpg
scut_fbp5500,AF1509.jpg,2,C:\Users\한국전파진흥협회\Desktop\dataset\combined\images\scut_fbp5500\AF1509.jpg
scut_fbp5500,AF1510.jpg,4,C:\Users\한국전파진흥협회\Desktop\dataset\combined\images\scut_fbp5500\AF1510.jpg
scut_fbp5500,AF1511.jpg,4,C:\Users\한국전파진흥협회\Desktop\dataset\combined\images\scut_fbp5500\AF1511.jpg
scut_fbp5500,AF1512.jpg,3,C:\Users\한국전파진흥협회\Desktop\dataset\combined\images\scut_fbp5500\AF1512.jpg
scut_fbp5500,AF1513.jpg,4,C:\Users\한국전파진흥협회\Desktop\dataset\combined\images\scut_fbp5500\AF1513.jpg
scut_fbp5500,AF1514.jpg,4,C:\Users\한국전파진흥협회\Desktop\dataset\combined\images\scut_fbp5500\AF1514.jpg
scut_fbp5500,AF1515.jpg,4,C:\Users\한국전파진흥협회\Desktop\dataset\combined\images\scut_fbp5500\AF1515.jpg
scut_fbp5500,AF1516.jpg,3,C:\Users\한국전파진흥협회\Desktop\dataset\combined\images\scut_fbp5500\AF1516.jpg
scut_fbp5500,AF1517.jpg,3,C:\Users\한국전파진흥협회\Desktop\dataset\combined\images\scut_fbp5500\AF1517.jpg
scut_fbp5500,AF1518.jpg,3,C:\Users\한국전파진흥협회\Desktop\dataset\combined\images\scut_fbp5500\AF1518.jpg
scut_fbp5500,AF1519.jpg,4,C:\Users\한국전파진흥협회\Desktop\dataset\combined\images\scut_fbp5500\AF1519.jpg
scut_fbp5500,AF1520.jpg,3,C:\Users\한국전파진흥협회\Desktop\dataset\combined\images\scut_fbp5500\AF1520.jpg
scut_fbp5500,AF1521.jpg,4,C:\Users\한국전파진흥협회\Desktop\dataset\combined\images\scut_fbp5500\AF1521.jpg
scut_fbp5500,AF1522.jpg,2,C:\Users\한국전파진흥협회\Desktop\dataset\combined\images\scut_fbp5500\AF1522.jpg
scut_fbp5500,AF1523.jpg,4,C:\Users\한국전파진흥협회\Desktop\dataset\combined\images\scut_fbp5500\AF1523.jpg
scut_fbp5500,AF1524.jpg,4,C:\Users\한국전파진흥협회\Desktop\dataset\combined\images\scut_fbp5500\AF1524.jpg
scut_fbp5500,AF1525.jpg,4,C:\Users\한국전파진흥협회\Desktop\dataset\combined\images\scut_fbp5500\AF1525.jpg
scut_fbp5500,AF1526.jpg,4,C:\Users\한국전파진흥협회\Desktop\dataset\combined\images\scut_fbp5500\AF1526.jpg
scut_fbp5500,AF1527.jpg,4,C:\Users\한국전파진흥협회\Desktop\dataset\combined\images\scut_fbp5500\AF1527.jpg
scut_fbp5500,AF1528.jpg,3,C:\Users\한국전파진흥협회\Desktop\dataset\combined\images\scut_fbp5500\AF1528.jpg
scut_fbp5500,AF1529.jpg,4,C:\Users\한국전파진흥협회\Desktop\dataset\combined\images\scut_fbp5500\AF1529.jpg
scut_fbp5500,AF1530.jpg,4,C:\Users\한국전파진흥협회\Desktop\dataset\combined\images\scut_fbp5500\AF1530.jpg
scut_fbp5500,AF1531.jpg,3,C:\Users\한국전파진흥협회\Desktop\dataset\combined\images\scut_fbp5500\AF1531.jpg
scut_fbp5500,AF1532.jpg,4,C:\Users\한국전파진흥협회\Desktop\dataset\combined\images\scut_fbp5500\AF1532.jpg
scut_fbp5500,AF1533.jpg,4,C:\Users\한국전파진흥협회\Desktop\dataset\combined\images\scut_fbp5500\AF1533.jpg
scut_fbp5500,AF1534.jpg,4,C:\Users\한국전파진흥협회\Desktop\dataset\combined\images\scut_fbp5500\AF1534.jpg
scut_fbp5500,AF1535.jpg,3,C:\Users\한국전파진흥협회\Desktop\dataset\combined\images\scut_fbp5500\AF1535.jpg
scut_fbp5500,AF1536.jpg,4,C:\Users\한국전파진흥협회\Desktop\dataset\combined\images\scut_fbp5500\AF1536.jpg
scut_fbp5500,AF1537.jpg,4,C:\Users\한국전파진흥협회\Desktop\dataset\combined\images\scut_fbp5500\AF1537.jpg
scut_fbp5500,AF1538.jpg,4,C:\Users\한국전파진흥협회\Desktop\dataset\combined\images\scut_fbp5500\AF1538.jpg
scut_fbp5500,AF1539.jpg,2,C:\Users\한국전파진흥협회\Desktop\dataset\combined\images\scut_fbp5500\AF1539.jpg
scut_fbp5500,AF1540.jpg,1,C:\Users\한국전파진흥협회\Desktop\dataset\combined\images\scut_fbp5500\AF1540.jpg
scut_fbp5500,AF1541.jpg,4,C:\Users\한국전파진흥협회\Desktop\dataset\combined\images\scut_fbp5500\AF1541.jpg
scut_fbp5500,AF1542.jpg,2,C:\Users\한국전파진흥협회\Desktop\dataset\combined\images\scut_fbp5500\AF1542.jpg
scut_fbp5500,AF1543.jpg,4,C:\Users\한국전파진흥협회\Desktop\dataset\combined\images\scut_fbp5500\AF1543.jpg
scut_fbp5500,AF1544.jpg,3,C:\Users\한국전파진흥협회\Desktop\dataset\combined\images\scut_fbp5500\AF1544.jpg
scut_fbp5500,AF1545.jpg,4,C:\Users\한국전파진흥협회\Desktop\dataset\combined\images\scut_fbp5500\AF1545.jpg
scut_fbp5500,AF1546.jpg,4,C:\Users\한국전파진흥협회\Desktop\dataset\combined\images\scut_fbp5500\AF1546.jpg
scut_fbp5500,AF1547.jpg,4,C:\Users\한국전파진흥협회\Desktop\dataset\combined\images\scut_fbp5500\AF1547.jpg
scut_fbp5500,AF1548.jpg,4,C:\Users\한국전파진흥협회\Desktop\dataset\combined\images\scut_fbp5500\AF1548.jpg
scut_fbp5500,AF1549.jpg,3,C:\Users\한국전파진흥협회\Desktop\dataset\combined\images\scut_fbp5500\AF1549.jpg
scut_fbp5500,AF1550.jpg,3,C:\Users\한국전파진흥협회\Desktop\dataset\combined\images\scut_fbp5500\AF1550.jpg
scut_fbp5500,AF1551.jpg,4,C:\Users\한국전파진흥협회\Desktop\dataset\combined\images\scut_fbp5500\AF1551.jpg
scut_fbp5500,AF1552.jpg,4,C:\Users\한국전파진흥협회\Desktop\dataset\combined\images\scut_fbp5500\AF1552.jpg
scut_fbp5500,AF1553.jpg,4,C:\Users\한국전파진흥협회\Desktop\dataset\combined\images\scut_fbp5500\AF1553.jpg
scut_fbp5500,AF1554.jpg,4,C:\Users\한국전파진흥협회\Desktop\dataset\combined\images\scut_fbp5500\AF1554.jpg
scut_fbp5500,AF1555.jpg,3,C:\Users\한국전파진흥협회\Desktop\dataset\combined\images\scut_fbp5500\AF1555.jpg
scut_fbp5500,AF1556.jpg,3,C:\Users\한국전파진흥협회\Desktop\dataset\combined\images\scut_fbp5500\AF1556.jpg
scut_fbp5500,AF1557.jpg,4,C:\Users\한국전파진흥협회\Desktop\dataset\combined\images\scut_fbp5500\AF1557.jpg
scut_fbp5500,AF1558.jpg,4,C:\Users\한국전파진흥협회\Desktop\dataset\combined\images\scut_fbp5500\AF1558.jpg
scut_fbp5500,AF1559.jpg,4,C:\Users\한국전파진흥협회\Desktop\dataset\combined\images\scut_fbp5500\AF1559.jpg
scut_fbp5500,AF1560.jpg,4,C:\Users\한국전파진흥협회\Desktop\dataset\combined\images\scut_fbp5500\AF1560.jpg
scut_fbp5500,AF1561.jpg,4,C:\Users\한국전파진흥협회\Desktop\dataset\combined\images\scut_fbp5500\AF1561.jpg
scut_fbp5500,AF1562.jpg,3,C:\Users\한국전파진흥협회\Desktop\dataset\combined\images\scut_fbp5500\AF1562.jpg
scut_fbp5500,AF1563.jpg,4,C:\Users\한국전파진흥협회\Desktop\dataset\combined\images\scut_fbp5500\AF1563.jpg
scut_fbp5500,AF1564.jpg,4,C:\Users\한국전파진흥협회\Desktop\dataset\combined\images\scut_fbp5500\AF1564.jpg
scut_fbp5500,AF1565.jpg,3,C:\Users\한국전파진흥협회\Desktop\dataset\combined\images\scut_fbp5500\AF1565.jpg
scut_fbp5500,AF1566.jpg,4,C:\Users\한국전파진흥협회\Desktop\dataset\combined\images\scut_fbp5500\AF1566.jpg
scut_fbp5500,AF1567.jpg,4,C:\Users\한국전파진흥협회\Desktop\dataset\combined\images\scut_fbp5500\AF1567.jpg
scut_fbp5500,AF1568.jpg,4,C:\Users\한국전파진흥협회\Desktop\dataset\combined\images\scut_fbp5500\AF1568.jpg
scut_fbp5500,AF1569.jpg,4,C:\Users\한국전파진흥협회\Desktop\dataset\combined\images\scut_fbp5500\AF1569.jpg
scut_fbp5500,AF1570.jpg,3,C:\Users\한국전파진흥협회\Desktop\dataset\combined\images\scut_fbp5500\AF1570.jpg
scut_fbp5500,AF1571.jpg,4,C:\Users\한국전파진흥협회\Desktop\dataset\combined\images\scut_fbp5500\AF1571.jpg
scut_fbp5500,AF1572.jpg,4,C:\Users\한국전파진흥협회\Desktop\dataset\combined\images\scut_fbp5500\AF1572.jpg
scut_fbp5500,AF1573.jpg,4,C:\Users\한국전파진흥협회\Desktop\dataset\combined\images\scut_fbp5500\AF1573.jpg
scut_fbp5500,AF1574.jpg,4,C:\Users\한국전파진흥협회\Desktop\dataset\combined\images\scut_fbp5500\AF1574.jpg
scut_fbp5500,AF1575.jpg,3,C:\Users\한국전파진흥협회\Desktop\dataset\combined\images\scut_fbp5500\AF1575.jpg
scut_fbp5500,AF1576.jpg,3,C:\Users\한국전파진흥협회\Desktop\dataset\combined\images\scut_fbp5500\AF1576.jpg
scut_fbp5500,AF1577.jpg,3,C:\Users\한국전파진흥협회\Desktop\dataset\combined\images\scut_fbp5500\AF1577.jpg
scut_fbp5500,AF1578.jpg,3,C:\Users\한국전파진흥협회\Desktop\dataset\combined\images\scut_fbp5500\AF1578.jpg
scut_fbp5500,AF1579.jpg,4,C:\Users\한국전파진흥협회\Desktop\dataset\combined\images\scut_fbp5500\AF1579.jpg
scut_fbp5500,AF1580.jpg,3,C:\Users\한국전파진흥협회\Desktop\dataset\combined\images\scut_fbp5500\AF1580.jpg
scut_fbp5500,AF1581.jpg,4,C:\Users\한국전파진흥협회\Desktop\dataset\combined\images\scut_fbp5500\AF1581.jpg
scut_fbp5500,AF1582.jpg,4,C:\Users\한국전파진흥협회\Desktop\dataset\combined\images\scut_fbp5500\AF1582.jpg
scut_fbp5500,AF1583.jpg,4,C:\Users\한국전파진흥협회\Desktop\dataset\combined\images\scut_fbp5500\AF1583.jpg
scut_fbp5500,AF1584.jpg,4,C:\Users\한국전파진흥협회\Desktop\dataset\combined\images\scut_fbp5500\AF1584.jpg
scut_fbp5500,AF1585.jpg,4,C:\Users\한국전파진흥협회\Desktop\dataset\combined\images\scut_fbp5500\AF1585.jpg
scut_fbp5500,AF1586.jpg,4,C:\Users\한국전파진흥협회\Desktop\dataset\combined\images\scut_fbp5500\AF1586.jpg
scut_fbp5500,AF1587.jpg,4,C:\Users\한국전파진흥협회\Desktop\dataset\combined\images\scut_fbp5500\AF1587.jpg
scut_fbp5500,AF1588.jpg,4,C:\Users\한국전파진흥협회\Desktop\dataset\combined\images\scut_fbp5500\AF1588.jpg
scut_fbp5500,AF1589.jpg,4,C:\Users\한국전파진흥협회\Desktop\dataset\combined\images\scut_fbp5500\AF1589.jpg
scut_fbp5500,AF1590.jpg,1,C:\Users\한국전파진흥협회\Desktop\dataset\combined\images\scut_fbp5500\AF1590.jpg
scut_fbp5500,AF1591.jpg,4,C:\Users\한국전파진흥협회\Desktop\dataset\combined\images\scut_fbp5500\AF1591.jpg
scut_fbp5500,AF1592.jpg,4,C:\Users\한국전파진흥협회\Desktop\dataset\combined\images\scut_fbp5500\AF1592.jpg
scut_fbp5500,AF1593.jpg,4,C:\Users\한국전파진흥협회\Desktop\dataset\combined\images\scut_fbp5500\AF1593.jpg
scut_fbp5500,AF1594.jpg,4,C:\Users\한국전파진흥협회\Desktop\dataset\combined\images\scut_fbp5500\AF1594.jpg
scut_fbp5500,AF1595.jpg,4,C:\Users\한국전파진흥협회\Desktop\dataset\combined\images\scut_fbp5500\AF1595.jpg
scut_fbp5500,AF1596.jpg,3,C:\Users\한국전파진흥협회\Desktop\dataset\combined\images\scut_fbp5500\AF1596.jpg
scut_fbp5500,AF1597.jpg,4,C:\Users\한국전파진흥협회\Desktop\dataset\combined\images\scut_fbp5500\AF1597.jpg
scut_fbp5500,AF1598.jpg,4,C:\Users\한국전파진흥협회\Desktop\dataset\combined\images\scut_fbp5500\AF1598.jpg
scut_fbp5500,AF1599.jpg,3,C:\Users\한국전파진흥협회\Desktop\dataset\combined\images\scut_fbp5500\AF1599.jpg
scut_fbp5500,AF1600.jpg,3,C:\Users\한국전파진흥협회\Desktop\dataset\combined\images\scut_fbp5500\AF1600.jpg
scut_fbp5500,AF1601.jpg,4,C:\Users\한국전파진흥협회\Desktop\dataset\combined\images\scut_fbp5500\AF1601.jpg
scut_fbp5500,AF1602.jpg,4,C:\Users\한국전파진흥협회\Desktop\dataset\combined\images\scut_fbp5500\AF1602.jpg
scut_fbp5500,AF1603.jpg,4,C:\Users\한국전파진흥협회\Desktop\dataset\combined\images\scut_fbp5500\AF1603.jpg
scut_fbp5500,AF1604.jpg,4,C:\Users\한국전파진흥협회\Desktop\dataset\combined\images\scut_fbp5500\AF1604.jpg
scut_fbp5500,AF1605.jpg,3,C:\Users\한국전파진흥협회\Desktop\dataset\combined\images\scut_fbp5500\AF1605.jpg
scut_fbp5500,AF1606.jpg,3,C:\Users\한국전파진흥협회\Desktop\dataset\combined\images\scut_fbp5500\AF1606.jpg
scut_fbp5500,AF1607.jpg,3,C:\Users\한국전파진흥협회\Desktop\dataset\combined\images\scut_fbp5500\AF1607.jpg
scut_fbp5500,AF1608.jpg,3,C:\Users\한국전파진흥협회\Desktop\dataset\combined\images\scut_fbp5500\AF1608.jpg
scut_fbp5500,AF1609.jpg,4,C:\Users\한국전파진흥협회\Desktop\dataset\combined\images\scut_fbp5500\AF1609.jpg
scut_fbp5500,AF1610.jpg,4,C:\Users\한국전파진흥협회\Desktop\dataset\combined\images\scut_fbp5500\AF1610.jpg
scut_fbp5500,AF1611.jpg,3,C:\Users\한국전파진흥협회\Desktop\dataset\combined\images\scut_fbp5500\AF1611.jpg
scut_fbp5500,AF1612.jpg,4,C:\Users\한국전파진흥협회\Desktop\dataset\combined\images\scut_fbp5500\AF1612.jpg
scut_fbp5500,AF1613.jpg,4,C:\Users\한국전파진흥협회\Desktop\dataset\combined\images\scut_fbp5500\AF1613.jpg
scut_fbp5500,AF1614.jpg,3,C:\Users\한국전파진흥협회\Desktop\dataset\combined\images\scut_fbp5500\AF1614.jpg
scut_fbp5500,AF1615.jpg,3,C:\Users\한국전파진흥협회\Desktop\dataset\combined\images\scut_fbp5500\AF1615.jpg
scut_fbp5500,AF1616.jpg,3,C:\Users\한국전파진흥협회\Desktop\dataset\combined\images\scut_fbp5500\AF1616.jpg
scut_fbp5500,AF1617.jpg,4,C:\Users\한국전파진흥협회\Desktop\dataset\combined\images\scut_fbp5500\AF1617.jpg
scut_fbp5500,AF1618.jpg,3,C:\Users\한국전파진흥협회\Desktop\dataset\combined\images\scut_fbp5500\AF1618.jpg
scut_fbp5500,AF1619.jpg,2,C:\Users\한국전파진흥협회\Desktop\dataset\combined\images\scut_fbp5500\AF1619.jpg
scut_fbp5500,AF1620.jpg,4,C:\Users\한국전파진흥협회\Desktop\dataset\combined\images\scut_fbp5500\AF1620.jpg
scut_fbp5500,AF1621.jpg,4,C:\Users\한국전파진흥협회\Desktop\dataset\combined\images\scut_fbp5500\AF1621.jpg
scut_fbp5500,AF1622.jpg,4,C:\Users\한국전파진흥협회\Desktop\dataset\combined\images\scut_fbp5500\AF1622.jpg
scut_fbp5500,AF1623.jpg,4,C:\Users\한국전파진흥협회\Desktop\dataset\combined\images\scut_fbp5500\AF1623.jpg
scut_fbp5500,AF1624.jpg,3,C:\Users\한국전파진흥협회\Desktop\dataset\combined\images\scut_fbp5500\AF1624.jpg
scut_fbp5500,AF1625.jpg,2,C:\Users\한국전파진흥협회\Desktop\dataset\combined\images\scut_fbp5500\AF1625.jpg
scut_fbp5500,AF1626.jpg,3,C:\Users\한국전파진흥협회\Desktop\dataset\combined\images\scut_fbp5500\AF1626.jpg
scut_fbp5500,AF1627.jpg,4,C:\Users\한국전파진흥협회\Desktop\dataset\combined\images\scut_fbp5500\AF1627.jpg
scut_fbp5500,AF1628.jpg,4,C:\Users\한국전파진흥협회\Desktop\dataset\combined\images\scut_fbp5500\AF1628.jpg
scut_fbp5500,AF1629.jpg,4,C:\Users\한국전파진흥협회\Desktop\dataset\combined\images\scut_fbp5500\AF1629.jpg
scut_fbp5500,AF1630.jpg,3,C:\Users\한국전파진흥협회\Desktop\dataset\combined\images\scut_fbp5500\AF1630.jpg
scut_fbp5500,AF1631.jpg,1,C:\Users\한국전파진흥협회\Desktop\dataset\combined\images\scut_fbp5500\AF1631.jpg
scut_fbp5500,AF1632.jpg,3,C:\Users\한국전파진흥협회\Desktop\dataset\combined\images\scut_fbp5500\AF1632.jpg
scut_fbp5500,AF1633.jpg,2,C:\Users\한국전파진흥협회\Desktop\dataset\combined\images\scut_fbp5500\AF1633.jpg
scut_fbp5500,AF1634.jpg,4,C:\Users\한국전파진흥협회\Desktop\dataset\combined\images\scut_fbp5500\AF1634.jpg
scut_fbp5500,AF1635.jpg,4,C:\Users\한국전파진흥협회\Desktop\dataset\combined\images\scut_fbp5500\AF1635.jpg
scut_fbp5500,AF1636.jpg,2,C:\Users\한국전파진흥협회\Desktop\dataset\combined\images\scut_fbp5500\AF1636.jpg
scut_fbp5500,AF1637.jpg,4,C:\Users\한국전파진흥협회\Desktop\dataset\combined\images\scut_fbp5500\AF1637.jpg
scut_fbp5500,AF1638.jpg,4,C:\Users\한국전파진흥협회\Desktop\dataset\combined\images\scut_fbp5500\AF1638.jpg
scut_fbp5500,AF1639.jpg,3,C:\Users\한국전파진흥협회\Desktop\dataset\combined\images\scut_fbp5500\AF1639.jpg
scut_fbp5500,AF1640.jpg,4,C:\Users\한국전파진흥협회\Desktop\dataset\combined\images\scut_fbp5500\AF1640.jpg
scut_fbp5500,AF1641.jpg,1,C:\Users\한국전파진흥협회\Desktop\dataset\combined\images\scut_fbp5500\AF1641.jpg
scut_fbp5500,AF1642.jpg,3,C:\Users\한국전파진흥협회\Desktop\dataset\combined\images\scut_fbp5500\AF1642.jpg
scut_fbp5500,AF1643.jpg,4,C:\Users\한국전파진흥협회\Desktop\dataset\combined\images\scut_fbp5500\AF1643.jpg
scut_fbp5500,AF1644.jpg,4,C:\Users\한국전파진흥협회\Desktop\dataset\combined\images\scut_fbp5500\AF1644.jpg
scut_fbp5500,AF1645.jpg,3,C:\Users\한국전파진흥협회\Desktop\dataset\combined\images\scut_fbp5500\AF1645.jpg
scut_fbp5500,AF1646.jpg,4,C:\Users\한국전파진흥협회\Desktop\dataset\combined\images\scut_fbp5500\AF1646.jpg
scut_fbp5500,AF1647.jpg,4,C:\Users\한국전파진흥협회\Desktop\dataset\combined\images\scut_fbp5500\AF1647.jpg
scut_fbp5500,AF1648.jpg,3,C:\Users\한국전파진흥협회\Desktop\dataset\combined\images\scut_fbp5500\AF1648.jpg
scut_fbp5500,AF1649.jpg,3,C:\Users\한국전파진흥협회\Desktop\dataset\combined\images\scut_fbp5500\AF1649.jpg
scut_fbp5500,AF1650.jpg,3,C:\Users\한국전파진흥협회\Desktop\dataset\combined\images\scut_fbp5500\AF1650.jpg
scut_fbp5500,AF1651.jpg,2,C:\Users\한국전파진흥협회\Desktop\dataset\combined\images\scut_fbp5500\AF1651.jpg
scut_fbp5500,AF1652.jpg,4,C:\Users\한국전파진흥협회\Desktop\dataset\combined\images\scut_fbp5500\AF1652.jpg
scut_fbp5500,AF1653.jpg,3,C:\Users\한국전파진흥협회\Desktop\dataset\combined\images\scut_fbp5500\AF1653.jpg
scut_fbp5500,AF1654.jpg,3,C:\Users\한국전파진흥협회\Desktop\dataset\combined\images\scut_fbp5500\AF1654.jpg
scut_fbp5500,AF1655.jpg,3,C:\Users\한국전파진흥협회\Desktop\dataset\combined\images\scut_fbp5500\AF1655.jpg
scut_fbp5500,AF1656.jpg,4,C:\Users\한국전파진흥협회\Desktop\dataset\combined\images\scut_fbp5500\AF1656.jpg
scut_fbp5500,AF1657.jpg,3,C:\Users\한국전파진흥협회\Desktop\dataset\combined\images\scut_fbp5500\AF1657.jpg
scut_fbp5500,AF1658.jpg,3,C:\Users\한국전파진흥협회\Desktop\dataset\combined\images\scut_fbp5500\AF1658.jpg
scut_fbp5500,AF1659.jpg,4,C:\Users\한국전파진흥협회\Desktop\dataset\combined\images\scut_fbp5500\AF1659.jpg
scut_fbp5500,AF1660.jpg,4,C:\Users\한국전파진흥협회\Desktop\dataset\combined\images\scut_fbp5500\AF1660.jpg
scut_fbp5500,AF1661.jpg,4,C:\Users\한국전파진흥협회\Desktop\dataset\combined\images\scut_fbp5500\AF1661.jpg
scut_fbp5500,AF1662.jpg,3,C:\Users\한국전파진흥협회\Desktop\dataset\combined\images\scut_fbp5500\AF1662.jpg
scut_fbp5500,AF1663.jpg,4,C:\Users\한국전파진흥협회\Desktop\dataset\combined\images\scut_fbp5500\AF1663.jpg
scut_fbp5500,AF1664.jpg,3,C:\Users\한국전파진흥협회\Desktop\dataset\combined\images\scut_fbp5500\AF1664.jpg
scut_fbp5500,AF1665.jpg,4,C:\Users\한국전파진흥협회\Desktop\dataset\combined\images\scut_fbp5500\AF1665.jpg
scut_fbp5500,AF1666.jpg,3,C:\Users\한국전파진흥협회\Desktop\dataset\combined\images\scut_fbp5500\AF1666.jpg
scut_fbp5500,AF1667.jpg,4,C:\Users\한국전파진흥협회\Desktop\dataset\combined\images\scut_fbp5500\AF1667.jpg
scut_fbp5500,AF1668.jpg,4,C:\Users\한국전파진흥협회\Desktop\dataset\combined\images\scut_fbp5500\AF1668.jpg
scut_fbp5500,AF1669.jpg,4,C:\Users\한국전파진흥협회\Desktop\dataset\combined\images\scut_fbp5500\AF1669.jpg
scut_fbp5500,AF1670.jpg,4,C:\Users\한국전파진흥협회\Desktop\dataset\combined\images\scut_fbp5500\AF1670.jpg
scut_fbp5500,AF1671.jpg,4,C:\Users\한국전파진흥협회\Desktop\dataset\combined\images\scut_fbp5500\AF1671.jpg
scut_fbp5500,AF1672.jpg,3,C:\Users\한국전파진흥협회\Desktop\dataset\combined\images\scut_fbp5500\AF1672.jpg
scut_fbp5500,AF1673.jpg,4,C:\Users\한국전파진흥협회\Desktop\dataset\combined\images\scut_fbp5500\AF1673.jpg
scut_fbp5500,AF1674.jpg,4,C:\Users\한국전파진흥협회\Desktop\dataset\combined\images\scut_fbp5500\AF1674.jpg
scut_fbp5500,AF1675.jpg,5,C:\Users\한국전파진흥협회\Desktop\dataset\combined\images\scut_fbp5500\AF1675.jpg
scut_fbp5500,AF1676.jpg,4,C:\Users\한국전파진흥협회\Desktop\dataset\combined\images\scut_fbp5500\AF1676.jpg
scut_fbp5500,AF1677.jpg,3,C:\Users\한국전파진흥협회\Desktop\dataset\combined\images\scut_fbp5500\AF1677.jpg
scut_fbp5500,AF1678.jpg,3,C:\Users\한국전파진흥협회\Desktop\dataset\combined\images\scut_fbp5500\AF1678.jpg
scut_fbp5500,AF1679.jpg,3,C:\Users\한국전파진흥협회\Desktop\dataset\combined\images\scut_fbp5500\AF1679.jpg
scut_fbp5500,AF1680.jpg,4,C:\Users\한국전파진흥협회\Desktop\dataset\combined\images\scut_fbp5500\AF1680.jpg
scut_fbp5500,AF1681.jpg,3,C:\Users\한국전파진흥협회\Desktop\dataset\combined\images\scut_fbp5500\AF1681.jpg
scut_fbp5500,AF1682.jpg,4,C:\Users\한국전파진흥협회\Desktop\dataset\combined\images\scut_fbp5500\AF1682.jpg
scut_fbp5500,AF1683.jpg,4,C:\Users\한국전파진흥협회\Desktop\dataset\combined\images\scut_fbp5500\AF1683.jpg
scut_fbp5500,AF1684.jpg,4,C:\Users\한국전파진흥협회\Desktop\dataset\combined\images\scut_fbp5500\AF1684.jpg
scut_fbp5500,AF1685.jpg,4,C:\Users\한국전파진흥협회\Desktop\dataset\combined\images\scut_fbp5500\AF1685.jpg
scut_fbp5500,AF1686.jpg,4,C:\Users\한국전파진흥협회\Desktop\dataset\combined\images\scut_fbp5500\AF1686.jpg
scut_fbp5500,AF1687.jpg,4,C:\Users\한국전파진흥협회\Desktop\dataset\combined\images\scut_fbp5500\AF1687.jpg
scut_fbp5500,AF1688.jpg,4,C:\Users\한국전파진흥협회\Desktop\dataset\combined\images\scut_fbp5500\AF1688.jpg
scut_fbp5500,AF1689.jpg,4,C:\Users\한국전파진흥협회\Desktop\dataset\combined\images\scut_fbp5500\AF1689.jpg
scut_fbp5500,AF1690.jpg,4,C:\Users\한국전파진흥협회\Desktop\dataset\combined\images\scut_fbp5500\AF1690.jpg
scut_fbp5500,AF1691.jpg,3,C:\Users\한국전파진흥협회\Desktop\dataset\combined\images\scut_fbp5500\AF1691.jpg
scut_fbp5500,AF1692.jpg,4,C:\Users\한국전파진흥협회\Desktop\dataset\combined\images\scut_fbp5500\AF1692.jpg
scut_fbp5500,AF1693.jpg,4,C:\Users\한국전파진흥협회\Desktop\dataset\combined\images\scut_fbp5500\AF1693.jpg
scut_fbp5500,AF1694.jpg,4,C:\Users\한국전파진흥협회\Desktop\dataset\combined\images\scut_fbp5500\AF1694.jpg
scut_fbp5500,AF1695.jpg,4,C:\Users\한국전파진흥협회\Desktop\dataset\combined\images\scut_fbp5500\AF1695.jpg
scut_fbp5500,AF1696.jpg,4,C:\Users\한국전파진흥협회\Desktop\dataset\combined\images\scut_fbp5500\AF1696.jpg
scut_fbp5500,AF1697.jpg,4,C:\Users\한국전파진흥협회\Desktop\dataset\combined\images\scut_fbp5500\AF1697.jpg
scut_fbp5500,AF1698.jpg,3,C:\Users\한국전파진흥협회\Desktop\dataset\combined\images\scut_fbp5500\AF1698.jpg
scut_fbp5500,AF1699.jpg,3,C:\Users\한국전파진흥협회\Desktop\dataset\combined\images\scut_fbp5500\AF1699.jpg
scut_fbp5500,AF1700.jpg,3,C:\Users\한국전파진흥협회\Desktop\dataset\combined\images\scut_fbp5500\AF1700.jpg
scut_fbp5500,AF1701.jpg,3,C:\Users\한국전파진흥협회\Desktop\dataset\combined\images\scut_fbp5500\AF1701.jpg
scut_fbp5500,AF1702.jpg,2,C:\Users\한국전파진흥협회\Desktop\dataset\combined\images\scut_fbp5500\AF1702.jpg
scut_fbp5500,AF1703.jpg,4,C:\Users\한국전파진흥협회\Desktop\dataset\combined\images\scut_fbp5500\AF1703.jpg
scut_fbp5500,AF1704.jpg,2,C:\Users\한국전파진흥협회\Desktop\dataset\combined\images\scut_fbp5500\AF1704.jpg
scut_fbp5500,AF1705.jpg,3,C:\Users\한국전파진흥협회\Desktop\dataset\combined\images\scut_fbp5500\AF1705.jpg
scut_fbp5500,AF1706.jpg,4,C:\Users\한국전파진흥협회\Desktop\dataset\combined\images\scut_fbp5500\AF1706.jpg
scut_fbp5500,AF1707.jpg,3,C:\Users\한국전파진흥협회\Desktop\dataset\combined\images\scut_fbp5500\AF1707.jpg
scut_fbp5500,AF1708.jpg,3,C:\Users\한국전파진흥협회\Desktop\dataset\combined\images\scut_fbp5500\AF1708.jpg
scut_fbp5500,AF1709.jpg,3,C:\Users\한국전파진흥협회\Desktop\dataset\combined\images\scut_fbp5500\AF1709.jpg
scut_fbp5500,AF1710.jpg,4,C:\Users\한국전파진흥협회\Desktop\dataset\combined\images\scut_fbp5500\AF1710.jpg
scut_fbp5500,AF1711.jpg,4,C:\Users\한국전파진흥협회\Desktop\dataset\combined\images\scut_fbp5500\AF1711.jpg
scut_fbp5500,AF1712.jpg,4,C:\Users\한국전파진흥협회\Desktop\dataset\combined\images\scut_fbp5500\AF1712.jpg
scut_fbp5500,AF1713.jpg,4,C:\Users\한국전파진흥협회\Desktop\dataset\combined\images\scut_fbp5500\AF1713.jpg
scut_fbp5500,AF1714.jpg,4,C:\Users\한국전파진흥협회\Desktop\dataset\combined\images\scut_fbp5500\AF1714.jpg
scut_fbp5500,AF1715.jpg,3,C:\Users\한국전파진흥협회\Desktop\dataset\combined\images\scut_fbp5500\AF1715.jpg
scut_fbp5500,AF1716.jpg,3,C:\Users\한국전파진흥협회\Desktop\dataset\combined\images\scut_fbp5500\AF1716.jpg
scut_fbp5500,AF1717.jpg,4,C:\Users\한국전파진흥협회\Desktop\dataset\combined\images\scut_fbp5500\AF1717.jpg
scut_fbp5500,AF1718.jpg,4,C:\Users\한국전파진흥협회\Desktop\dataset\combined\images\scut_fbp5500\AF1718.jpg
scut_fbp5500,AF1719.jpg,4,C:\Users\한국전파진흥협회\Desktop\dataset\combined\images\scut_fbp5500\AF1719.jpg
scut_fbp5500,AF1720.jpg,4,C:\Users\한국전파진흥협회\Desktop\dataset\combined\images\scut_fbp5500\AF1720.jpg
scut_fbp5500,AF1721.jpg,3,C:\Users\한국전파진흥협회\Desktop\dataset\combined\images\scut_fbp5500\AF1721.jpg
scut_fbp5500,AF1722.jpg,3,C:\Users\한국전파진흥협회\Desktop\dataset\combined\images\scut_fbp5500\AF1722.jpg
scut_fbp5500,AF1723.jpg,4,C:\Users\한국전파진흥협회\Desktop\dataset\combined\images\scut_fbp5500\AF1723.jpg
scut_fbp5500,AF1724.jpg,4,C:\Users\한국전파진흥협회\Desktop\dataset\combined\images\scut_fbp5500\AF1724.jpg
scut_fbp5500,AF1725.jpg,3,C:\Users\한국전파진흥협회\Desktop\dataset\combined\images\scut_fbp5500\AF1725.jpg
scut_fbp5500,AF1726.jpg,4,C:\Users\한국전파진흥협회\Desktop\dataset\combined\images\scut_fbp5500\AF1726.jpg
scut_fbp5500,AF1727.jpg,3,C:\Users\한국전파진흥협회\Desktop\dataset\combined\images\scut_fbp5500\AF1727.jpg
scut_fbp5500,AF1728.jpg,4,C:\Users\한국전파진흥협회\Desktop\dataset\combined\images\scut_fbp5500\AF1728.jpg
scut_fbp5500,AF1729.jpg,3,C:\Users\한국전파진흥협회\Desktop\dataset\combined\images\scut_fbp5500\AF1729.jpg
scut_fbp5500,AF1730.jpg,4,C:\Users\한국전파진흥협회\Desktop\dataset\combined\images\scut_fbp5500\AF1730.jpg
scut_fbp5500,AF1731.jpg,3,C:\Users\한국전파진흥협회\Desktop\dataset\combined\images\scut_fbp5500\AF1731.jpg
scut_fbp5500,AF1732.jpg,4,C:\Users\한국전파진흥협회\Desktop\dataset\combined\images\scut_fbp5500\AF1732.jpg
scut_fbp5500,AF1733.jpg,4,C:\Users\한국전파진흥협회\Desktop\dataset\combined\images\scut_fbp5500\AF1733.jpg
scut_fbp5500,AF1734.jpg,4,C:\Users\한국전파진흥협회\Desktop\dataset\combined\images\scut_fbp5500\AF1734.jpg
scut_fbp5500,AF1735.jpg,4,C:\Users\한국전파진흥협회\Desktop\dataset\combined\images\scut_fbp5500\AF1735.jpg
scut_fbp5500,AF1736.jpg,4,C:\Users\한국전파진흥협회\Desktop\dataset\combined\images\scut_fbp5500\AF1736.jpg
scut_fbp5500,AF1737.jpg,4,C:\Users\한국전파진흥협회\Desktop\dataset\combined\images\scut_fbp5500\AF1737.jpg
scut_fbp5500,AF1738.jpg,3,C:\Users\한국전파진흥협회\Desktop\dataset\combined\images\scut_fbp5500\AF1738.jpg
scut_fbp5500,AF1739.jpg,2,C:\Users\한국전파진흥협회\Desktop\dataset\combined\images\scut_fbp5500\AF1739.jpg
scut_fbp5500,AF1740.jpg,4,C:\Users\한국전파진흥협회\Desktop\dataset\combined\images\scut_fbp5500\AF1740.jpg
scut_fbp5500,AF1741.jpg,4,C:\Users\한국전파진흥협회\Desktop\dataset\combined\images\scut_fbp5500\AF1741.jpg
scut_fbp5500,AF1742.jpg,4,C:\Users\한국전파진흥협회\Desktop\dataset\combined\images\scut_fbp5500\AF1742.jpg
scut_fbp5500,AF1743.jpg,3,C:\Users\한국전파진흥협회\Desktop\dataset\combined\images\scut_fbp5500\AF1743.jpg
scut_fbp5500,AF1744.jpg,3,C:\Users\한국전파진흥협회\Desktop\dataset\combined\images\scut_fbp5500\AF1744.jpg
scut_fbp5500,AF1745.jpg,3,C:\Users\한국전파진흥협회\Desktop\dataset\combined\images\scut_fbp5500\AF1745.jpg
scut_fbp5500,AF1746.jpg,4,C:\Users\한국전파진흥협회\Desktop\dataset\combined\images\scut_fbp5500\AF1746.jpg
scut_fbp5500,AF1747.jpg,4,C:\Users\한국전파진흥협회\Desktop\dataset\combined\images\scut_fbp5500\AF1747.jpg
scut_fbp5500,AF1748.jpg,4,C:\Users\한국전파진흥협회\Desktop\dataset\combined\images\scut_fbp5500\AF1748.jpg
scut_fbp5500,AF1749.jpg,3,C:\Users\한국전파진흥협회\Desktop\dataset\combined\images\scut_fbp5500\AF1749.jpg
scut_fbp5500,AF1750.jpg,2,C:\Users\한국전파진흥협회\Desktop\dataset\combined\images\scut_fbp5500\AF1750.jpg
scut_fbp5500,AF1751.jpg,4,C:\Users\한국전파진흥협회\Desktop\dataset\combined\images\scut_fbp5500\AF1751.jpg
scut_fbp5500,AF1752.jpg,4,C:\Users\한국전파진흥협회\Desktop\dataset\combined\images\scut_fbp5500\AF1752.jpg
scut_fbp5500,AF1753.jpg,3,C:\Users\한국전파진흥협회\Desktop\dataset\combined\images\scut_fbp5500\AF1753.jpg
scut_fbp5500,AF1754.jpg,4,C:\Users\한국전파진흥협회\Desktop\dataset\combined\images\scut_fbp5500\AF1754.jpg
scut_fbp5500,AF1755.jpg,4,C:\Users\한국전파진흥협회\Desktop\dataset\combined\images\scut_fbp5500\AF1755.jpg
scut_fbp5500,AF1756.jpg,4,C:\Users\한국전파진흥협회\Desktop\dataset\combined\images\scut_fbp5500\AF1756.jpg
scut_fbp5500,AF1757.jpg,3,C:\Users\한국전파진흥협회\Desktop\dataset\combined\images\scut_fbp5500\AF1757.jpg
scut_fbp5500,AF1758.jpg,3,C:\Users\한국전파진흥협회\Desktop\dataset\combined\images\scut_fbp5500\AF1758.jpg
scut_fbp5500,AF1759.jpg,4,C:\Users\한국전파진흥협회\Desktop\dataset\combined\images\scut_fbp5500\AF1759.jpg
scut_fbp5500,AF1760.jpg,2,C:\Users\한국전파진흥협회\Desktop\dataset\combined\images\scut_fbp5500\AF1760.jpg
scut_fbp5500,AF1761.jpg,4,C:\Users\한국전파진흥협회\Desktop\dataset\combined\images\scut_fbp5500\AF1761.jpg
scut_fbp5500,AF1762.jpg,4,C:\Users\한국전파진흥협회\Desktop\dataset\combined\images\scut_fbp5500\AF1762.jpg
scut_fbp5500,AF1763.jpg,4,C:\Users\한국전파진흥협회\Desktop\dataset\combined\images\scut_fbp5500\AF1763.jpg
scut_fbp5500,AF1764.jpg,4,C:\Users\한국전파진흥협회\Desktop\dataset\combined\images\scut_fbp5500\AF1764.jpg
scut_fbp5500,AF1765.jpg,4,C:\Users\한국전파진흥협회\Desktop\dataset\combined\images\scut_fbp5500\AF1765.jpg
scut_fbp5500,AF1766.jpg,4,C:\Users\한국전파진흥협회\Desktop\dataset\combined\images\scut_fbp5500\AF1766.jpg
scut_fbp5500,AF1767.jpg,4,C:\Users\한국전파진흥협회\Desktop\dataset\combined\images\scut_fbp5500\AF1767.jpg
scut_fbp5500,AF1768.jpg,2,C:\Users\한국전파진흥협회\Desktop\dataset\combined\images\scut_fbp5500\AF1768.jpg
scut_fbp5500,AF1769.jpg,4,C:\Users\한국전파진흥협회\Desktop\dataset\combined\images\scut_fbp5500\AF1769.jpg
scut_fbp5500,AF1770.jpg,4,C:\Users\한국전파진흥협회\Desktop\dataset\combined\images\scut_fbp5500\AF1770.jpg
scut_fbp5500,AF1771.jpg,2,C:\Users\한국전파진흥협회\Desktop\dataset\combined\images\scut_fbp5500\AF1771.jpg
scut_fbp5500,AF1772.jpg,4,C:\Users\한국전파진흥협회\Desktop\dataset\combined\images\scut_fbp5500\AF1772.jpg
scut_fbp5500,AF1773.jpg,3,C:\Users\한국전파진흥협회\Desktop\dataset\combined\images\scut_fbp5500\AF1773.jpg
scut_fbp5500,AF1774.jpg,3,C:\Users\한국전파진흥협회\Desktop\dataset\combined\images\scut_fbp5500\AF1774.jpg
scut_fbp5500,AF1775.jpg,4,C:\Users\한국전파진흥협회\Desktop\dataset\combined\images\scut_fbp5500\AF1775.jpg
scut_fbp5500,AF1776.jpg,3,C:\Users\한국전파진흥협회\Desktop\dataset\combined\images\scut_fbp5500\AF1776.jpg
scut_fbp5500,AF1777.jpg,4,C:\Users\한국전파진흥협회\Desktop\dataset\combined\images\scut_fbp5500\AF1777.jpg
scut_fbp5500,AF1778.jpg,2,C:\Users\한국전파진흥협회\Desktop\dataset\combined\images\scut_fbp5500\AF1778.jpg
scut_fbp5500,AF1779.jpg,4,C:\Users\한국전파진흥협회\Desktop\dataset\combined\images\scut_fbp5500\AF1779.jpg
scut_fbp5500,AF1780.jpg,4,C:\Users\한국전파진흥협회\Desktop\dataset\combined\images\scut_fbp5500\AF1780.jpg
scut_fbp5500,AF1781.jpg,4,C:\Users\한국전파진흥협회\Desktop\dataset\combined\images\scut_fbp5500\AF1781.jpg
scut_fbp5500,AF1782.jpg,3,C:\Users\한국전파진흥협회\Desktop\dataset\combined\images\scut_fbp5500\AF1782.jpg
scut_fbp5500,AF1783.jpg,4,C:\Users\한국전파진흥협회\Desktop\dataset\combined\images\scut_fbp5500\AF1783.jpg
scut_fbp5500,AF1784.jpg,3,C:\Users\한국전파진흥협회\Desktop\dataset\combined\images\scut_fbp5500\AF1784.jpg
scut_fbp5500,AF1785.jpg,4,C:\Users\한국전파진흥협회\Desktop\dataset\combined\images\scut_fbp5500\AF1785.jpg
scut_fbp5500,AF1786.jpg,4,C:\Users\한국전파진흥협회\Desktop\dataset\combined\images\scut_fbp5500\AF1786.jpg
scut_fbp5500,AF1787.jpg,4,C:\Users\한국전파진흥협회\Desktop\dataset\combined\images\scut_fbp5500\AF1787.jpg
scut_fbp5500,AF1788.jpg,4,C:\Users\한국전파진흥협회\Desktop\dataset\combined\images\scut_fbp5500\AF1788.jpg
scut_fbp5500,AF1789.jpg,4,C:\Users\한국전파진흥협회\Desktop\dataset\combined\images\scut_fbp5500\AF1789.jpg
scut_fbp5500,AF1790.jpg,2,C:\Users\한국전파진흥협회\Desktop\dataset\combined\images\scut_fbp5500\AF1790.jpg
scut_fbp5500,AF1791.jpg,4,C:\Users\한국전파진흥협회\Desktop\dataset\combined\images\scut_fbp5500\AF1791.jpg
scut_fbp5500,AF1792.jpg,4,C:\Users\한국전파진흥협회\Desktop\dataset\combined\images\scut_fbp5500\AF1792.jpg
scut_fbp5500,AF1793.jpg,4,C:\Users\한국전파진흥협회\Desktop\dataset\combined\images\scut_fbp5500\AF1793.jpg
scut_fbp5500,AF1794.jpg,3,C:\Users\한국전파진흥협회\Desktop\dataset\combined\images\scut_fbp5500\AF1794.jpg
scut_fbp5500,AF1795.jpg,3,C:\Users\한국전파진흥협회\Desktop\dataset\combined\images\scut_fbp5500\AF1795.jpg
scut_fbp5500,AF1796.jpg,2,C:\Users\한국전파진흥협회\Desktop\dataset\combined\images\scut_fbp5500\AF1796.jpg
scut_fbp5500,AF1797.jpg,3,C:\Users\한국전파진흥협회\Desktop\dataset\combined\images\scut_fbp5500\AF1797.jpg
scut_fbp5500,AF1798.jpg,3,C:\Users\한국전파진흥협회\Desktop\dataset\combined\images\scut_fbp5500\AF1798.jpg
scut_fbp5500,AF1799.jpg,4,C:\Users\한국전파진흥협회\Desktop\dataset\combined\images\scut_fbp5500\AF1799.jpg
scut_fbp5500,AF1800.jpg,3,C:\Users\한국전파진흥협회\Desktop\dataset\combined\images\scut_fbp5500\AF1800.jpg
scut_fbp5500,AF1801.jpg,4,C:\Users\한국전파진흥협회\Desktop\dataset\combined\images\scut_fbp5500\AF1801.jpg
scut_fbp5500,AF1802.jpg,4,C:\Users\한국전파진흥협회\Desktop\dataset\combined\images\scut_fbp5500\AF1802.jpg
scut_fbp5500,AF1803.jpg,4,C:\Users\한국전파진흥협회\Desktop\dataset\combined\images\scut_fbp5500\AF1803.jpg
scut_fbp5500,AF1804.jpg,4,C:\Users\한국전파진흥협회\Desktop\dataset\combined\images\scut_fbp5500\AF1804.jpg
scut_fbp5500,AF1805.jpg,4,C:\Users\한국전파진흥협회\Desktop\dataset\combined\images\scut_fbp5500\AF1805.jpg
scut_fbp5500,AF1806.jpg,4,C:\Users\한국전파진흥협회\Desktop\dataset\combined\images\scut_fbp5500\AF1806.jpg
scut_fbp5500,AF1807.jpg,3,C:\Users\한국전파진흥협회\Desktop\dataset\combined\images\scut_fbp5500\AF1807.jpg
scut_fbp5500,AF1808.jpg,4,C:\Users\한국전파진흥협회\Desktop\dataset\combined\images\scut_fbp5500\AF1808.jpg
scut_fbp5500,AF1809.jpg,3,C:\Users\한국전파진흥협회\Desktop\dataset\combined\images\scut_fbp5500\AF1809.jpg
scut_fbp5500,AF1810.jpg,3,C:\Users\한국전파진흥협회\Desktop\dataset\combined\images\scut_fbp5500\AF1810.jpg
scut_fbp5500,AF1811.jpg,3,C:\Users\한국전파진흥협회\Desktop\dataset\combined\images\scut_fbp5500\AF1811.jpg
scut_fbp5500,AF1812.jpg,4,C:\Users\한국전파진흥협회\Desktop\dataset\combined\images\scut_fbp5500\AF1812.jpg
scut_fbp5500,AF1813.jpg,4,C:\Users\한국전파진흥협회\Desktop\dataset\combined\images\scut_fbp5500\AF1813.jpg
scut_fbp5500,AF1814.jpg,3,C:\Users\한국전파진흥협회\Desktop\dataset\combined\images\scut_fbp5500\AF1814.jpg
scut_fbp5500,AF1815.jpg,3,C:\Users\한국전파진흥협회\Desktop\dataset\combined\images\scut_fbp5500\AF1815.jpg
scut_fbp5500,AF1816.jpg,5,C:\Users\한국전파진흥협회\Desktop\dataset\combined\images\scut_fbp5500\AF1816.jpg
scut_fbp5500,AF1817.jpg,3,C:\Users\한국전파진흥협회\Desktop\dataset\combined\images\scut_fbp5500\AF1817.jpg
scut_fbp5500,AF1818.jpg,3,C:\Users\한국전파진흥협회\Desktop\dataset\combined\images\scut_fbp5500\AF1818.jpg
scut_fbp5500,AF1819.jpg,3,C:\Users\한국전파진흥협회\Desktop\dataset\combined\images\scut_fbp5500\AF1819.jpg
scut_fbp5500,AF1820.jpg,1,C:\Users\한국전파진흥협회\Desktop\dataset\combined\images\scut_fbp5500\AF1820.jpg
scut_fbp5500,AF1821.jpg,3,C:\Users\한국전파진흥협회\Desktop\dataset\combined\images\scut_fbp5500\AF1821.jpg
scut_fbp5500,AF1822.jpg,4,C:\Users\한국전파진흥협회\Desktop\dataset\combined\images\scut_fbp5500\AF1822.jpg
scut_fbp5500,AF1823.jpg,4,C:\Users\한국전파진흥협회\Desktop\dataset\combined\images\scut_fbp5500\AF1823.jpg
scut_fbp5500,AF1824.jpg,2,C:\Users\한국전파진흥협회\Desktop\dataset\combined\images\scut_fbp5500\AF1824.jpg
scut_fbp5500,AF1825.jpg,4,C:\Users\한국전파진흥협회\Desktop\dataset\combined\images\scut_fbp5500\AF1825.jpg
scut_fbp5500,AF1826.jpg,4,C:\Users\한국전파진흥협회\Desktop\dataset\combined\images\scut_fbp5500\AF1826.jpg
scut_fbp5500,AF1827.jpg,4,C:\Users\한국전파진흥협회\Desktop\dataset\combined\images\scut_fbp5500\AF1827.jpg
scut_fbp5500,AF1828.jpg,4,C:\Users\한국전파진흥협회\Desktop\dataset\combined\images\scut_fbp5500\AF1828.jpg
scut_fbp5500,AF1829.jpg,3,C:\Users\한국전파진흥협회\Desktop\dataset\combined\images\scut_fbp5500\AF1829.jpg
scut_fbp5500,AF1830.jpg,4,C:\Users\한국전파진흥협회\Desktop\dataset\combined\images\scut_fbp5500\AF1830.jpg
scut_fbp5500,AF1831.jpg,3,C:\Users\한국전파진흥협회\Desktop\dataset\combined\images\scut_fbp5500\AF1831.jpg
scut_fbp5500,AF1832.jpg,4,C:\Users\한국전파진흥협회\Desktop\dataset\combined\images\scut_fbp5500\AF1832.jpg
scut_fbp5500,AF1833.jpg,4,C:\Users\한국전파진흥협회\Desktop\dataset\combined\images\scut_fbp5500\AF1833.jpg
scut_fbp5500,AF1834.jpg,4,C:\Users\한국전파진흥협회\Desktop\dataset\combined\images\scut_fbp5500\AF1834.jpg
scut_fbp5500,AF1835.jpg,3,C:\Users\한국전파진흥협회\Desktop\dataset\combined\images\scut_fbp5500\AF1835.jpg
scut_fbp5500,AF1836.jpg,3,C:\Users\한국전파진흥협회\Desktop\dataset\combined\images\scut_fbp5500\AF1836.jpg
scut_fbp5500,AF1837.jpg,4,C:\Users\한국전파진흥협회\Desktop\dataset\combined\images\scut_fbp5500\AF1837.jpg
scut_fbp5500,AF1838.jpg,4,C:\Users\한국전파진흥협회\Desktop\dataset\combined\images\scut_fbp5500\AF1838.jpg
scut_fbp5500,AF1839.jpg,4,C:\Users\한국전파진흥협회\Desktop\dataset\combined\images\scut_fbp5500\AF1839.jpg
scut_fbp5500,AF1840.jpg,2,C:\Users\한국전파진흥협회\Desktop\dataset\combined\images\scut_fbp5500\AF1840.jpg
scut_fbp5500,AF1841.jpg,3,C:\Users\한국전파진흥협회\Desktop\dataset\combined\images\scut_fbp5500\AF1841.jpg
scut_fbp5500,AF1842.jpg,4,C:\Users\한국전파진흥협회\Desktop\dataset\combined\images\scut_fbp5500\AF1842.jpg
scut_fbp5500,AF1843.jpg,4,C:\Users\한국전파진흥협회\Desktop\dataset\combined\images\scut_fbp5500\AF1843.jpg
scut_fbp5500,AF1844.jpg,5,C:\Users\한국전파진흥협회\Desktop\dataset\combined\images\scut_fbp5500\AF1844.jpg
scut_fbp5500,AF1845.jpg,2,C:\Users\한국전파진흥협회\Desktop\dataset\combined\images\scut_fbp5500\AF1845.jpg
scut_fbp5500,AF1846.jpg,4,C:\Users\한국전파진흥협회\Desktop\dataset\combined\images\scut_fbp5500\AF1846.jpg
scut_fbp5500,AF1847.jpg,3,C:\Users\한국전파진흥협회\Desktop\dataset\combined\images\scut_fbp5500\AF1847.jpg
scut_fbp5500,AF1848.jpg,3,C:\Users\한국전파진흥협회\Desktop\dataset\combined\images\scut_fbp5500\AF1848.jpg
scut_fbp5500,AF1849.jpg,3,C:\Users\한국전파진흥협회\Desktop\dataset\combined\images\scut_fbp5500\AF1849.jpg
scut_fbp5500,AF1850.jpg,4,C:\Users\한국전파진흥협회\Desktop\dataset\combined\images\scut_fbp5500\AF1850.jpg
scut_fbp5500,AF1851.jpg,3,C:\Users\한국전파진흥협회\Desktop\dataset\combined\images\scut_fbp5500\AF1851.jpg
scut_fbp5500,AF1852.jpg,4,C:\Users\한국전파진흥협회\Desktop\dataset\combined\images\scut_fbp5500\AF1852.jpg
scut_fbp5500,AF1853.jpg,2,C:\Users\한국전파진흥협회\Desktop\dataset\combined\images\scut_fbp5500\AF1853.jpg
scut_fbp5500,AF1854.jpg,3,C:\Users\한국전파진흥협회\Desktop\dataset\combined\images\scut_fbp5500\AF1854.jpg
scut_fbp5500,AF1855.jpg,3,C:\Users\한국전파진흥협회\Desktop\dataset\combined\images\scut_fbp5500\AF1855.jpg
scut_fbp5500,AF1856.jpg,4,C:\Users\한국전파진흥협회\Desktop\dataset\combined\images\scut_fbp5500\AF1856.jpg
scut_fbp5500,AF1857.jpg,4,C:\Users\한국전파진흥협회\Desktop\dataset\combined\images\scut_fbp5500\AF1857.jpg
scut_fbp5500,AF1858.jpg,3,C:\Users\한국전파진흥협회\Desktop\dataset\combined\images\scut_fbp5500\AF1858.jpg
scut_fbp5500,AF1859.jpg,2,C:\Users\한국전파진흥협회\Desktop\dataset\combined\images\scut_fbp5500\AF1859.jpg
scut_fbp5500,AF1860.jpg,3,C:\Users\한국전파진흥협회\Desktop\dataset\combined\images\scut_fbp5500\AF1860.jpg
scut_fbp5500,AF1861.jpg,4,C:\Users\한국전파진흥협회\Desktop\dataset\combined\images\scut_fbp5500\AF1861.jpg
scut_fbp5500,AF1862.jpg,3,C:\Users\한국전파진흥협회\Desktop\dataset\combined\images\scut_fbp5500\AF1862.jpg
scut_fbp5500,AF1863.jpg,4,C:\Users\한국전파진흥협회\Desktop\dataset\combined\images\scut_fbp5500\AF1863.jpg
scut_fbp5500,AF1864.jpg,4,C:\Users\한국전파진흥협회\Desktop\dataset\combined\images\scut_fbp5500\AF1864.jpg
scut_fbp5500,AF1865.jpg,3,C:\Users\한국전파진흥협회\Desktop\dataset\combined\images\scut_fbp5500\AF1865.jpg
scut_fbp5500,AF1866.jpg,1,C:\Users\한국전파진흥협회\Desktop\dataset\combined\images\scut_fbp5500\AF1866.jpg
scut_fbp5500,AF1867.jpg,4,C:\Users\한국전파진흥협회\Desktop\dataset\combined\images\scut_fbp5500\AF1867.jpg
scut_fbp5500,AF1868.jpg,4,C:\Users\한국전파진흥협회\Desktop\dataset\combined\images\scut_fbp5500\AF1868.jpg
scut_fbp5500,AF1869.jpg,3,C:\Users\한국전파진흥협회\Desktop\dataset\combined\images\scut_fbp5500\AF1869.jpg
scut_fbp5500,AF1870.jpg,3,C:\Users\한국전파진흥협회\Desktop\dataset\combined\images\scut_fbp5500\AF1870.jpg
scut_fbp5500,AF1871.jpg,4,C:\Users\한국전파진흥협회\Desktop\dataset\combined\images\scut_fbp5500\AF1871.jpg
scut_fbp5500,AF1872.jpg,3,C:\Users\한국전파진흥협회\Desktop\dataset\combined\images\scut_fbp5500\AF1872.jpg
scut_fbp5500,AF1873.jpg,2,C:\Users\한국전파진흥협회\Desktop\dataset\combined\images\scut_fbp5500\AF1873.jpg
scut_fbp5500,AF1874.jpg,3,C:\Users\한국전파진흥협회\Desktop\dataset\combined\images\scut_fbp5500\AF1874.jpg
scut_fbp5500,AF1875.jpg,2,C:\Users\한국전파진흥협회\Desktop\dataset\combined\images\scut_fbp5500\AF1875.jpg
scut_fbp5500,AF1876.jpg,3,C:\Users\한국전파진흥협회\Desktop\dataset\combined\images\scut_fbp5500\AF1876.jpg
scut_fbp5500,AF1877.jpg,4,C:\Users\한국전파진흥협회\Desktop\dataset\combined\images\scut_fbp5500\AF1877.jpg
scut_fbp5500,AF1878.jpg,4,C:\Users\한국전파진흥협회\Desktop\dataset\combined\images\scut_fbp5500\AF1878.jpg
scut_fbp5500,AF1879.jpg,4,C:\Users\한국전파진흥협회\Desktop\dataset\combined\images\scut_fbp5500\AF1879.jpg
scut_fbp5500,AF1880.jpg,2,C:\Users\한국전파진흥협회\Desktop\dataset\combined\images\scut_fbp5500\AF1880.jpg
scut_fbp5500,AF1881.jpg,4,C:\Users\한국전파진흥협회\Desktop\dataset\combined\images\scut_fbp5500\AF1881.jpg
scut_fbp5500,AF1882.jpg,4,C:\Users\한국전파진흥협회\Desktop\dataset\combined\images\scut_fbp5500\AF1882.jpg
scut_fbp5500,AF1883.jpg,3,C:\Users\한국전파진흥협회\Desktop\dataset\combined\images\scut_fbp5500\AF1883.jpg
scut_fbp5500,AF1884.jpg,3,C:\Users\한국전파진흥협회\Desktop\dataset\combined\images\scut_fbp5500\AF1884.jpg
scut_fbp5500,AF1885.jpg,3,C:\Users\한국전파진흥협회\Desktop\dataset\combined\images\scut_fbp5500\AF1885.jpg
scut_fbp5500,AF1886.jpg,3,C:\Users\한국전파진흥협회\Desktop\dataset\combined\images\scut_fbp5500\AF1886.jpg
scut_fbp5500,AF1887.jpg,4,C:\Users\한국전파진흥협회\Desktop\dataset\combined\images\scut_fbp5500\AF1887.jpg
scut_fbp5500,AF1888.jpg,3,C:\Users\한국전파진흥협회\Desktop\dataset\combined\images\scut_fbp5500\AF1888.jpg
scut_fbp5500,AF1889.jpg,4,C:\Users\한국전파진흥협회\Desktop\dataset\combined\images\scut_fbp5500\AF1889.jpg
scut_fbp5500,AF1890.jpg,1,C:\Users\한국전파진흥협회\Desktop\dataset\combined\images\scut_fbp5500\AF1890.jpg
scut_fbp5500,AF1891.jpg,4,C:\Users\한국전파진흥협회\Desktop\dataset\combined\images\scut_fbp5500\AF1891.jpg
scut_fbp5500,AF1892.jpg,4,C:\Users\한국전파진흥협회\Desktop\dataset\combined\images\scut_fbp5500\AF1892.jpg
scut_fbp5500,AF1893.jpg,3,C:\Users\한국전파진흥협회\Desktop\dataset\combined\images\scut_fbp5500\AF1893.jpg
scut_fbp5500,AF1894.jpg,4,C:\Users\한국전파진흥협회\Desktop\dataset\combined\images\scut_fbp5500\AF1894.jpg
scut_fbp5500,AF1895.jpg,4,C:\Users\한국전파진흥협회\Desktop\dataset\combined\images\scut_fbp5500\AF1895.jpg
scut_fbp5500,AF1896.jpg,3,C:\Users\한국전파진흥협회\Desktop\dataset\combined\images\scut_fbp5500\AF1896.jpg
scut_fbp5500,AF1897.jpg,4,C:\Users\한국전파진흥협회\Desktop\dataset\combined\images\scut_fbp5500\AF1897.jpg
scut_fbp5500,AF1898.jpg,4,C:\Users\한국전파진흥협회\Desktop\dataset\combined\images\scut_fbp5500\AF1898.jpg
scut_fbp5500,AF1899.jpg,3,C:\Users\한국전파진흥협회\Desktop\dataset\combined\images\scut_fbp5500\AF1899.jpg
scut_fbp5500,AF1900.jpg,3,C:\Users\한국전파진흥협회\Desktop\dataset\combined\images\scut_fbp5500\AF1900.jpg
scut_fbp5500,AF1901.jpg,4,C:\Users\한국전파진흥협회\Desktop\dataset\combined\images\scut_fbp5500\AF1901.jpg
scut_fbp5500,AF1902.jpg,4,C:\Users\한국전파진흥협회\Desktop\dataset\combined\images\scut_fbp5500\AF1902.jpg
scut_fbp5500,AF1903.jpg,4,C:\Users\한국전파진흥협회\Desktop\dataset\combined\images\scut_fbp5500\AF1903.jpg
scut_fbp5500,AF1904.jpg,4,C:\Users\한국전파진흥협회\Desktop\dataset\combined\images\scut_fbp5500\AF1904.jpg
scut_fbp5500,AF1905.jpg,4,C:\Users\한국전파진흥협회\Desktop\dataset\combined\images\scut_fbp5500\AF1905.jpg
scut_fbp5500,AF1906.jpg,3,C:\Users\한국전파진흥협회\Desktop\dataset\combined\images\scut_fbp5500\AF1906.jpg
scut_fbp5500,AF1907.jpg,3,C:\Users\한국전파진흥협회\Desktop\dataset\combined\images\scut_fbp5500\AF1907.jpg
scut_fbp5500,AF1908.jpg,4,C:\Users\한국전파진흥협회\Desktop\dataset\combined\images\scut_fbp5500\AF1908.jpg
scut_fbp5500,AF1909.jpg,3,C:\Users\한국전파진흥협회\Desktop\dataset\combined\images\scut_fbp5500\AF1909.jpg
scut_fbp5500,AF1910.jpg,4,C:\Users\한국전파진흥협회\Desktop\dataset\combined\images\scut_fbp5500\AF1910.jpg
scut_fbp5500,AF1911.jpg,4,C:\Users\한국전파진흥협회\Desktop\dataset\combined\images\scut_fbp5500\AF1911.jpg
scut_fbp5500,AF1912.jpg,4,C:\Users\한국전파진흥협회\Desktop\dataset\combined\images\scut_fbp5500\AF1912.jpg
scut_fbp5500,AF1913.jpg,3,C:\Users\한국전파진흥협회\Desktop\dataset\combined\images\scut_fbp5500\AF1913.jpg
scut_fbp5500,AF1914.jpg,4,C:\Users\한국전파진흥협회\Desktop\dataset\combined\images\scut_fbp5500\AF1914.jpg
scut_fbp5500,AF1915.jpg,3,C:\Users\한국전파진흥협회\Desktop\dataset\combined\images\scut_fbp5500\AF1915.jpg
scut_fbp5500,AF1916.jpg,3,C:\Users\한국전파진흥협회\Desktop\dataset\combined\images\scut_fbp5500\AF1916.jpg
scut_fbp5500,AF1917.jpg,3,C:\Users\한국전파진흥협회\Desktop\dataset\combined\images\scut_fbp5500\AF1917.jpg
scut_fbp5500,AF1918.jpg,3,C:\Users\한국전파진흥협회\Desktop\dataset\combined\images\scut_fbp5500\AF1918.jpg
scut_fbp5500,AF1919.jpg,4,C:\Users\한국전파진흥협회\Desktop\dataset\combined\images\scut_fbp5500\AF1919.jpg
scut_fbp5500,AF1920.jpg,4,C:\Users\한국전파진흥협회\Desktop\dataset\combined\images\scut_fbp5500\AF1920.jpg
scut_fbp5500,AF1921.jpg,2,C:\Users\한국전파진흥협회\Desktop\dataset\combined\images\scut_fbp5500\AF1921.jpg
scut_fbp5500,AF1922.jpg,3,C:\Users\한국전파진흥협회\Desktop\dataset\combined\images\scut_fbp5500\AF1922.jpg
scut_fbp5500,AF1923.jpg,3,C:\Users\한국전파진흥협회\Desktop\dataset\combined\images\scut_fbp5500\AF1923.jpg
scut_fbp5500,AF1924.jpg,2,C:\Users\한국전파진흥협회\Desktop\dataset\combined\images\scut_fbp5500\AF1924.jpg
scut_fbp5500,AF1925.jpg,3,C:\Users\한국전파진흥협회\Desktop\dataset\combined\images\scut_fbp5500\AF1925.jpg
scut_fbp5500,AF1926.jpg,4,C:\Users\한국전파진흥협회\Desktop\dataset\combined\images\scut_fbp5500\AF1926.jpg
scut_fbp5500,AF1927.jpg,4,C:\Users\한국전파진흥협회\Desktop\dataset\combined\images\scut_fbp5500\AF1927.jpg
scut_fbp5500,AF1928.jpg,3,C:\Users\한국전파진흥협회\Desktop\dataset\combined\images\scut_fbp5500\AF1928.jpg
scut_fbp5500,AF1929.jpg,4,C:\Users\한국전파진흥협회\Desktop\dataset\combined\images\scut_fbp5500\AF1929.jpg
scut_fbp5500,AF1930.jpg,4,C:\Users\한국전파진흥협회\Desktop\dataset\combined\images\scut_fbp5500\AF1930.jpg
scut_fbp5500,AF1931.jpg,2,C:\Users\한국전파진흥협회\Desktop\dataset\combined\images\scut_fbp5500\AF1931.jpg
scut_fbp5500,AF1932.jpg,3,C:\Users\한국전파진흥협회\Desktop\dataset\combined\images\scut_fbp5500\AF1932.jpg
scut_fbp5500,AF1933.jpg,3,C:\Users\한국전파진흥협회\Desktop\dataset\combined\images\scut_fbp5500\AF1933.jpg
scut_fbp5500,AF1934.jpg,2,C:\Users\한국전파진흥협회\Desktop\dataset\combined\images\scut_fbp5500\AF1934.jpg
scut_fbp5500,AF1935.jpg,1,C:\Users\한국전파진흥협회\Desktop\dataset\combined\images\scut_fbp5500\AF1935.jpg
scut_fbp5500,AF1936.jpg,3,C:\Users\한국전파진흥협회\Desktop\dataset\combined\images\scut_fbp5500\AF1936.jpg
scut_fbp5500,AF1937.jpg,3,C:\Users\한국전파진흥협회\Desktop\dataset\combined\images\scut_fbp5500\AF1937.jpg
scut_fbp5500,AF1938.jpg,2,C:\Users\한국전파진흥협회\Desktop\dataset\combined\images\scut_fbp5500\AF1938.jpg
scut_fbp5500,AF1939.jpg,3,C:\Users\한국전파진흥협회\Desktop\dataset\combined\images\scut_fbp5500\AF1939.jpg
scut_fbp5500,AF1940.jpg,3,C:\Users\한국전파진흥협회\Desktop\dataset\combined\images\scut_fbp5500\AF1940.jpg
scut_fbp5500,AF1941.jpg,3,C:\Users\한국전파진흥협회\Desktop\dataset\combined\images\scut_fbp5500\AF1941.jpg
scut_fbp5500,AF1942.jpg,2,C:\Users\한국전파진흥협회\Desktop\dataset\combined\images\scut_fbp5500\AF1942.jpg
scut_fbp5500,AF1943.jpg,4,C:\Users\한국전파진흥협회\Desktop\dataset\combined\images\scut_fbp5500\AF1943.jpg
scut_fbp5500,AF1944.jpg,3,C:\Users\한국전파진흥협회\Desktop\dataset\combined\images\scut_fbp5500\AF1944.jpg
scut_fbp5500,AF1945.jpg,3,C:\Users\한국전파진흥협회\Desktop\dataset\combined\images\scut_fbp5500\AF1945.jpg
scut_fbp5500,AF1946.jpg,2,C:\Users\한국전파진흥협회\Desktop\dataset\combined\images\scut_fbp5500\AF1946.jpg
scut_fbp5500,AF1947.jpg,3,C:\Users\한국전파진흥협회\Desktop\dataset\combined\images\scut_fbp5500\AF1947.jpg
scut_fbp5500,AF1948.jpg,3,C:\Users\한국전파진흥협회\Desktop\dataset\combined\images\scut_fbp5500\AF1948.jpg
scut_fbp5500,AF1949.jpg,4,C:\Users\한국전파진흥협회\Desktop\dataset\combined\images\scut_fbp5500\AF1949.jpg
scut_fbp5500,AF1950.jpg,3,C:\Users\한국전파진흥협회\Desktop\dataset\combined\images\scut_fbp5500\AF1950.jpg
scut_fbp5500,AF1951.jpg,3,C:\Users\한국전파진흥협회\Desktop\dataset\combined\images\scut_fbp5500\AF1951.jpg
scut_fbp5500,AF1952.jpg,3,C:\Users\한국전파진흥협회\Desktop\dataset\combined\images\scut_fbp5500\AF1952.jpg
scut_fbp5500,AF1953.jpg,2,C:\Users\한국전파진흥협회\Desktop\dataset\combined\images\scut_fbp5500\AF1953.jpg
scut_fbp5500,AF1954.jpg,3,C:\Users\한국전파진흥협회\Desktop\dataset\combined\images\scut_fbp5500\AF1954.jpg
scut_fbp5500,AF1955.jpg,4,C:\Users\한국전파진흥협회\Desktop\dataset\combined\images\scut_fbp5500\AF1955.jpg
scut_fbp5500,AF1956.jpg,4,C:\Users\한국전파진흥협회\Desktop\dataset\combined\images\scut_fbp5500\AF1956.jpg
scut_fbp5500,AF1957.jpg,3,C:\Users\한국전파진흥협회\Desktop\dataset\combined\images\scut_fbp5500\AF1957.jpg
scut_fbp5500,AF1958.jpg,4,C:\Users\한국전파진흥협회\Desktop\dataset\combined\images\scut_fbp5500\AF1958.jpg
scut_fbp5500,AF1959.jpg,1,C:\Users\한국전파진흥협회\Desktop\dataset\combined\images\scut_fbp5500\AF1959.jpg
scut_fbp5500,AF1960.jpg,2,C:\Users\한국전파진흥협회\Desktop\dataset\combined\images\scut_fbp5500\AF1960.jpg
scut_fbp5500,AF1961.jpg,3,C:\Users\한국전파진흥협회\Desktop\dataset\combined\images\scut_fbp5500\AF1961.jpg
scut_fbp5500,AF1962.jpg,4,C:\Users\한국전파진흥협회\Desktop\dataset\combined\images\scut_fbp5500\AF1962.jpg
scut_fbp5500,AF1963.jpg,3,C:\Users\한국전파진흥협회\Desktop\dataset\combined\images\scut_fbp5500\AF1963.jpg
scut_fbp5500,AF1964.jpg,4,C:\Users\한국전파진흥협회\Desktop\dataset\combined\images\scut_fbp5500\AF1964.jpg
scut_fbp5500,AF1965.jpg,2,C:\Users\한국전파진흥협회\Desktop\dataset\combined\images\scut_fbp5500\AF1965.jpg
scut_fbp5500,AF1966.jpg,4,C:\Users\한국전파진흥협회\Desktop\dataset\combined\images\scut_fbp5500\AF1966.jpg
scut_fbp5500,AF1967.jpg,2,C:\Users\한국전파진흥협회\Desktop\dataset\combined\images\scut_fbp5500\AF1967.jpg
scut_fbp5500,AF1968.jpg,2,C:\Users\한국전파진흥협회\Desktop\dataset\combined\images\scut_fbp5500\AF1968.jpg
scut_fbp5500,AF1969.jpg,3,C:\Users\한국전파진흥협회\Desktop\dataset\combined\images\scut_fbp5500\AF1969.jpg
scut_fbp5500,AF1970.jpg,3,C:\Users\한국전파진흥협회\Desktop\dataset\combined\images\scut_fbp5500\AF1970.jpg
scut_fbp5500,AF1971.jpg,2,C:\Users\한국전파진흥협회\Desktop\dataset\combined\images\scut_fbp5500\AF1971.jpg
scut_fbp5500,AF1972.jpg,4,C:\Users\한국전파진흥협회\Desktop\dataset\combined\images\scut_fbp5500\AF1972.jpg
scut_fbp5500,AF1973.jpg,5,C:\Users\한국전파진흥협회\Desktop\dataset\combined\images\scut_fbp5500\AF1973.jpg
scut_fbp5500,AF1974.jpg,3,C:\Users\한국전파진흥협회\Desktop\dataset\combined\images\scut_fbp5500\AF1974.jpg
scut_fbp5500,AF1975.jpg,2,C:\Users\한국전파진흥협회\Desktop\dataset\combined\images\scut_fbp5500\AF1975.jpg
scut_fbp5500,AF1976.jpg,1,C:\Users\한국전파진흥협회\Desktop\dataset\combined\images\scut_fbp5500\AF1976.jpg
scut_fbp5500,AF1977.jpg,4,C:\Users\한국전파진흥협회\Desktop\dataset\combined\images\scut_fbp5500\AF1977.jpg
scut_fbp5500,AF1978.jpg,4,C:\Users\한국전파진흥협회\Desktop\dataset\combined\images\scut_fbp5500\AF1978.jpg
scut_fbp5500,AF1979.jpg,3,C:\Users\한국전파진흥협회\Desktop\dataset\combined\images\scut_fbp5500\AF1979.jpg
scut_fbp5500,AF1980.jpg,4,C:\Users\한국전파진흥협회\Desktop\dataset\combined\images\scut_fbp5500\AF1980.jpg
scut_fbp5500,AF1981.jpg,4,C:\Users\한국전파진흥협회\Desktop\dataset\combined\images\scut_fbp5500\AF1981.jpg
scut_fbp5500,AF1982.jpg,3,C:\Users\한국전파진흥협회\Desktop\dataset\combined\images\scut_fbp5500\AF1982.jpg
scut_fbp5500,AF1983.jpg,4,C:\Users\한국전파진흥협회\Desktop\dataset\combined\images\scut_fbp5500\AF1983.jpg
scut_fbp5500,AF1984.jpg,2,C:\Users\한국전파진흥협회\Desktop\dataset\combined\images\scut_fbp5500\AF1984.jpg
scut_fbp5500,AF1985.jpg,4,C:\Users\한국전파진흥협회\Desktop\dataset\combined\images\scut_fbp5500\AF1985.jpg
scut_fbp5500,AF1986.jpg,1,C:\Users\한국전파진흥협회\Desktop\dataset\combined\images\scut_fbp5500\AF1986.jpg
scut_fbp5500,AF1987.jpg,2,C:\Users\한국전파진흥협회\Desktop\dataset\combined\images\scut_fbp5500\AF1987.jpg
scut_fbp5500,AF1988.jpg,2,C:\Users\한국전파진흥협회\Desktop\dataset\combined\images\scut_fbp5500\AF1988.jpg
scut_fbp5500,AF1989.jpg,4,C:\Users\한국전파진흥협회\Desktop\dataset\combined\images\scut_fbp5500\AF1989.jpg
scut_fbp5500,AF1990.jpg,4,C:\Users\한국전파진흥협회\Desktop\dataset\combined\images\scut_fbp5500\AF1990.jpg
scut_fbp5500,AF1991.jpg,2,C:\Users\한국전파진흥협회\Desktop\dataset\combined\images\scut_fbp5500\AF1991.jpg
scut_fbp5500,AF1992.jpg,4,C:\Users\한국전파진흥협회\Desktop\dataset\combined\images\scut_fbp5500\AF1992.jpg
scut_fbp5500,AF1993.jpg,4,C:\Users\한국전파진흥협회\Desktop\dataset\combined\images\scut_fbp5500\AF1993.jpg
scut_fbp5500,AF1994.jpg,3,C:\Users\한국전파진흥협회\Desktop\dataset\combined\images\scut_fbp5500\AF1994.jpg
scut_fbp5500,AF1995.jpg,1,C:\Users\한국전파진흥협회\Desktop\dataset\combined\images\scut_fbp5500\AF1995.jpg
scut_fbp5500,AF1996.jpg,2,C:\Users\한국전파진흥협회\Desktop\dataset\combined\images\scut_fbp5500\AF1996.jpg
scut_fbp5500,AF1997.jpg,1,C:\Users\한국전파진흥협회\Desktop\dataset\combined\images\scut_fbp5500\AF1997.jpg
scut_fbp5500,AF1998.jpg,3,C:\Users\한국전파진흥협회\Desktop\dataset\combined\images\scut_fbp5500\AF1998.jpg
scut_fbp5500,AF1999.jpg,3,C:\Users\한국전파진흥협회\Desktop\dataset\combined\images\scut_fbp5500\AF1999.jpg
scut_fbp5500,AF2000.jpg,4,C:\Users\한국전파진흥협회\Desktop\dataset\combined\images\scut_fbp5500\AF2000.jpg
scut_fbp5500,AM1.jpg,4,C:\Users\한국전파진흥협회\Desktop\dataset\combined\images\scut_fbp5500\AM1.jpg
scut_fbp5500,AM2.jpg,4,C:\Users\한국전파진흥협회\Desktop\dataset\combined\images\scut_fbp5500\AM2.jpg
scut_fbp5500,AM3.jpg,4,C:\Users\한국전파진흥협회\Desktop\dataset\combined\images\scut_fbp5500\AM3.jpg
scut_fbp5500,AM4.jpg,3,C:\Users\한국전파진흥협회\Desktop\dataset\combined\images\scut_fbp5500\AM4.jpg
scut_fbp5500,AM5.jpg,2,C:\Users\한국전파진흥협회\Desktop\dataset\combined\images\scut_fbp5500\AM5.jpg
scut_fbp5500,AM6.jpg,4,C:\Users\한국전파진흥협회\Desktop\dataset\combined\images\scut_fbp5500\AM6.jpg
scut_fbp5500,AM7.jpg,3,C:\Users\한국전파진흥협회\Desktop\dataset\combined\images\scut_fbp5500\AM7.jpg
scut_fbp5500,AM8.jpg,4,C:\Users\한국전파진흥협회\Desktop\dataset\combined\images\scut_fbp5500\AM8.jpg
scut_fbp5500,AM9.jpg,4,C:\Users\한국전파진흥협회\Desktop\dataset\combined\images\scut_fbp5500\AM9.jpg
scut_fbp5500,AM10.jpg,1,C:\Users\한국전파진흥협회\Desktop\dataset\combined\images\scut_fbp5500\AM10.jpg
scut_fbp5500,AM11.jpg,4,C:\Users\한국전파진흥협회\Desktop\dataset\combined\images\scut_fbp5500\AM11.jpg
scut_fbp5500,AM12.jpg,3,C:\Users\한국전파진흥협회\Desktop\dataset\combined\images\scut_fbp5500\AM12.jpg
scut_fbp5500,AM13.jpg,3,C:\Users\한국전파진흥협회\Desktop\dataset\combined\images\scut_fbp5500\AM13.jpg
scut_fbp5500,AM14.jpg,4,C:\Users\한국전파진흥협회\Desktop\dataset\combined\images\scut_fbp5500\AM14.jpg
scut_fbp5500,AM15.jpg,4,C:\Users\한국전파진흥협회\Desktop\dataset\combined\images\scut_fbp5500\AM15.jpg
scut_fbp5500,AM16.jpg,4,C:\Users\한국전파진흥협회\Desktop\dataset\combined\images\scut_fbp5500\AM16.jpg
scut_fbp5500,AM17.jpg,3,C:\Users\한국전파진흥협회\Desktop\dataset\combined\images\scut_fbp5500\AM17.jpg
scut_fbp5500,AM18.jpg,4,C:\Users\한국전파진흥협회\Desktop\dataset\combined\images\scut_fbp5500\AM18.jpg
scut_fbp5500,AM19.jpg,3,C:\Users\한국전파진흥협회\Desktop\dataset\combined\images\scut_fbp5500\AM19.jpg
scut_fbp5500,AM20.jpg,2,C:\Users\한국전파진흥협회\Desktop\dataset\combined\images\scut_fbp5500\AM20.jpg
scut_fbp5500,AM21.jpg,4,C:\Users\한국전파진흥협회\Desktop\dataset\combined\images\scut_fbp5500\AM21.jpg
scut_fbp5500,AM22.jpg,5,C:\Users\한국전파진흥협회\Desktop\dataset\combined\images\scut_fbp5500\AM22.jpg
scut_fbp5500,AM23.jpg,4,C:\Users\한국전파진흥협회\Desktop\dataset\combined\images\scut_fbp5500\AM23.jpg
scut_fbp5500,AM24.jpg,3,C:\Users\한국전파진흥협회\Desktop\dataset\combined\images\scut_fbp5500\AM24.jpg
scut_fbp5500,AM25.jpg,4,C:\Users\한국전파진흥협회\Desktop\dataset\combined\images\scut_fbp5500\AM25.jpg
scut_fbp5500,AM26.jpg,2,C:\Users\한국전파진흥협회\Desktop\dataset\combined\images\scut_fbp5500\AM26.jpg
scut_fbp5500,AM27.jpg,4,C:\Users\한국전파진흥협회\Desktop\dataset\combined\images\scut_fbp5500\AM27.jpg
scut_fbp5500,AM28.jpg,4,C:\Users\한국전파진흥협회\Desktop\dataset\combined\images\scut_fbp5500\AM28.jpg
scut_fbp5500,AM29.jpg,4,C:\Users\한국전파진흥협회\Desktop\dataset\combined\images\scut_fbp5500\AM29.jpg
scut_fbp5500,AM30.jpg,4,C:\Users\한국전파진흥협회\Desktop\dataset\combined\images\scut_fbp5500\AM30.jpg
scut_fbp5500,AM31.jpg,4,C:\Users\한국전파진흥협회\Desktop\dataset\combined\images\scut_fbp5500\AM31.jpg
scut_fbp5500,AM32.jpg,4,C:\Users\한국전파진흥협회\Desktop\dataset\combined\images\scut_fbp5500\AM32.jpg
scut_fbp5500,AM33.jpg,2,C:\Users\한국전파진흥협회\Desktop\dataset\combined\images\scut_fbp5500\AM33.jpg
scut_fbp5500,AM34.jpg,4,C:\Users\한국전파진흥협회\Desktop\dataset\combined\images\scut_fbp5500\AM34.jpg
scut_fbp5500,AM35.jpg,3,C:\Users\한국전파진흥협회\Desktop\dataset\combined\images\scut_fbp5500\AM35.jpg
scut_fbp5500,AM36.jpg,4,C:\Users\한국전파진흥협회\Desktop\dataset\combined\images\scut_fbp5500\AM36.jpg
scut_fbp5500,AM37.jpg,3,C:\Users\한국전파진흥협회\Desktop\dataset\combined\images\scut_fbp5500\AM37.jpg
scut_fbp5500,AM38.jpg,3,C:\Users\한국전파진흥협회\Desktop\dataset\combined\images\scut_fbp5500\AM38.jpg
scut_fbp5500,AM39.jpg,4,C:\Users\한국전파진흥협회\Desktop\dataset\combined\images\scut_fbp5500\AM39.jpg
scut_fbp5500,AM40.jpg,4,C:\Users\한국전파진흥협회\Desktop\dataset\combined\images\scut_fbp5500\AM40.jpg
scut_fbp5500,AM41.jpg,4,C:\Users\한국전파진흥협회\Desktop\dataset\combined\images\scut_fbp5500\AM41.jpg
scut_fbp5500,AM42.jpg,4,C:\Users\한국전파진흥협회\Desktop\dataset\combined\images\scut_fbp5500\AM42.jpg
scut_fbp5500,AM43.jpg,3,C:\Users\한국전파진흥협회\Desktop\dataset\combined\images\scut_fbp5500\AM43.jpg
scut_fbp5500,AM44.jpg,4,C:\Users\한국전파진흥협회\Desktop\dataset\combined\images\scut_fbp5500\AM44.jpg
scut_fbp5500,AM45.jpg,4,C:\Users\한국전파진흥협회\Desktop\dataset\combined\images\scut_fbp5500\AM45.jpg
scut_fbp5500,AM46.jpg,4,C:\Users\한국전파진흥협회\Desktop\dataset\combined\images\scut_fbp5500\AM46.jpg
scut_fbp5500,AM47.jpg,3,C:\Users\한국전파진흥협회\Desktop\dataset\combined\images\scut_fbp5500\AM47.jpg
scut_fbp5500,AM48.jpg,4,C:\Users\한국전파진흥협회\Desktop\dataset\combined\images\scut_fbp5500\AM48.jpg
scut_fbp5500,AM49.jpg,4,C:\Users\한국전파진흥협회\Desktop\dataset\combined\images\scut_fbp5500\AM49.jpg
scut_fbp5500,AM50.jpg,3,C:\Users\한국전파진흥협회\Desktop\dataset\combined\images\scut_fbp5500\AM50.jpg
scut_fbp5500,AM51.jpg,4,C:\Users\한국전파진흥협회\Desktop\dataset\combined\images\scut_fbp5500\AM51.jpg
scut_fbp5500,AM52.jpg,2,C:\Users\한국전파진흥협회\Desktop\dataset\combined\images\scut_fbp5500\AM52.jpg
scut_fbp5500,AM53.jpg,4,C:\Users\한국전파진흥협회\Desktop\dataset\combined\images\scut_fbp5500\AM53.jpg
scut_fbp5500,AM54.jpg,3,C:\Users\한국전파진흥협회\Desktop\dataset\combined\images\scut_fbp5500\AM54.jpg
scut_fbp5500,AM55.jpg,4,C:\Users\한국전파진흥협회\Desktop\dataset\combined\images\scut_fbp5500\AM55.jpg
scut_fbp5500,AM56.jpg,4,C:\Users\한국전파진흥협회\Desktop\dataset\combined\images\scut_fbp5500\AM56.jpg
scut_fbp5500,AM57.jpg,3,C:\Users\한국전파진흥협회\Desktop\dataset\combined\images\scut_fbp5500\AM57.jpg
scut_fbp5500,AM58.jpg,2,C:\Users\한국전파진흥협회\Desktop\dataset\combined\images\scut_fbp5500\AM58.jpg
scut_fbp5500,AM59.jpg,4,C:\Users\한국전파진흥협회\Desktop\dataset\combined\images\scut_fbp5500\AM59.jpg
scut_fbp5500,AM60.jpg,3,C:\Users\한국전파진흥협회\Desktop\dataset\combined\images\scut_fbp5500\AM60.jpg
scut_fbp5500,AM61.jpg,2,C:\Users\한국전파진흥협회\Desktop\dataset\combined\images\scut_fbp5500\AM61.jpg
scut_fbp5500,AM62.jpg,4,C:\Users\한국전파진흥협회\Desktop\dataset\combined\images\scut_fbp5500\AM62.jpg
scut_fbp5500,AM63.jpg,4,C:\Users\한국전파진흥협회\Desktop\dataset\combined\images\scut_fbp5500\AM63.jpg
scut_fbp5500,AM64.jpg,4,C:\Users\한국전파진흥협회\Desktop\dataset\combined\images\scut_fbp5500\AM64.jpg
scut_fbp5500,AM65.jpg,3,C:\Users\한국전파진흥협회\Desktop\dataset\combined\images\scut_fbp5500\AM65.jpg
scut_fbp5500,AM66.jpg,3,C:\Users\한국전파진흥협회\Desktop\dataset\combined\images\scut_fbp5500\AM66.jpg
scut_fbp5500,AM67.jpg,3,C:\Users\한국전파진흥협회\Desktop\dataset\combined\images\scut_fbp5500\AM67.jpg
scut_fbp5500,AM68.jpg,4,C:\Users\한국전파진흥협회\Desktop\dataset\combined\images\scut_fbp5500\AM68.jpg
scut_fbp5500,AM69.jpg,3,C:\Users\한국전파진흥협회\Desktop\dataset\combined\images\scut_fbp5500\AM69.jpg
scut_fbp5500,AM70.jpg,2,C:\Users\한국전파진흥협회\Desktop\dataset\combined\images\scut_fbp5500\AM70.jpg
scut_fbp5500,AM71.jpg,4,C:\Users\한국전파진흥협회\Desktop\dataset\combined\images\scut_fbp5500\AM71.jpg
scut_fbp5500,AM72.jpg,4,C:\Users\한국전파진흥협회\Desktop\dataset\combined\images\scut_fbp5500\AM72.jpg
scut_fbp5500,AM73.jpg,2,C:\Users\한국전파진흥협회\Desktop\dataset\combined\images\scut_fbp5500\AM73.jpg
scut_fbp5500,AM74.jpg,2,C:\Users\한국전파진흥협회\Desktop\dataset\combined\images\scut_fbp5500\AM74.jpg
scut_fbp5500,AM75.jpg,4,C:\Users\한국전파진흥협회\Desktop\dataset\combined\images\scut_fbp5500\AM75.jpg
scut_fbp5500,AM76.jpg,3,C:\Users\한국전파진흥협회\Desktop\dataset\combined\images\scut_fbp5500\AM76.jpg
scut_fbp5500,AM77.jpg,4,C:\Users\한국전파진흥협회\Desktop\dataset\combined\images\scut_fbp5500\AM77.jpg
scut_fbp5500,AM78.jpg,3,C:\Users\한국전파진흥협회\Desktop\dataset\combined\images\scut_fbp5500\AM78.jpg
scut_fbp5500,AM79.jpg,2,C:\Users\한국전파진흥협회\Desktop\dataset\combined\images\scut_fbp5500\AM79.jpg
scut_fbp5500,AM80.jpg,3,C:\Users\한국전파진흥협회\Desktop\dataset\combined\images\scut_fbp5500\AM80.jpg
scut_fbp5500,AM81.jpg,4,C:\Users\한국전파진흥협회\Desktop\dataset\combined\images\scut_fbp5500\AM81.jpg
scut_fbp5500,AM82.jpg,3,C:\Users\한국전파진흥협회\Desktop\dataset\combined\images\scut_fbp5500\AM82.jpg
scut_fbp5500,AM83.jpg,3,C:\Users\한국전파진흥협회\Desktop\dataset\combined\images\scut_fbp5500\AM83.jpg
scut_fbp5500,AM84.jpg,4,C:\Users\한국전파진흥협회\Desktop\dataset\combined\images\scut_fbp5500\AM84.jpg
scut_fbp5500,AM85.jpg,2,C:\Users\한국전파진흥협회\Desktop\dataset\combined\images\scut_fbp5500\AM85.jpg
scut_fbp5500,AM86.jpg,3,C:\Users\한국전파진흥협회\Desktop\dataset\combined\images\scut_fbp5500\AM86.jpg
scut_fbp5500,AM87.jpg,4,C:\Users\한국전파진흥협회\Desktop\dataset\combined\images\scut_fbp5500\AM87.jpg
scut_fbp5500,AM88.jpg,4,C:\Users\한국전파진흥협회\Desktop\dataset\combined\images\scut_fbp5500\AM88.jpg
scut_fbp5500,AM89.jpg,3,C:\Users\한국전파진흥협회\Desktop\dataset\combined\images\scut_fbp5500\AM89.jpg
scut_fbp5500,AM90.jpg,2,C:\Users\한국전파진흥협회\Desktop\dataset\combined\images\scut_fbp5500\AM90.jpg
scut_fbp5500,AM91.jpg,3,C:\Users\한국전파진흥협회\Desktop\dataset\combined\images\scut_fbp5500\AM91.jpg
scut_fbp5500,AM92.jpg,3,C:\Users\한국전파진흥협회\Desktop\dataset\combined\images\scut_fbp5500\AM92.jpg
scut_fbp5500,AM93.jpg,2,C:\Users\한국전파진흥협회\Desktop\dataset\combined\images\scut_fbp5500\AM93.jpg
scut_fbp5500,AM94.jpg,3,C:\Users\한국전파진흥협회\Desktop\dataset\combined\images\scut_fbp5500\AM94.jpg
scut_fbp5500,AM95.jpg,2,C:\Users\한국전파진흥협회\Desktop\dataset\combined\images\scut_fbp5500\AM95.jpg
scut_fbp5500,AM96.jpg,2,C:\Users\한국전파진흥협회\Desktop\dataset\combined\images\scut_fbp5500\AM96.jpg
scut_fbp5500,AM97.jpg,4,C:\Users\한국전파진흥협회\Desktop\dataset\combined\images\scut_fbp5500\AM97.jpg
scut_fbp5500,AM98.jpg,3,C:\Users\한국전파진흥협회\Desktop\dataset\combined\images\scut_fbp5500\AM98.jpg
scut_fbp5500,AM99.jpg,4,C:\Users\한국전파진흥협회\Desktop\dataset\combined\images\scut_fbp5500\AM99.jpg
scut_fbp5500,AM100.jpg,2,C:\Users\한국전파진흥협회\Desktop\dataset\combined\images\scut_fbp5500\AM100.jpg
scut_fbp5500,AM101.jpg,3,C:\Users\한국전파진흥협회\Desktop\dataset\combined\images\scut_fbp5500\AM101.jpg
scut_fbp5500,AM102.jpg,3,C:\Users\한국전파진흥협회\Desktop\dataset\combined\images\scut_fbp5500\AM102.jpg
scut_fbp5500,AM103.jpg,3,C:\Users\한국전파진흥협회\Desktop\dataset\combined\images\scut_fbp5500\AM103.jpg
scut_fbp5500,AM104.jpg,4,C:\Users\한국전파진흥협회\Desktop\dataset\combined\images\scut_fbp5500\AM104.jpg
scut_fbp5500,AM105.jpg,3,C:\Users\한국전파진흥협회\Desktop\dataset\combined\images\scut_fbp5500\AM105.jpg
scut_fbp5500,AM106.jpg,3,C:\Users\한국전파진흥협회\Desktop\dataset\combined\images\scut_fbp5500\AM106.jpg
scut_fbp5500,AM107.jpg,3,C:\Users\한국전파진흥협회\Desktop\dataset\combined\images\scut_fbp5500\AM107.jpg
scut_fbp5500,AM108.jpg,4,C:\Users\한국전파진흥협회\Desktop\dataset\combined\images\scut_fbp5500\AM108.jpg
scut_fbp5500,AM109.jpg,3,C:\Users\한국전파진흥협회\Desktop\dataset\combined\images\scut_fbp5500\AM109.jpg
scut_fbp5500,AM110.jpg,2,C:\Users\한국전파진흥협회\Desktop\dataset\combined\images\scut_fbp5500\AM110.jpg
scut_fbp5500,AM111.jpg,1,C:\Users\한국전파진흥협회\Desktop\dataset\combined\images\scut_fbp5500\AM111.jpg
scut_fbp5500,AM112.jpg,4,C:\Users\한국전파진흥협회\Desktop\dataset\combined\images\scut_fbp5500\AM112.jpg
scut_fbp5500,AM113.jpg,3,C:\Users\한국전파진흥협회\Desktop\dataset\combined\images\scut_fbp5500\AM113.jpg
scut_fbp5500,AM114.jpg,3,C:\Users\한국전파진흥협회\Desktop\dataset\combined\images\scut_fbp5500\AM114.jpg
scut_fbp5500,AM115.jpg,2,C:\Users\한국전파진흥협회\Desktop\dataset\combined\images\scut_fbp5500\AM115.jpg
scut_fbp5500,AM116.jpg,4,C:\Users\한국전파진흥협회\Desktop\dataset\combined\images\scut_fbp5500\AM116.jpg
scut_fbp5500,AM117.jpg,4,C:\Users\한국전파진흥협회\Desktop\dataset\combined\images\scut_fbp5500\AM117.jpg
scut_fbp5500,AM118.jpg,4,C:\Users\한국전파진흥협회\Desktop\dataset\combined\images\scut_fbp5500\AM118.jpg
scut_fbp5500,AM119.jpg,4,C:\Users\한국전파진흥협회\Desktop\dataset\combined\images\scut_fbp5500\AM119.jpg
scut_fbp5500,AM120.jpg,4,C:\Users\한국전파진흥협회\Desktop\dataset\combined\images\scut_fbp5500\AM120.jpg
scut_fbp5500,AM121.jpg,3,C:\Users\한국전파진흥협회\Desktop\dataset\combined\images\scut_fbp5500\AM121.jpg
scut_fbp5500,AM122.jpg,3,C:\Users\한국전파진흥협회\Desktop\dataset\combined\images\scut_fbp5500\AM122.jpg
scut_fbp5500,AM123.jpg,4,C:\Users\한국전파진흥협회\Desktop\dataset\combined\images\scut_fbp5500\AM123.jpg
scut_fbp5500,AM124.jpg,4,C:\Users\한국전파진흥협회\Desktop\dataset\combined\images\scut_fbp5500\AM124.jpg
scut_fbp5500,AM125.jpg,4,C:\Users\한국전파진흥협회\Desktop\dataset\combined\images\scut_fbp5500\AM125.jpg
scut_fbp5500,AM126.jpg,2,C:\Users\한국전파진흥협회\Desktop\dataset\combined\images\scut_fbp5500\AM126.jpg
scut_fbp5500,AM127.jpg,4,C:\Users\한국전파진흥협회\Desktop\dataset\combined\images\scut_fbp5500\AM127.jpg
scut_fbp5500,AM128.jpg,3,C:\Users\한국전파진흥협회\Desktop\dataset\combined\images\scut_fbp5500\AM128.jpg
scut_fbp5500,AM129.jpg,4,C:\Users\한국전파진흥협회\Desktop\dataset\combined\images\scut_fbp5500\AM129.jpg
scut_fbp5500,AM130.jpg,4,C:\Users\한국전파진흥협회\Desktop\dataset\combined\images\scut_fbp5500\AM130.jpg
scut_fbp5500,AM131.jpg,4,C:\Users\한국전파진흥협회\Desktop\dataset\combined\images\scut_fbp5500\AM131.jpg
scut_fbp5500,AM132.jpg,3,C:\Users\한국전파진흥협회\Desktop\dataset\combined\images\scut_fbp5500\AM132.jpg
scut_fbp5500,AM133.jpg,3,C:\Users\한국전파진흥협회\Desktop\dataset\combined\images\scut_fbp5500\AM133.jpg
scut_fbp5500,AM134.jpg,4,C:\Users\한국전파진흥협회\Desktop\dataset\combined\images\scut_fbp5500\AM134.jpg
scut_fbp5500,AM135.jpg,2,C:\Users\한국전파진흥협회\Desktop\dataset\combined\images\scut_fbp5500\AM135.jpg
scut_fbp5500,AM136.jpg,3,C:\Users\한국전파진흥협회\Desktop\dataset\combined\images\scut_fbp5500\AM136.jpg
scut_fbp5500,AM137.jpg,4,C:\Users\한국전파진흥협회\Desktop\dataset\combined\images\scut_fbp5500\AM137.jpg
scut_fbp5500,AM138.jpg,3,C:\Users\한국전파진흥협회\Desktop\dataset\combined\images\scut_fbp5500\AM138.jpg
scut_fbp5500,AM139.jpg,5,C:\Users\한국전파진흥협회\Desktop\dataset\combined\images\scut_fbp5500\AM139.jpg
scut_fbp5500,AM140.jpg,3,C:\Users\한국전파진흥협회\Desktop\dataset\combined\images\scut_fbp5500\AM140.jpg
scut_fbp5500,AM141.jpg,4,C:\Users\한국전파진흥협회\Desktop\dataset\combined\images\scut_fbp5500\AM141.jpg
scut_fbp5500,AM142.jpg,3,C:\Users\한국전파진흥협회\Desktop\dataset\combined\images\scut_fbp5500\AM142.jpg
scut_fbp5500,AM143.jpg,3,C:\Users\한국전파진흥협회\Desktop\dataset\combined\images\scut_fbp5500\AM143.jpg
scut_fbp5500,AM144.jpg,3,C:\Users\한국전파진흥협회\Desktop\dataset\combined\images\scut_fbp5500\AM144.jpg
scut_fbp5500,AM145.jpg,3,C:\Users\한국전파진흥협회\Desktop\dataset\combined\images\scut_fbp5500\AM145.jpg
scut_fbp5500,AM146.jpg,3,C:\Users\한국전파진흥협회\Desktop\dataset\combined\images\scut_fbp5500\AM146.jpg
scut_fbp5500,AM147.jpg,4,C:\Users\한국전파진흥협회\Desktop\dataset\combined\images\scut_fbp5500\AM147.jpg
scut_fbp5500,AM148.jpg,4,C:\Users\한국전파진흥협회\Desktop\dataset\combined\images\scut_fbp5500\AM148.jpg
scut_fbp5500,AM149.jpg,3,C:\Users\한국전파진흥협회\Desktop\dataset\combined\images\scut_fbp5500\AM149.jpg
scut_fbp5500,AM150.jpg,4,C:\Users\한국전파진흥협회\Desktop\dataset\combined\images\scut_fbp5500\AM150.jpg
scut_fbp5500,AM151.jpg,4,C:\Users\한국전파진흥협회\Desktop\dataset\combined\images\scut_fbp5500\AM151.jpg
scut_fbp5500,AM152.jpg,4,C:\Users\한국전파진흥협회\Desktop\dataset\combined\images\scut_fbp5500\AM152.jpg
scut_fbp5500,AM153.jpg,3,C:\Users\한국전파진흥협회\Desktop\dataset\combined\images\scut_fbp5500\AM153.jpg
scut_fbp5500,AM154.jpg,4,C:\Users\한국전파진흥협회\Desktop\dataset\combined\images\scut_fbp5500\AM154.jpg
scut_fbp5500,AM155.jpg,4,C:\Users\한국전파진흥협회\Desktop\dataset\combined\images\scut_fbp5500\AM155.jpg
scut_fbp5500,AM156.jpg,4,C:\Users\한국전파진흥협회\Desktop\dataset\combined\images\scut_fbp5500\AM156.jpg
scut_fbp5500,AM157.jpg,4,C:\Users\한국전파진흥협회\Desktop\dataset\combined\images\scut_fbp5500\AM157.jpg
scut_fbp5500,AM158.jpg,3,C:\Users\한국전파진흥협회\Desktop\dataset\combined\images\scut_fbp5500\AM158.jpg
scut_fbp5500,AM159.jpg,2,C:\Users\한국전파진흥협회\Desktop\dataset\combined\images\scut_fbp5500\AM159.jpg
scut_fbp5500,AM160.jpg,4,C:\Users\한국전파진흥협회\Desktop\dataset\combined\images\scut_fbp5500\AM160.jpg
scut_fbp5500,AM161.jpg,2,C:\Users\한국전파진흥협회\Desktop\dataset\combined\images\scut_fbp5500\AM161.jpg
scut_fbp5500,AM162.jpg,5,C:\Users\한국전파진흥협회\Desktop\dataset\combined\images\scut_fbp5500\AM162.jpg
scut_fbp5500,AM163.jpg,2,C:\Users\한국전파진흥협회\Desktop\dataset\combined\images\scut_fbp5500\AM163.jpg
scut_fbp5500,AM164.jpg,2,C:\Users\한국전파진흥협회\Desktop\dataset\combined\images\scut_fbp5500\AM164.jpg
scut_fbp5500,AM165.jpg,3,C:\Users\한국전파진흥협회\Desktop\dataset\combined\images\scut_fbp5500\AM165.jpg
scut_fbp5500,AM166.jpg,2,C:\Users\한국전파진흥협회\Desktop\dataset\combined\images\scut_fbp5500\AM166.jpg
scut_fbp5500,AM167.jpg,3,C:\Users\한국전파진흥협회\Desktop\dataset\combined\images\scut_fbp5500\AM167.jpg
scut_fbp5500,AM168.jpg,3,C:\Users\한국전파진흥협회\Desktop\dataset\combined\images\scut_fbp5500\AM168.jpg
scut_fbp5500,AM169.jpg,2,C:\Users\한국전파진흥협회\Desktop\dataset\combined\images\scut_fbp5500\AM169.jpg
scut_fbp5500,AM170.jpg,2,C:\Users\한국전파진흥협회\Desktop\dataset\combined\images\scut_fbp5500\AM170.jpg
scut_fbp5500,AM171.jpg,3,C:\Users\한국전파진흥협회\Desktop\dataset\combined\images\scut_fbp5500\AM171.jpg
scut_fbp5500,AM172.jpg,3,C:\Users\한국전파진흥협회\Desktop\dataset\combined\images\scut_fbp5500\AM172.jpg
scut_fbp5500,AM173.jpg,2,C:\Users\한국전파진흥협회\Desktop\dataset\combined\images\scut_fbp5500\AM173.jpg
scut_fbp5500,AM174.jpg,3,C:\Users\한국전파진흥협회\Desktop\dataset\combined\images\scut_fbp5500\AM174.jpg
scut_fbp5500,AM175.jpg,3,C:\Users\한국전파진흥협회\Desktop\dataset\combined\images\scut_fbp5500\AM175.jpg
scut_fbp5500,AM176.jpg,2,C:\Users\한국전파진흥협회\Desktop\dataset\combined\images\scut_fbp5500\AM176.jpg
scut_fbp5500,AM177.jpg,2,C:\Users\한국전파진흥협회\Desktop\dataset\combined\images\scut_fbp5500\AM177.jpg
scut_fbp5500,AM178.jpg,2,C:\Users\한국전파진흥협회\Desktop\dataset\combined\images\scut_fbp5500\AM178.jpg
scut_fbp5500,AM179.jpg,2,C:\Users\한국전파진흥협회\Desktop\dataset\combined\images\scut_fbp5500\AM179.jpg
scut_fbp5500,AM180.jpg,3,C:\Users\한국전파진흥협회\Desktop\dataset\combined\images\scut_fbp5500\AM180.jpg
scut_fbp5500,AM181.jpg,3,C:\Users\한국전파진흥협회\Desktop\dataset\combined\images\scut_fbp5500\AM181.jpg
scut_fbp5500,AM182.jpg,3,C:\Users\한국전파진흥협회\Desktop\dataset\combined\images\scut_fbp5500\AM182.jpg
scut_fbp5500,AM183.jpg,3,C:\Users\한국전파진흥협회\Desktop\dataset\combined\images\scut_fbp5500\AM183.jpg
scut_fbp5500,AM184.jpg,2,C:\Users\한국전파진흥협회\Desktop\dataset\combined\images\scut_fbp5500\AM184.jpg
scut_fbp5500,AM185.jpg,2,C:\Users\한국전파진흥협회\Desktop\dataset\combined\images\scut_fbp5500\AM185.jpg
scut_fbp5500,AM186.jpg,4,C:\Users\한국전파진흥협회\Desktop\dataset\combined\images\scut_fbp5500\AM186.jpg
scut_fbp5500,AM187.jpg,4,C:\Users\한국전파진흥협회\Desktop\dataset\combined\images\scut_fbp5500\AM187.jpg
scut_fbp5500,AM188.jpg,4,C:\Users\한국전파진흥협회\Desktop\dataset\combined\images\scut_fbp5500\AM188.jpg
scut_fbp5500,AM189.jpg,4,C:\Users\한국전파진흥협회\Desktop\dataset\combined\images\scut_fbp5500\AM189.jpg
scut_fbp5500,AM190.jpg,4,C:\Users\한국전파진흥협회\Desktop\dataset\combined\images\scut_fbp5500\AM190.jpg
scut_fbp5500,AM191.jpg,2,C:\Users\한국전파진흥협회\Desktop\dataset\combined\images\scut_fbp5500\AM191.jpg
scut_fbp5500,AM192.jpg,3,C:\Users\한국전파진흥협회\Desktop\dataset\combined\images\scut_fbp5500\AM192.jpg
scut_fbp5500,AM193.jpg,4,C:\Users\한국전파진흥협회\Desktop\dataset\combined\images\scut_fbp5500\AM193.jpg
scut_fbp5500,AM194.jpg,2,C:\Users\한국전파진흥협회\Desktop\dataset\combined\images\scut_fbp5500\AM194.jpg
scut_fbp5500,AM195.jpg,2,C:\Users\한국전파진흥협회\Desktop\dataset\combined\images\scut_fbp5500\AM195.jpg
scut_fbp5500,AM196.jpg,3,C:\Users\한국전파진흥협회\Desktop\dataset\combined\images\scut_fbp5500\AM196.jpg
scut_fbp5500,AM197.jpg,2,C:\Users\한국전파진흥협회\Desktop\dataset\combined\images\scut_fbp5500\AM197.jpg
scut_fbp5500,AM198.jpg,3,C:\Users\한국전파진흥협회\Desktop\dataset\combined\images\scut_fbp5500\AM198.jpg
scut_fbp5500,AM199.jpg,4,C:\Users\한국전파진흥협회\Desktop\dataset\combined\images\scut_fbp5500\AM199.jpg
scut_fbp5500,AM200.jpg,2,C:\Users\한국전파진흥협회\Desktop\dataset\combined\images\scut_fbp5500\AM200.jpg
scut_fbp5500,AM201.jpg,3,C:\Users\한국전파진흥협회\Desktop\dataset\combined\images\scut_fbp5500\AM201.jpg
scut_fbp5500,AM202.jpg,2,C:\Users\한국전파진흥협회\Desktop\dataset\combined\images\scut_fbp5500\AM202.jpg
scut_fbp5500,AM203.jpg,3,C:\Users\한국전파진흥협회\Desktop\dataset\combined\images\scut_fbp5500\AM203.jpg
scut_fbp5500,AM204.jpg,2,C:\Users\한국전파진흥협회\Desktop\dataset\combined\images\scut_fbp5500\AM204.jpg
scut_fbp5500,AM205.jpg,4,C:\Users\한국전파진흥협회\Desktop\dataset\combined\images\scut_fbp5500\AM205.jpg
scut_fbp5500,AM206.jpg,2,C:\Users\한국전파진흥협회\Desktop\dataset\combined\images\scut_fbp5500\AM206.jpg
scut_fbp5500,AM207.jpg,2,C:\Users\한국전파진흥협회\Desktop\dataset\combined\images\scut_fbp5500\AM207.jpg
scut_fbp5500,AM208.jpg,4,C:\Users\한국전파진흥협회\Desktop\dataset\combined\images\scut_fbp5500\AM208.jpg
scut_fbp5500,AM209.jpg,4,C:\Users\한국전파진흥협회\Desktop\dataset\combined\images\scut_fbp5500\AM209.jpg
scut_fbp5500,AM210.jpg,4,C:\Users\한국전파진흥협회\Desktop\dataset\combined\images\scut_fbp5500\AM210.jpg
scut_fbp5500,AM211.jpg,2,C:\Users\한국전파진흥협회\Desktop\dataset\combined\images\scut_fbp5500\AM211.jpg
scut_fbp5500,AM212.jpg,3,C:\Users\한국전파진흥협회\Desktop\dataset\combined\images\scut_fbp5500\AM212.jpg
scut_fbp5500,AM213.jpg,3,C:\Users\한국전파진흥협회\Desktop\dataset\combined\images\scut_fbp5500\AM213.jpg
scut_fbp5500,AM214.jpg,2,C:\Users\한국전파진흥협회\Desktop\dataset\combined\images\scut_fbp5500\AM214.jpg
scut_fbp5500,AM215.jpg,2,C:\Users\한국전파진흥협회\Desktop\dataset\combined\images\scut_fbp5500\AM215.jpg
scut_fbp5500,AM216.jpg,3,C:\Users\한국전파진흥협회\Desktop\dataset\combined\images\scut_fbp5500\AM216.jpg
scut_fbp5500,AM217.jpg,4,C:\Users\한국전파진흥협회\Desktop\dataset\combined\images\scut_fbp5500\AM217.jpg
scut_fbp5500,AM218.jpg,4,C:\Users\한국전파진흥협회\Desktop\dataset\combined\images\scut_fbp5500\AM218.jpg
scut_fbp5500,AM219.jpg,3,C:\Users\한국전파진흥협회\Desktop\dataset\combined\images\scut_fbp5500\AM219.jpg
scut_fbp5500,AM220.jpg,2,C:\Users\한국전파진흥협회\Desktop\dataset\combined\images\scut_fbp5500\AM220.jpg
scut_fbp5500,AM221.jpg,2,C:\Users\한국전파진흥협회\Desktop\dataset\combined\images\scut_fbp5500\AM221.jpg
scut_fbp5500,AM222.jpg,2,C:\Users\한국전파진흥협회\Desktop\dataset\combined\images\scut_fbp5500\AM222.jpg
scut_fbp5500,AM223.jpg,2,C:\Users\한국전파진흥협회\Desktop\dataset\combined\images\scut_fbp5500\AM223.jpg
scut_fbp5500,AM224.jpg,3,C:\Users\한국전파진흥협회\Desktop\dataset\combined\images\scut_fbp5500\AM224.jpg
scut_fbp5500,AM225.jpg,2,C:\Users\한국전파진흥협회\Desktop\dataset\combined\images\scut_fbp5500\AM225.jpg
scut_fbp5500,AM226.jpg,3,C:\Users\한국전파진흥협회\Desktop\dataset\combined\images\scut_fbp5500\AM226.jpg
scut_fbp5500,AM227.jpg,2,C:\Users\한국전파진흥협회\Desktop\dataset\combined\images\scut_fbp5500\AM227.jpg
scut_fbp5500,AM228.jpg,3,C:\Users\한국전파진흥협회\Desktop\dataset\combined\images\scut_fbp5500\AM228.jpg
scut_fbp5500,AM229.jpg,3,C:\Users\한국전파진흥협회\Desktop\dataset\combined\images\scut_fbp5500\AM229.jpg
scut_fbp5500,AM230.jpg,2,C:\Users\한국전파진흥협회\Desktop\dataset\combined\images\scut_fbp5500\AM230.jpg
scut_fbp5500,AM231.jpg,3,C:\Users\한국전파진흥협회\Desktop\dataset\combined\images\scut_fbp5500\AM231.jpg
scut_fbp5500,AM232.jpg,2,C:\Users\한국전파진흥협회\Desktop\dataset\combined\images\scut_fbp5500\AM232.jpg
scut_fbp5500,AM233.jpg,3,C:\Users\한국전파진흥협회\Desktop\dataset\combined\images\scut_fbp5500\AM233.jpg
scut_fbp5500,AM234.jpg,3,C:\Users\한국전파진흥협회\Desktop\dataset\combined\images\scut_fbp5500\AM234.jpg
scut_fbp5500,AM235.jpg,2,C:\Users\한국전파진흥협회\Desktop\dataset\combined\images\scut_fbp5500\AM235.jpg
scut_fbp5500,AM236.jpg,2,C:\Users\한국전파진흥협회\Desktop\dataset\combined\images\scut_fbp5500\AM236.jpg
scut_fbp5500,AM237.jpg,2,C:\Users\한국전파진흥협회\Desktop\dataset\combined\images\scut_fbp5500\AM237.jpg
scut_fbp5500,AM238.jpg,2,C:\Users\한국전파진흥협회\Desktop\dataset\combined\images\scut_fbp5500\AM238.jpg
scut_fbp5500,AM239.jpg,2,C:\Users\한국전파진흥협회\Desktop\dataset\combined\images\scut_fbp5500\AM239.jpg
scut_fbp5500,AM240.jpg,4,C:\Users\한국전파진흥협회\Desktop\dataset\combined\images\scut_fbp5500\AM240.jpg
scut_fbp5500,AM241.jpg,4,C:\Users\한국전파진흥협회\Desktop\dataset\combined\images\scut_fbp5500\AM241.jpg
scut_fbp5500,AM242.jpg,2,C:\Users\한국전파진흥협회\Desktop\dataset\combined\images\scut_fbp5500\AM242.jpg
scut_fbp5500,AM243.jpg,3,C:\Users\한국전파진흥협회\Desktop\dataset\combined\images\scut_fbp5500\AM243.jpg
scut_fbp5500,AM244.jpg,2,C:\Users\한국전파진흥협회\Desktop\dataset\combined\images\scut_fbp5500\AM244.jpg
scut_fbp5500,AM245.jpg,5,C:\Users\한국전파진흥협회\Desktop\dataset\combined\images\scut_fbp5500\AM245.jpg
scut_fbp5500,AM246.jpg,3,C:\Users\한국전파진흥협회\Desktop\dataset\combined\images\scut_fbp5500\AM246.jpg
scut_fbp5500,AM247.jpg,4,C:\Users\한국전파진흥협회\Desktop\dataset\combined\images\scut_fbp5500\AM247.jpg
scut_fbp5500,AM248.jpg,4,C:\Users\한국전파진흥협회\Desktop\dataset\combined\images\scut_fbp5500\AM248.jpg
scut_fbp5500,AM249.jpg,2,C:\Users\한국전파진흥협회\Desktop\dataset\combined\images\scut_fbp5500\AM249.jpg
scut_fbp5500,AM250.jpg,3,C:\Users\한국전파진흥협회\Desktop\dataset\combined\images\scut_fbp5500\AM250.jpg
scut_fbp5500,AM251.jpg,3,C:\Users\한국전파진흥협회\Desktop\dataset\combined\images\scut_fbp5500\AM251.jpg
scut_fbp5500,AM252.jpg,2,C:\Users\한국전파진흥협회\Desktop\dataset\combined\images\scut_fbp5500\AM252.jpg
scut_fbp5500,AM253.jpg,3,C:\Users\한국전파진흥협회\Desktop\dataset\combined\images\scut_fbp5500\AM253.jpg
scut_fbp5500,AM254.jpg,2,C:\Users\한국전파진흥협회\Desktop\dataset\combined\images\scut_fbp5500\AM254.jpg
scut_fbp5500,AM255.jpg,3,C:\Users\한국전파진흥협회\Desktop\dataset\combined\images\scut_fbp5500\AM255.jpg
scut_fbp5500,AM256.jpg,3,C:\Users\한국전파진흥협회\Desktop\dataset\combined\images\scut_fbp5500\AM256.jpg
scut_fbp5500,AM257.jpg,3,C:\Users\한국전파진흥협회\Desktop\dataset\combined\images\scut_fbp5500\AM257.jpg
scut_fbp5500,AM258.jpg,2,C:\Users\한국전파진흥협회\Desktop\dataset\combined\images\scut_fbp5500\AM258.jpg
scut_fbp5500,AM259.jpg,2,C:\Users\한국전파진흥협회\Desktop\dataset\combined\images\scut_fbp5500\AM259.jpg
scut_fbp5500,AM260.jpg,3,C:\Users\한국전파진흥협회\Desktop\dataset\combined\images\scut_fbp5500\AM260.jpg
scut_fbp5500,AM261.jpg,3,C:\Users\한국전파진흥협회\Desktop\dataset\combined\images\scut_fbp5500\AM261.jpg
scut_fbp5500,AM262.jpg,3,C:\Users\한국전파진흥협회\Desktop\dataset\combined\images\scut_fbp5500\AM262.jpg
scut_fbp5500,AM263.jpg,2,C:\Users\한국전파진흥협회\Desktop\dataset\combined\images\scut_fbp5500\AM263.jpg
scut_fbp5500,AM264.jpg,2,C:\Users\한국전파진흥협회\Desktop\dataset\combined\images\scut_fbp5500\AM264.jpg
scut_fbp5500,AM265.jpg,2,C:\Users\한국전파진흥협회\Desktop\dataset\combined\images\scut_fbp5500\AM265.jpg
scut_fbp5500,AM266.jpg,3,C:\Users\한국전파진흥협회\Desktop\dataset\combined\images\scut_fbp5500\AM266.jpg
scut_fbp5500,AM267.jpg,4,C:\Users\한국전파진흥협회\Desktop\dataset\combined\images\scut_fbp5500\AM267.jpg
scut_fbp5500,AM268.jpg,3,C:\Users\한국전파진흥협회\Desktop\dataset\combined\images\scut_fbp5500\AM268.jpg
scut_fbp5500,AM269.jpg,4,C:\Users\한국전파진흥협회\Desktop\dataset\combined\images\scut_fbp5500\AM269.jpg
scut_fbp5500,AM270.jpg,3,C:\Users\한국전파진흥협회\Desktop\dataset\combined\images\scut_fbp5500\AM270.jpg
scut_fbp5500,AM271.jpg,2,C:\Users\한국전파진흥협회\Desktop\dataset\combined\images\scut_fbp5500\AM271.jpg
scut_fbp5500,AM272.jpg,2,C:\Users\한국전파진흥협회\Desktop\dataset\combined\images\scut_fbp5500\AM272.jpg
scut_fbp5500,AM273.jpg,2,C:\Users\한국전파진흥협회\Desktop\dataset\combined\images\scut_fbp5500\AM273.jpg
scut_fbp5500,AM274.jpg,4,C:\Users\한국전파진흥협회\Desktop\dataset\combined\images\scut_fbp5500\AM274.jpg
scut_fbp5500,AM275.jpg,3,C:\Users\한국전파진흥협회\Desktop\dataset\combined\images\scut_fbp5500\AM275.jpg
scut_fbp5500,AM276.jpg,3,C:\Users\한국전파진흥협회\Desktop\dataset\combined\images\scut_fbp5500\AM276.jpg
scut_fbp5500,AM277.jpg,3,C:\Users\한국전파진흥협회\Desktop\dataset\combined\images\scut_fbp5500\AM277.jpg
scut_fbp5500,AM278.jpg,3,C:\Users\한국전파진흥협회\Desktop\dataset\combined\images\scut_fbp5500\AM278.jpg
scut_fbp5500,AM279.jpg,2,C:\Users\한국전파진흥협회\Desktop\dataset\combined\images\scut_fbp5500\AM279.jpg
scut_fbp5500,AM280.jpg,2,C:\Users\한국전파진흥협회\Desktop\dataset\combined\images\scut_fbp5500\AM280.jpg
scut_fbp5500,AM281.jpg,2,C:\Users\한국전파진흥협회\Desktop\dataset\combined\images\scut_fbp5500\AM281.jpg
scut_fbp5500,AM282.jpg,2,C:\Users\한국전파진흥협회\Desktop\dataset\combined\images\scut_fbp5500\AM282.jpg
scut_fbp5500,AM283.jpg,3,C:\Users\한국전파진흥협회\Desktop\dataset\combined\images\scut_fbp5500\AM283.jpg
scut_fbp5500,AM284.jpg,2,C:\Users\한국전파진흥협회\Desktop\dataset\combined\images\scut_fbp5500\AM284.jpg
scut_fbp5500,AM285.jpg,3,C:\Users\한국전파진흥협회\Desktop\dataset\combined\images\scut_fbp5500\AM285.jpg
scut_fbp5500,AM286.jpg,2,C:\Users\한국전파진흥협회\Desktop\dataset\combined\images\scut_fbp5500\AM286.jpg
scut_fbp5500,AM287.jpg,2,C:\Users\한국전파진흥협회\Desktop\dataset\combined\images\scut_fbp5500\AM287.jpg
scut_fbp5500,AM288.jpg,2,C:\Users\한국전파진흥협회\Desktop\dataset\combined\images\scut_fbp5500\AM288.jpg
scut_fbp5500,AM289.jpg,2,C:\Users\한국전파진흥협회\Desktop\dataset\combined\images\scut_fbp5500\AM289.jpg
scut_fbp5500,AM290.jpg,2,C:\Users\한국전파진흥협회\Desktop\dataset\combined\images\scut_fbp5500\AM290.jpg
scut_fbp5500,AM291.jpg,3,C:\Users\한국전파진흥협회\Desktop\dataset\combined\images\scut_fbp5500\AM291.jpg
scut_fbp5500,AM292.jpg,3,C:\Users\한국전파진흥협회\Desktop\dataset\combined\images\scut_fbp5500\AM292.jpg
scut_fbp5500,AM293.jpg,2,C:\Users\한국전파진흥협회\Desktop\dataset\combined\images\scut_fbp5500\AM293.jpg
scut_fbp5500,AM294.jpg,3,C:\Users\한국전파진흥협회\Desktop\dataset\combined\images\scut_fbp5500\AM294.jpg
scut_fbp5500,AM295.jpg,3,C:\Users\한국전파진흥협회\Desktop\dataset\combined\images\scut_fbp5500\AM295.jpg
scut_fbp5500,AM296.jpg,2,C:\Users\한국전파진흥협회\Desktop\dataset\combined\images\scut_fbp5500\AM296.jpg
scut_fbp5500,AM297.jpg,2,C:\Users\한국전파진흥협회\Desktop\dataset\combined\images\scut_fbp5500\AM297.jpg
scut_fbp5500,AM298.jpg,2,C:\Users\한국전파진흥협회\Desktop\dataset\combined\images\scut_fbp5500\AM298.jpg
scut_fbp5500,AM299.jpg,3,C:\Users\한국전파진흥협회\Desktop\dataset\combined\images\scut_fbp5500\AM299.jpg
scut_fbp5500,AM300.jpg,2,C:\Users\한국전파진흥협회\Desktop\dataset\combined\images\scut_fbp5500\AM300.jpg
scut_fbp5500,AM301.jpg,3,C:\Users\한국전파진흥협회\Desktop\dataset\combined\images\scut_fbp5500\AM301.jpg
scut_fbp5500,AM302.jpg,2,C:\Users\한국전파진흥협회\Desktop\dataset\combined\images\scut_fbp5500\AM302.jpg
scut_fbp5500,AM303.jpg,2,C:\Users\한국전파진흥협회\Desktop\dataset\combined\images\scut_fbp5500\AM303.jpg
scut_fbp5500,AM304.jpg,4,C:\Users\한국전파진흥협회\Desktop\dataset\combined\images\scut_fbp5500\AM304.jpg
scut_fbp5500,AM305.jpg,4,C:\Users\한국전파진흥협회\Desktop\dataset\combined\images\scut_fbp5500\AM305.jpg
scut_fbp5500,AM306.jpg,3,C:\Users\한국전파진흥협회\Desktop\dataset\combined\images\scut_fbp5500\AM306.jpg
scut_fbp5500,AM307.jpg,4,C:\Users\한국전파진흥협회\Desktop\dataset\combined\images\scut_fbp5500\AM307.jpg
scut_fbp5500,AM308.jpg,4,C:\Users\한국전파진흥협회\Desktop\dataset\combined\images\scut_fbp5500\AM308.jpg
scut_fbp5500,AM309.jpg,3,C:\Users\한국전파진흥협회\Desktop\dataset\combined\images\scut_fbp5500\AM309.jpg
scut_fbp5500,AM310.jpg,4,C:\Users\한국전파진흥협회\Desktop\dataset\combined\images\scut_fbp5500\AM310.jpg
scut_fbp5500,AM311.jpg,2,C:\Users\한국전파진흥협회\Desktop\dataset\combined\images\scut_fbp5500\AM311.jpg
scut_fbp5500,AM312.jpg,3,C:\Users\한국전파진흥협회\Desktop\dataset\combined\images\scut_fbp5500\AM312.jpg
scut_fbp5500,AM313.jpg,2,C:\Users\한국전파진흥협회\Desktop\dataset\combined\images\scut_fbp5500\AM313.jpg
scut_fbp5500,AM314.jpg,3,C:\Users\한국전파진흥협회\Desktop\dataset\combined\images\scut_fbp5500\AM314.jpg
scut_fbp5500,AM315.jpg,3,C:\Users\한국전파진흥협회\Desktop\dataset\combined\images\scut_fbp5500\AM315.jpg
scut_fbp5500,AM316.jpg,3,C:\Users\한국전파진흥협회\Desktop\dataset\combined\images\scut_fbp5500\AM316.jpg
scut_fbp5500,AM317.jpg,3,C:\Users\한국전파진흥협회\Desktop\dataset\combined\images\scut_fbp5500\AM317.jpg
scut_fbp5500,AM318.jpg,4,C:\Users\한국전파진흥협회\Desktop\dataset\combined\images\scut_fbp5500\AM318.jpg
scut_fbp5500,AM319.jpg,3,C:\Users\한국전파진흥협회\Desktop\dataset\combined\images\scut_fbp5500\AM319.jpg
scut_fbp5500,AM320.jpg,4,C:\Users\한국전파진흥협회\Desktop\dataset\combined\images\scut_fbp5500\AM320.jpg
scut_fbp5500,AM321.jpg,4,C:\Users\한국전파진흥협회\Desktop\dataset\combined\images\scut_fbp5500\AM321.jpg
scut_fbp5500,AM322.jpg,4,C:\Users\한국전파진흥협회\Desktop\dataset\combined\images\scut_fbp5500\AM322.jpg
scut_fbp5500,AM323.jpg,3,C:\Users\한국전파진흥협회\Desktop\dataset\combined\images\scut_fbp5500\AM323.jpg
scut_fbp5500,AM324.jpg,3,C:\Users\한국전파진흥협회\Desktop\dataset\combined\images\scut_fbp5500\AM324.jpg
scut_fbp5500,AM325.jpg,4,C:\Users\한국전파진흥협회\Desktop\dataset\combined\images\scut_fbp5500\AM325.jpg
scut_fbp5500,AM326.jpg,2,C:\Users\한국전파진흥협회\Desktop\dataset\combined\images\scut_fbp5500\AM326.jpg
scut_fbp5500,AM327.jpg,3,C:\Users\한국전파진흥협회\Desktop\dataset\combined\images\scut_fbp5500\AM327.jpg
scut_fbp5500,AM328.jpg,3,C:\Users\한국전파진흥협회\Desktop\dataset\combined\images\scut_fbp5500\AM328.jpg
scut_fbp5500,AM329.jpg,3,C:\Users\한국전파진흥협회\Desktop\dataset\combined\images\scut_fbp5500\AM329.jpg
scut_fbp5500,AM330.jpg,3,C:\Users\한국전파진흥협회\Desktop\dataset\combined\images\scut_fbp5500\AM330.jpg
scut_fbp5500,AM331.jpg,2,C:\Users\한국전파진흥협회\Desktop\dataset\combined\images\scut_fbp5500\AM331.jpg
scut_fbp5500,AM332.jpg,3,C:\Users\한국전파진흥협회\Desktop\dataset\combined\images\scut_fbp5500\AM332.jpg
scut_fbp5500,AM333.jpg,3,C:\Users\한국전파진흥협회\Desktop\dataset\combined\images\scut_fbp5500\AM333.jpg
scut_fbp5500,AM334.jpg,3,C:\Users\한국전파진흥협회\Desktop\dataset\combined\images\scut_fbp5500\AM334.jpg
scut_fbp5500,AM335.jpg,3,C:\Users\한국전파진흥협회\Desktop\dataset\combined\images\scut_fbp5500\AM335.jpg
scut_fbp5500,AM336.jpg,3,C:\Users\한국전파진흥협회\Desktop\dataset\combined\images\scut_fbp5500\AM336.jpg
scut_fbp5500,AM337.jpg,4,C:\Users\한국전파진흥협회\Desktop\dataset\combined\images\scut_fbp5500\AM337.jpg
scut_fbp5500,AM338.jpg,4,C:\Users\한국전파진흥협회\Desktop\dataset\combined\images\scut_fbp5500\AM338.jpg
scut_fbp5500,AM339.jpg,2,C:\Users\한국전파진흥협회\Desktop\dataset\combined\images\scut_fbp5500\AM339.jpg
scut_fbp5500,AM340.jpg,3,C:\Users\한국전파진흥협회\Desktop\dataset\combined\images\scut_fbp5500\AM340.jpg
scut_fbp5500,AM341.jpg,2,C:\Users\한국전파진흥협회\Desktop\dataset\combined\images\scut_fbp5500\AM341.jpg
scut_fbp5500,AM342.jpg,3,C:\Users\한국전파진흥협회\Desktop\dataset\combined\images\scut_fbp5500\AM342.jpg
scut_fbp5500,AM343.jpg,3,C:\Users\한국전파진흥협회\Desktop\dataset\combined\images\scut_fbp5500\AM343.jpg
scut_fbp5500,AM344.jpg,2,C:\Users\한국전파진흥협회\Desktop\dataset\combined\images\scut_fbp5500\AM344.jpg
scut_fbp5500,AM345.jpg,2,C:\Users\한국전파진흥협회\Desktop\dataset\combined\images\scut_fbp5500\AM345.jpg
scut_fbp5500,AM346.jpg,3,C:\Users\한국전파진흥협회\Desktop\dataset\combined\images\scut_fbp5500\AM346.jpg
scut_fbp5500,AM347.jpg,2,C:\Users\한국전파진흥협회\Desktop\dataset\combined\images\scut_fbp5500\AM347.jpg
scut_fbp5500,AM348.jpg,2,C:\Users\한국전파진흥협회\Desktop\dataset\combined\images\scut_fbp5500\AM348.jpg
scut_fbp5500,AM349.jpg,3,C:\Users\한국전파진흥협회\Desktop\dataset\combined\images\scut_fbp5500\AM349.jpg
scut_fbp5500,AM350.jpg,2,C:\Users\한국전파진흥협회\Desktop\dataset\combined\images\scut_fbp5500\AM350.jpg
scut_fbp5500,AM351.jpg,3,C:\Users\한국전파진흥협회\Desktop\dataset\combined\images\scut_fbp5500\AM351.jpg
scut_fbp5500,AM352.jpg,3,C:\Users\한국전파진흥협회\Desktop\dataset\combined\images\scut_fbp5500\AM352.jpg
scut_fbp5500,AM353.jpg,3,C:\Users\한국전파진흥협회\Desktop\dataset\combined\images\scut_fbp5500\AM353.jpg
scut_fbp5500,AM354.jpg,3,C:\Users\한국전파진흥협회\Desktop\dataset\combined\images\scut_fbp5500\AM354.jpg
scut_fbp5500,AM355.jpg,3,C:\Users\한국전파진흥협회\Desktop\dataset\combined\images\scut_fbp5500\AM355.jpg
scut_fbp5500,AM356.jpg,3,C:\Users\한국전파진흥협회\Desktop\dataset\combined\images\scut_fbp5500\AM356.jpg
scut_fbp5500,AM357.jpg,4,C:\Users\한국전파진흥협회\Desktop\dataset\combined\images\scut_fbp5500\AM357.jpg
scut_fbp5500,AM358.jpg,3,C:\Users\한국전파진흥협회\Desktop\dataset\combined\images\scut_fbp5500\AM358.jpg
scut_fbp5500,AM359.jpg,2,C:\Users\한국전파진흥협회\Desktop\dataset\combined\images\scut_fbp5500\AM359.jpg
scut_fbp5500,AM360.jpg,3,C:\Users\한국전파진흥협회\Desktop\dataset\combined\images\scut_fbp5500\AM360.jpg
scut_fbp5500,AM361.jpg,3,C:\Users\한국전파진흥협회\Desktop\dataset\combined\images\scut_fbp5500\AM361.jpg
scut_fbp5500,AM362.jpg,3,C:\Users\한국전파진흥협회\Desktop\dataset\combined\images\scut_fbp5500\AM362.jpg
scut_fbp5500,AM363.jpg,2,C:\Users\한국전파진흥협회\Desktop\dataset\combined\images\scut_fbp5500\AM363.jpg
scut_fbp5500,AM364.jpg,2,C:\Users\한국전파진흥협회\Desktop\dataset\combined\images\scut_fbp5500\AM364.jpg
scut_fbp5500,AM365.jpg,3,C:\Users\한국전파진흥협회\Desktop\dataset\combined\images\scut_fbp5500\AM365.jpg
scut_fbp5500,AM366.jpg,2,C:\Users\한국전파진흥협회\Desktop\dataset\combined\images\scut_fbp5500\AM366.jpg
scut_fbp5500,AM367.jpg,3,C:\Users\한국전파진흥협회\Desktop\dataset\combined\images\scut_fbp5500\AM367.jpg
scut_fbp5500,AM368.jpg,2,C:\Users\한국전파진흥협회\Desktop\dataset\combined\images\scut_fbp5500\AM368.jpg
scut_fbp5500,AM369.jpg,3,C:\Users\한국전파진흥협회\Desktop\dataset\combined\images\scut_fbp5500\AM369.jpg
scut_fbp5500,AM370.jpg,3,C:\Users\한국전파진흥협회\Desktop\dataset\combined\images\scut_fbp5500\AM370.jpg
scut_fbp5500,AM371.jpg,3,C:\Users\한국전파진흥협회\Desktop\dataset\combined\images\scut_fbp5500\AM371.jpg
scut_fbp5500,AM372.jpg,2,C:\Users\한국전파진흥협회\Desktop\dataset\combined\images\scut_fbp5500\AM372.jpg
scut_fbp5500,AM373.jpg,2,C:\Users\한국전파진흥협회\Desktop\dataset\combined\images\scut_fbp5500\AM373.jpg
scut_fbp5500,AM374.jpg,3,C:\Users\한국전파진흥협회\Desktop\dataset\combined\images\scut_fbp5500\AM374.jpg
scut_fbp5500,AM375.jpg,3,C:\Users\한국전파진흥협회\Desktop\dataset\combined\images\scut_fbp5500\AM375.jpg
scut_fbp5500,AM376.jpg,3,C:\Users\한국전파진흥협회\Desktop\dataset\combined\images\scut_fbp5500\AM376.jpg
scut_fbp5500,AM377.jpg,3,C:\Users\한국전파진흥협회\Desktop\dataset\combined\images\scut_fbp5500\AM377.jpg
scut_fbp5500,AM378.jpg,3,C:\Users\한국전파진흥협회\Desktop\dataset\combined\images\scut_fbp5500\AM378.jpg
scut_fbp5500,AM379.jpg,2,C:\Users\한국전파진흥협회\Desktop\dataset\combined\images\scut_fbp5500\AM379.jpg
scut_fbp5500,AM380.jpg,3,C:\Users\한국전파진흥협회\Desktop\dataset\combined\images\scut_fbp5500\AM380.jpg
scut_fbp5500,AM381.jpg,3,C:\Users\한국전파진흥협회\Desktop\dataset\combined\images\scut_fbp5500\AM381.jpg
scut_fbp5500,AM382.jpg,2,C:\Users\한국전파진흥협회\Desktop\dataset\combined\images\scut_fbp5500\AM382.jpg
scut_fbp5500,AM383.jpg,3,C:\Users\한국전파진흥협회\Desktop\dataset\combined\images\scut_fbp5500\AM383.jpg
scut_fbp5500,AM384.jpg,3,C:\Users\한국전파진흥협회\Desktop\dataset\combined\images\scut_fbp5500\AM384.jpg
scut_fbp5500,AM385.jpg,2,C:\Users\한국전파진흥협회\Desktop\dataset\combined\images\scut_fbp5500\AM385.jpg
scut_fbp5500,AM386.jpg,3,C:\Users\한국전파진흥협회\Desktop\dataset\combined\images\scut_fbp5500\AM386.jpg
scut_fbp5500,AM387.jpg,2,C:\Users\한국전파진흥협회\Desktop\dataset\combined\images\scut_fbp5500\AM387.jpg
scut_fbp5500,AM388.jpg,3,C:\Users\한국전파진흥협회\Desktop\dataset\combined\images\scut_fbp5500\AM388.jpg
scut_fbp5500,AM389.jpg,2,C:\Users\한국전파진흥협회\Desktop\dataset\combined\images\scut_fbp5500\AM389.jpg
scut_fbp5500,AM390.jpg,5,C:\Users\한국전파진흥협회\Desktop\dataset\combined\images\scut_fbp5500\AM390.jpg
scut_fbp5500,AM391.jpg,3,C:\Users\한국전파진흥협회\Desktop\dataset\combined\images\scut_fbp5500\AM391.jpg
scut_fbp5500,AM392.jpg,3,C:\Users\한국전파진흥협회\Desktop\dataset\combined\images\scut_fbp5500\AM392.jpg
scut_fbp5500,AM393.jpg,3,C:\Users\한국전파진흥협회\Desktop\dataset\combined\images\scut_fbp5500\AM393.jpg
scut_fbp5500,AM394.jpg,2,C:\Users\한국전파진흥협회\Desktop\dataset\combined\images\scut_fbp5500\AM394.jpg
scut_fbp5500,AM395.jpg,2,C:\Users\한국전파진흥협회\Desktop\dataset\combined\images\scut_fbp5500\AM395.jpg
scut_fbp5500,AM396.jpg,3,C:\Users\한국전파진흥협회\Desktop\dataset\combined\images\scut_fbp5500\AM396.jpg
scut_fbp5500,AM397.jpg,2,C:\Users\한국전파진흥협회\Desktop\dataset\combined\images\scut_fbp5500\AM397.jpg
scut_fbp5500,AM398.jpg,3,C:\Users\한국전파진흥협회\Desktop\dataset\combined\images\scut_fbp5500\AM398.jpg
scut_fbp5500,AM399.jpg,3,C:\Users\한국전파진흥협회\Desktop\dataset\combined\images\scut_fbp5500\AM399.jpg
scut_fbp5500,AM400.jpg,3,C:\Users\한국전파진흥협회\Desktop\dataset\combined\images\scut_fbp5500\AM400.jpg
scut_fbp5500,AM401.jpg,2,C:\Users\한국전파진흥협회\Desktop\dataset\combined\images\scut_fbp5500\AM401.jpg
scut_fbp5500,AM402.jpg,3,C:\Users\한국전파진흥협회\Desktop\dataset\combined\images\scut_fbp5500\AM402.jpg
scut_fbp5500,AM403.jpg,3,C:\Users\한국전파진흥협회\Desktop\dataset\combined\images\scut_fbp5500\AM403.jpg
scut_fbp5500,AM404.jpg,3,C:\Users\한국전파진흥협회\Desktop\dataset\combined\images\scut_fbp5500\AM404.jpg
scut_fbp5500,AM405.jpg,3,C:\Users\한국전파진흥협회\Desktop\dataset\combined\images\scut_fbp5500\AM405.jpg
scut_fbp5500,AM406.jpg,3,C:\Users\한국전파진흥협회\Desktop\dataset\combined\images\scut_fbp5500\AM406.jpg
scut_fbp5500,AM407.jpg,2,C:\Users\한국전파진흥협회\Desktop\dataset\combined\images\scut_fbp5500\AM407.jpg
scut_fbp5500,AM408.jpg,2,C:\Users\한국전파진흥협회\Desktop\dataset\combined\images\scut_fbp5500\AM408.jpg
scut_fbp5500,AM409.jpg,3,C:\Users\한국전파진흥협회\Desktop\dataset\combined\images\scut_fbp5500\AM409.jpg
scut_fbp5500,AM410.jpg,2,C:\Users\한국전파진흥협회\Desktop\dataset\combined\images\scut_fbp5500\AM410.jpg
scut_fbp5500,AM411.jpg,3,C:\Users\한국전파진흥협회\Desktop\dataset\combined\images\scut_fbp5500\AM411.jpg
scut_fbp5500,AM412.jpg,3,C:\Users\한국전파진흥협회\Desktop\dataset\combined\images\scut_fbp5500\AM412.jpg
scut_fbp5500,AM413.jpg,3,C:\Users\한국전파진흥협회\Desktop\dataset\combined\images\scut_fbp5500\AM413.jpg
scut_fbp5500,AM414.jpg,3,C:\Users\한국전파진흥협회\Desktop\dataset\combined\images\scut_fbp5500\AM414.jpg
scut_fbp5500,AM415.jpg,3,C:\Users\한국전파진흥협회\Desktop\dataset\combined\images\scut_fbp5500\AM415.jpg
scut_fbp5500,AM416.jpg,3,C:\Users\한국전파진흥협회\Desktop\dataset\combined\images\scut_fbp5500\AM416.jpg
scut_fbp5500,AM417.jpg,3,C:\Users\한국전파진흥협회\Desktop\dataset\combined\images\scut_fbp5500\AM417.jpg
scut_fbp5500,AM418.jpg,2,C:\Users\한국전파진흥협회\Desktop\dataset\combined\images\scut_fbp5500\AM418.jpg
scut_fbp5500,AM419.jpg,3,C:\Users\한국전파진흥협회\Desktop\dataset\combined\images\scut_fbp5500\AM419.jpg
scut_fbp5500,AM420.jpg,2,C:\Users\한국전파진흥협회\Desktop\dataset\combined\images\scut_fbp5500\AM420.jpg
scut_fbp5500,AM421.jpg,4,C:\Users\한국전파진흥협회\Desktop\dataset\combined\images\scut_fbp5500\AM421.jpg
scut_fbp5500,AM422.jpg,3,C:\Users\한국전파진흥협회\Desktop\dataset\combined\images\scut_fbp5500\AM422.jpg
scut_fbp5500,AM423.jpg,3,C:\Users\한국전파진흥협회\Desktop\dataset\combined\images\scut_fbp5500\AM423.jpg
scut_fbp5500,AM424.jpg,3,C:\Users\한국전파진흥협회\Desktop\dataset\combined\images\scut_fbp5500\AM424.jpg
scut_fbp5500,AM425.jpg,3,C:\Users\한국전파진흥협회\Desktop\dataset\combined\images\scut_fbp5500\AM425.jpg
scut_fbp5500,AM426.jpg,3,C:\Users\한국전파진흥협회\Desktop\dataset\combined\images\scut_fbp5500\AM426.jpg
scut_fbp5500,AM427.jpg,3,C:\Users\한국전파진흥협회\Desktop\dataset\combined\images\scut_fbp5500\AM427.jpg
scut_fbp5500,AM428.jpg,3,C:\Users\한국전파진흥협회\Desktop\dataset\combined\images\scut_fbp5500\AM428.jpg
scut_fbp5500,AM429.jpg,3,C:\Users\한국전파진흥협회\Desktop\dataset\combined\images\scut_fbp5500\AM429.jpg
scut_fbp5500,AM430.jpg,3,C:\Users\한국전파진흥협회\Desktop\dataset\combined\images\scut_fbp5500\AM430.jpg
scut_fbp5500,AM431.jpg,3,C:\Users\한국전파진흥협회\Desktop\dataset\combined\images\scut_fbp5500\AM431.jpg
scut_fbp5500,AM432.jpg,3,C:\Users\한국전파진흥협회\Desktop\dataset\combined\images\scut_fbp5500\AM432.jpg
scut_fbp5500,AM433.jpg,2,C:\Users\한국전파진흥협회\Desktop\dataset\combined\images\scut_fbp5500\AM433.jpg
scut_fbp5500,AM434.jpg,3,C:\Users\한국전파진흥협회\Desktop\dataset\combined\images\scut_fbp5500\AM434.jpg
scut_fbp5500,AM435.jpg,2,C:\Users\한국전파진흥협회\Desktop\dataset\combined\images\scut_fbp5500\AM435.jpg
scut_fbp5500,AM436.jpg,3,C:\Users\한국전파진흥협회\Desktop\dataset\combined\images\scut_fbp5500\AM436.jpg
scut_fbp5500,AM437.jpg,2,C:\Users\한국전파진흥협회\Desktop\dataset\combined\images\scut_fbp5500\AM437.jpg
scut_fbp5500,AM438.jpg,3,C:\Users\한국전파진흥협회\Desktop\dataset\combined\images\scut_fbp5500\AM438.jpg
scut_fbp5500,AM439.jpg,3,C:\Users\한국전파진흥협회\Desktop\dataset\combined\images\scut_fbp5500\AM439.jpg
scut_fbp5500,AM440.jpg,2,C:\Users\한국전파진흥협회\Desktop\dataset\combined\images\scut_fbp5500\AM440.jpg
scut_fbp5500,AM441.jpg,2,C:\Users\한국전파진흥협회\Desktop\dataset\combined\images\scut_fbp5500\AM441.jpg
scut_fbp5500,AM442.jpg,3,C:\Users\한국전파진흥협회\Desktop\dataset\combined\images\scut_fbp5500\AM442.jpg
scut_fbp5500,AM443.jpg,2,C:\Users\한국전파진흥협회\Desktop\dataset\combined\images\scut_fbp5500\AM443.jpg
scut_fbp5500,AM444.jpg,3,C:\Users\한국전파진흥협회\Desktop\dataset\combined\images\scut_fbp5500\AM444.jpg
scut_fbp5500,AM445.jpg,2,C:\Users\한국전파진흥협회\Desktop\dataset\combined\images\scut_fbp5500\AM445.jpg
scut_fbp5500,AM446.jpg,3,C:\Users\한국전파진흥협회\Desktop\dataset\combined\images\scut_fbp5500\AM446.jpg
scut_fbp5500,AM447.jpg,2,C:\Users\한국전파진흥협회\Desktop\dataset\combined\images\scut_fbp5500\AM447.jpg
scut_fbp5500,AM448.jpg,2,C:\Users\한국전파진흥협회\Desktop\dataset\combined\images\scut_fbp5500\AM448.jpg
scut_fbp5500,AM449.jpg,2,C:\Users\한국전파진흥협회\Desktop\dataset\combined\images\scut_fbp5500\AM449.jpg
scut_fbp5500,AM450.jpg,2,C:\Users\한국전파진흥협회\Desktop\dataset\combined\images\scut_fbp5500\AM450.jpg
scut_fbp5500,AM451.jpg,3,C:\Users\한국전파진흥협회\Desktop\dataset\combined\images\scut_fbp5500\AM451.jpg
scut_fbp5500,AM452.jpg,2,C:\Users\한국전파진흥협회\Desktop\dataset\combined\images\scut_fbp5500\AM452.jpg
scut_fbp5500,AM453.jpg,3,C:\Users\한국전파진흥협회\Desktop\dataset\combined\images\scut_fbp5500\AM453.jpg
scut_fbp5500,AM454.jpg,2,C:\Users\한국전파진흥협회\Desktop\dataset\combined\images\scut_fbp5500\AM454.jpg
scut_fbp5500,AM455.jpg,3,C:\Users\한국전파진흥협회\Desktop\dataset\combined\images\scut_fbp5500\AM455.jpg
scut_fbp5500,AM456.jpg,3,C:\Users\한국전파진흥협회\Desktop\dataset\combined\images\scut_fbp5500\AM456.jpg
scut_fbp5500,AM457.jpg,3,C:\Users\한국전파진흥협회\Desktop\dataset\combined\images\scut_fbp5500\AM457.jpg
scut_fbp5500,AM458.jpg,3,C:\Users\한국전파진흥협회\Desktop\dataset\combined\images\scut_fbp5500\AM458.jpg
scut_fbp5500,AM459.jpg,3,C:\Users\한국전파진흥협회\Desktop\dataset\combined\images\scut_fbp5500\AM459.jpg
scut_fbp5500,AM460.jpg,3,C:\Users\한국전파진흥협회\Desktop\dataset\combined\images\scut_fbp5500\AM460.jpg
scut_fbp5500,AM461.jpg,2,C:\Users\한국전파진흥협회\Desktop\dataset\combined\images\scut_fbp5500\AM461.jpg
scut_fbp5500,AM462.jpg,2,C:\Users\한국전파진흥협회\Desktop\dataset\combined\images\scut_fbp5500\AM462.jpg
scut_fbp5500,AM463.jpg,3,C:\Users\한국전파진흥협회\Desktop\dataset\combined\images\scut_fbp5500\AM463.jpg
scut_fbp5500,AM464.jpg,3,C:\Users\한국전파진흥협회\Desktop\dataset\combined\images\scut_fbp5500\AM464.jpg
scut_fbp5500,AM465.jpg,2,C:\Users\한국전파진흥협회\Desktop\dataset\combined\images\scut_fbp5500\AM465.jpg
scut_fbp5500,AM466.jpg,3,C:\Users\한국전파진흥협회\Desktop\dataset\combined\images\scut_fbp5500\AM466.jpg
scut_fbp5500,AM467.jpg,2,C:\Users\한국전파진흥협회\Desktop\dataset\combined\images\scut_fbp5500\AM467.jpg
scut_fbp5500,AM468.jpg,2,C:\Users\한국전파진흥협회\Desktop\dataset\combined\images\scut_fbp5500\AM468.jpg
scut_fbp5500,AM469.jpg,3,C:\Users\한국전파진흥협회\Desktop\dataset\combined\images\scut_fbp5500\AM469.jpg
scut_fbp5500,AM470.jpg,3,C:\Users\한국전파진흥협회\Desktop\dataset\combined\images\scut_fbp5500\AM470.jpg
scut_fbp5500,AM471.jpg,2,C:\Users\한국전파진흥협회\Desktop\dataset\combined\images\scut_fbp5500\AM471.jpg
scut_fbp5500,AM472.jpg,3,C:\Users\한국전파진흥협회\Desktop\dataset\combined\images\scut_fbp5500\AM472.jpg
scut_fbp5500,AM473.jpg,2,C:\Users\한국전파진흥협회\Desktop\dataset\combined\images\scut_fbp5500\AM473.jpg
scut_fbp5500,AM474.jpg,2,C:\Users\한국전파진흥협회\Desktop\dataset\combined\images\scut_fbp5500\AM474.jpg
scut_fbp5500,AM475.jpg,3,C:\Users\한국전파진흥협회\Desktop\dataset\combined\images\scut_fbp5500\AM475.jpg
scut_fbp5500,AM476.jpg,3,C:\Users\한국전파진흥협회\Desktop\dataset\combined\images\scut_fbp5500\AM476.jpg
scut_fbp5500,AM477.jpg,3,C:\Users\한국전파진흥협회\Desktop\dataset\combined\images\scut_fbp5500\AM477.jpg
scut_fbp5500,AM478.jpg,3,C:\Users\한국전파진흥협회\Desktop\dataset\combined\images\scut_fbp5500\AM478.jpg
scut_fbp5500,AM479.jpg,2,C:\Users\한국전파진흥협회\Desktop\dataset\combined\images\scut_fbp5500\AM479.jpg
scut_fbp5500,AM480.jpg,3,C:\Users\한국전파진흥협회\Desktop\dataset\combined\images\scut_fbp5500\AM480.jpg
scut_fbp5500,AM481.jpg,3,C:\Users\한국전파진흥협회\Desktop\dataset\combined\images\scut_fbp5500\AM481.jpg
scut_fbp5500,AM482.jpg,3,C:\Users\한국전파진흥협회\Desktop\dataset\combined\images\scut_fbp5500\AM482.jpg
scut_fbp5500,AM483.jpg,2,C:\Users\한국전파진흥협회\Desktop\dataset\combined\images\scut_fbp5500\AM483.jpg
scut_fbp5500,AM484.jpg,3,C:\Users\한국전파진흥협회\Desktop\dataset\combined\images\scut_fbp5500\AM484.jpg
scut_fbp5500,AM485.jpg,3,C:\Users\한국전파진흥협회\Desktop\dataset\combined\images\scut_fbp5500\AM485.jpg
scut_fbp5500,AM486.jpg,2,C:\Users\한국전파진흥협회\Desktop\dataset\combined\images\scut_fbp5500\AM486.jpg
scut_fbp5500,AM487.jpg,2,C:\Users\한국전파진흥협회\Desktop\dataset\combined\images\scut_fbp5500\AM487.jpg
scut_fbp5500,AM488.jpg,2,C:\Users\한국전파진흥협회\Desktop\dataset\combined\images\scut_fbp5500\AM488.jpg
scut_fbp5500,AM489.jpg,2,C:\Users\한국전파진흥협회\Desktop\dataset\combined\images\scut_fbp5500\AM489.jpg
scut_fbp5500,AM490.jpg,3,C:\Users\한국전파진흥협회\Desktop\dataset\combined\images\scut_fbp5500\AM490.jpg
scut_fbp5500,AM491.jpg,2,C:\Users\한국전파진흥협회\Desktop\dataset\combined\images\scut_fbp5500\AM491.jpg
scut_fbp5500,AM492.jpg,2,C:\Users\한국전파진흥협회\Desktop\dataset\combined\images\scut_fbp5500\AM492.jpg
scut_fbp5500,AM493.jpg,2,C:\Users\한국전파진흥협회\Desktop\dataset\combined\images\scut_fbp5500\AM493.jpg
scut_fbp5500,AM494.jpg,3,C:\Users\한국전파진흥협회\Desktop\dataset\combined\images\scut_fbp5500\AM494.jpg
scut_fbp5500,AM495.jpg,2,C:\Users\한국전파진흥협회\Desktop\dataset\combined\images\scut_fbp5500\AM495.jpg
scut_fbp5500,AM496.jpg,2,C:\Users\한국전파진흥협회\Desktop\dataset\combined\images\scut_fbp5500\AM496.jpg
scut_fbp5500,AM497.jpg,2,C:\Users\한국전파진흥협회\Desktop\dataset\combined\images\scut_fbp5500\AM497.jpg
scut_fbp5500,AM498.jpg,3,C:\Users\한국전파진흥협회\Desktop\dataset\combined\images\scut_fbp5500\AM498.jpg
scut_fbp5500,AM499.jpg,2,C:\Users\한국전파진흥협회\Desktop\dataset\combined\images\scut_fbp5500\AM499.jpg
scut_fbp5500,AM500.jpg,3,C:\Users\한국전파진흥협회\Desktop\dataset\combined\images\scut_fbp5500\AM500.jpg
scut_fbp5500,AM501.jpg,2,C:\Users\한국전파진흥협회\Desktop\dataset\combined\images\scut_fbp5500\AM501.jpg
scut_fbp5500,AM502.jpg,3,C:\Users\한국전파진흥협회\Desktop\dataset\combined\images\scut_fbp5500\AM502.jpg
scut_fbp5500,AM503.jpg,3,C:\Users\한국전파진흥협회\Desktop\dataset\combined\images\scut_fbp5500\AM503.jpg
scut_fbp5500,AM504.jpg,3,C:\Users\한국전파진흥협회\Desktop\dataset\combined\images\scut_fbp5500\AM504.jpg
scut_fbp5500,AM505.jpg,2,C:\Users\한국전파진흥협회\Desktop\dataset\combined\images\scut_fbp5500\AM505.jpg
scut_fbp5500,AM506.jpg,3,C:\Users\한국전파진흥협회\Desktop\dataset\combined\images\scut_fbp5500\AM506.jpg
scut_fbp5500,AM507.jpg,3,C:\Users\한국전파진흥협회\Desktop\dataset\combined\images\scut_fbp5500\AM507.jpg
scut_fbp5500,AM508.jpg,3,C:\Users\한국전파진흥협회\Desktop\dataset\combined\images\scut_fbp5500\AM508.jpg
scut_fbp5500,AM509.jpg,3,C:\Users\한국전파진흥협회\Desktop\dataset\combined\images\scut_fbp5500\AM509.jpg
scut_fbp5500,AM510.jpg,3,C:\Users\한국전파진흥협회\Desktop\dataset\combined\images\scut_fbp5500\AM510.jpg
scut_fbp5500,AM511.jpg,3,C:\Users\한국전파진흥협회\Desktop\dataset\combined\images\scut_fbp5500\AM511.jpg
scut_fbp5500,AM512.jpg,2,C:\Users\한국전파진흥협회\Desktop\dataset\combined\images\scut_fbp5500\AM512.jpg
scut_fbp5500,AM513.jpg,3,C:\Users\한국전파진흥협회\Desktop\dataset\combined\images\scut_fbp5500\AM513.jpg
scut_fbp5500,AM514.jpg,2,C:\Users\한국전파진흥협회\Desktop\dataset\combined\images\scut_fbp5500\AM514.jpg
scut_fbp5500,AM515.jpg,3,C:\Users\한국전파진흥협회\Desktop\dataset\combined\images\scut_fbp5500\AM515.jpg
scut_fbp5500,AM516.jpg,3,C:\Users\한국전파진흥협회\Desktop\dataset\combined\images\scut_fbp5500\AM516.jpg
scut_fbp5500,AM517.jpg,3,C:\Users\한국전파진흥협회\Desktop\dataset\combined\images\scut_fbp5500\AM517.jpg
scut_fbp5500,AM518.jpg,2,C:\Users\한국전파진흥협회\Desktop\dataset\combined\images\scut_fbp5500\AM518.jpg
scut_fbp5500,AM519.jpg,2,C:\Users\한국전파진흥협회\Desktop\dataset\combined\images\scut_fbp5500\AM519.jpg
scut_fbp5500,AM520.jpg,3,C:\Users\한국전파진흥협회\Desktop\dataset\combined\images\scut_fbp5500\AM520.jpg
scut_fbp5500,AM521.jpg,3,C:\Users\한국전파진흥협회\Desktop\dataset\combined\images\scut_fbp5500\AM521.jpg
scut_fbp5500,AM522.jpg,2,C:\Users\한국전파진흥협회\Desktop\dataset\combined\images\scut_fbp5500\AM522.jpg
scut_fbp5500,AM523.jpg,3,C:\Users\한국전파진흥협회\Desktop\dataset\combined\images\scut_fbp5500\AM523.jpg
scut_fbp5500,AM524.jpg,2,C:\Users\한국전파진흥협회\Desktop\dataset\combined\images\scut_fbp5500\AM524.jpg
scut_fbp5500,AM525.jpg,3,C:\Users\한국전파진흥협회\Desktop\dataset\combined\images\scut_fbp5500\AM525.jpg
scut_fbp5500,AM526.jpg,3,C:\Users\한국전파진흥협회\Desktop\dataset\combined\images\scut_fbp5500\AM526.jpg
scut_fbp5500,AM527.jpg,3,C:\Users\한국전파진흥협회\Desktop\dataset\combined\images\scut_fbp5500\AM527.jpg
scut_fbp5500,AM528.jpg,3,C:\Users\한국전파진흥협회\Desktop\dataset\combined\images\scut_fbp5500\AM528.jpg
scut_fbp5500,AM529.jpg,3,C:\Users\한국전파진흥협회\Desktop\dataset\combined\images\scut_fbp5500\AM529.jpg
scut_fbp5500,AM530.jpg,3,C:\Users\한국전파진흥협회\Desktop\dataset\combined\images\scut_fbp5500\AM530.jpg
scut_fbp5500,AM531.jpg,3,C:\Users\한국전파진흥협회\Desktop\dataset\combined\images\scut_fbp5500\AM531.jpg
scut_fbp5500,AM532.jpg,3,C:\Users\한국전파진흥협회\Desktop\dataset\combined\images\scut_fbp5500\AM532.jpg
scut_fbp5500,AM533.jpg,3,C:\Users\한국전파진흥협회\Desktop\dataset\combined\images\scut_fbp5500\AM533.jpg
scut_fbp5500,AM534.jpg,3,C:\Users\한국전파진흥협회\Desktop\dataset\combined\images\scut_fbp5500\AM534.jpg
scut_fbp5500,AM535.jpg,2,C:\Users\한국전파진흥협회\Desktop\dataset\combined\images\scut_fbp5500\AM535.jpg
scut_fbp5500,AM536.jpg,2,C:\Users\한국전파진흥협회\Desktop\dataset\combined\images\scut_fbp5500\AM536.jpg
scut_fbp5500,AM537.jpg,3,C:\Users\한국전파진흥협회\Desktop\dataset\combined\images\scut_fbp5500\AM537.jpg
scut_fbp5500,AM538.jpg,3,C:\Users\한국전파진흥협회\Desktop\dataset\combined\images\scut_fbp5500\AM538.jpg
scut_fbp5500,AM539.jpg,2,C:\Users\한국전파진흥협회\Desktop\dataset\combined\images\scut_fbp5500\AM539.jpg
scut_fbp5500,AM540.jpg,3,C:\Users\한국전파진흥협회\Desktop\dataset\combined\images\scut_fbp5500\AM540.jpg
scut_fbp5500,AM541.jpg,3,C:\Users\한국전파진흥협회\Desktop\dataset\combined\images\scut_fbp5500\AM541.jpg
scut_fbp5500,AM542.jpg,2,C:\Users\한국전파진흥협회\Desktop\dataset\combined\images\scut_fbp5500\AM542.jpg
scut_fbp5500,AM543.jpg,3,C:\Users\한국전파진흥협회\Desktop\dataset\combined\images\scut_fbp5500\AM543.jpg
scut_fbp5500,AM544.jpg,3,C:\Users\한국전파진흥협회\Desktop\dataset\combined\images\scut_fbp5500\AM544.jpg
scut_fbp5500,AM545.jpg,2,C:\Users\한국전파진흥협회\Desktop\dataset\combined\images\scut_fbp5500\AM545.jpg
scut_fbp5500,AM546.jpg,3,C:\Users\한국전파진흥협회\Desktop\dataset\combined\images\scut_fbp5500\AM546.jpg
scut_fbp5500,AM547.jpg,2,C:\Users\한국전파진흥협회\Desktop\dataset\combined\images\scut_fbp5500\AM547.jpg
scut_fbp5500,AM548.jpg,3,C:\Users\한국전파진흥협회\Desktop\dataset\combined\images\scut_fbp5500\AM548.jpg
scut_fbp5500,AM549.jpg,2,C:\Users\한국전파진흥협회\Desktop\dataset\combined\images\scut_fbp5500\AM549.jpg
scut_fbp5500,AM550.jpg,2,C:\Users\한국전파진흥협회\Desktop\dataset\combined\images\scut_fbp5500\AM550.jpg
scut_fbp5500,AM551.jpg,2,C:\Users\한국전파진흥협회\Desktop\dataset\combined\images\scut_fbp5500\AM551.jpg
scut_fbp5500,AM552.jpg,2,C:\Users\한국전파진흥협회\Desktop\dataset\combined\images\scut_fbp5500\AM552.jpg
scut_fbp5500,AM553.jpg,3,C:\Users\한국전파진흥협회\Desktop\dataset\combined\images\scut_fbp5500\AM553.jpg
scut_fbp5500,AM554.jpg,3,C:\Users\한국전파진흥협회\Desktop\dataset\combined\images\scut_fbp5500\AM554.jpg
scut_fbp5500,AM555.jpg,2,C:\Users\한국전파진흥협회\Desktop\dataset\combined\images\scut_fbp5500\AM555.jpg
scut_fbp5500,AM556.jpg,3,C:\Users\한국전파진흥협회\Desktop\dataset\combined\images\scut_fbp5500\AM556.jpg
scut_fbp5500,AM557.jpg,3,C:\Users\한국전파진흥협회\Desktop\dataset\combined\images\scut_fbp5500\AM557.jpg
scut_fbp5500,AM558.jpg,3,C:\Users\한국전파진흥협회\Desktop\dataset\combined\images\scut_fbp5500\AM558.jpg
scut_fbp5500,AM559.jpg,3,C:\Users\한국전파진흥협회\Desktop\dataset\combined\images\scut_fbp5500\AM559.jpg
scut_fbp5500,AM560.jpg,3,C:\Users\한국전파진흥협회\Desktop\dataset\combined\images\scut_fbp5500\AM560.jpg
scut_fbp5500,AM561.jpg,3,C:\Users\한국전파진흥협회\Desktop\dataset\combined\images\scut_fbp5500\AM561.jpg
scut_fbp5500,AM562.jpg,3,C:\Users\한국전파진흥협회\Desktop\dataset\combined\images\scut_fbp5500\AM562.jpg
scut_fbp5500,AM563.jpg,3,C:\Users\한국전파진흥협회\Desktop\dataset\combined\images\scut_fbp5500\AM563.jpg
scut_fbp5500,AM564.jpg,3,C:\Users\한국전파진흥협회\Desktop\dataset\combined\images\scut_fbp5500\AM564.jpg
scut_fbp5500,AM565.jpg,2,C:\Users\한국전파진흥협회\Desktop\dataset\combined\images\scut_fbp5500\AM565.jpg
scut_fbp5500,AM566.jpg,2,C:\Users\한국전파진흥협회\Desktop\dataset\combined\images\scut_fbp5500\AM566.jpg
scut_fbp5500,AM567.jpg,2,C:\Users\한국전파진흥협회\Desktop\dataset\combined\images\scut_fbp5500\AM567.jpg
scut_fbp5500,AM568.jpg,2,C:\Users\한국전파진흥협회\Desktop\dataset\combined\images\scut_fbp5500\AM568.jpg
scut_fbp5500,AM569.jpg,3,C:\Users\한국전파진흥협회\Desktop\dataset\combined\images\scut_fbp5500\AM569.jpg
scut_fbp5500,AM570.jpg,2,C:\Users\한국전파진흥협회\Desktop\dataset\combined\images\scut_fbp5500\AM570.jpg
scut_fbp5500,AM571.jpg,2,C:\Users\한국전파진흥협회\Desktop\dataset\combined\images\scut_fbp5500\AM571.jpg
scut_fbp5500,AM572.jpg,3,C:\Users\한국전파진흥협회\Desktop\dataset\combined\images\scut_fbp5500\AM572.jpg
scut_fbp5500,AM573.jpg,2,C:\Users\한국전파진흥협회\Desktop\dataset\combined\images\scut_fbp5500\AM573.jpg
scut_fbp5500,AM574.jpg,3,C:\Users\한국전파진흥협회\Desktop\dataset\combined\images\scut_fbp5500\AM574.jpg
scut_fbp5500,AM575.jpg,3,C:\Users\한국전파진흥협회\Desktop\dataset\combined\images\scut_fbp5500\AM575.jpg
scut_fbp5500,AM576.jpg,2,C:\Users\한국전파진흥협회\Desktop\dataset\combined\images\scut_fbp5500\AM576.jpg
scut_fbp5500,AM577.jpg,3,C:\Users\한국전파진흥협회\Desktop\dataset\combined\images\scut_fbp5500\AM577.jpg
scut_fbp5500,AM578.jpg,2,C:\Users\한국전파진흥협회\Desktop\dataset\combined\images\scut_fbp5500\AM578.jpg
scut_fbp5500,AM579.jpg,3,C:\Users\한국전파진흥협회\Desktop\dataset\combined\images\scut_fbp5500\AM579.jpg
scut_fbp5500,AM580.jpg,2,C:\Users\한국전파진흥협회\Desktop\dataset\combined\images\scut_fbp5500\AM580.jpg
scut_fbp5500,AM581.jpg,3,C:\Users\한국전파진흥협회\Desktop\dataset\combined\images\scut_fbp5500\AM581.jpg
scut_fbp5500,AM582.jpg,3,C:\Users\한국전파진흥협회\Desktop\dataset\combined\images\scut_fbp5500\AM582.jpg
scut_fbp5500,AM583.jpg,3,C:\Users\한국전파진흥협회\Desktop\dataset\combined\images\scut_fbp5500\AM583.jpg
scut_fbp5500,AM584.jpg,2,C:\Users\한국전파진흥협회\Desktop\dataset\combined\images\scut_fbp5500\AM584.jpg
scut_fbp5500,AM585.jpg,3,C:\Users\한국전파진흥협회\Desktop\dataset\combined\images\scut_fbp5500\AM585.jpg
scut_fbp5500,AM586.jpg,3,C:\Users\한국전파진흥협회\Desktop\dataset\combined\images\scut_fbp5500\AM586.jpg
scut_fbp5500,AM587.jpg,3,C:\Users\한국전파진흥협회\Desktop\dataset\combined\images\scut_fbp5500\AM587.jpg
scut_fbp5500,AM588.jpg,2,C:\Users\한국전파진흥협회\Desktop\dataset\combined\images\scut_fbp5500\AM588.jpg
scut_fbp5500,AM589.jpg,2,C:\Users\한국전파진흥협회\Desktop\dataset\combined\images\scut_fbp5500\AM589.jpg
scut_fbp5500,AM590.jpg,3,C:\Users\한국전파진흥협회\Desktop\dataset\combined\images\scut_fbp5500\AM590.jpg
scut_fbp5500,AM591.jpg,3,C:\Users\한국전파진흥협회\Desktop\dataset\combined\images\scut_fbp5500\AM591.jpg
scut_fbp5500,AM592.jpg,4,C:\Users\한국전파진흥협회\Desktop\dataset\combined\images\scut_fbp5500\AM592.jpg
scut_fbp5500,AM593.jpg,2,C:\Users\한국전파진흥협회\Desktop\dataset\combined\images\scut_fbp5500\AM593.jpg
scut_fbp5500,AM594.jpg,2,C:\Users\한국전파진흥협회\Desktop\dataset\combined\images\scut_fbp5500\AM594.jpg
scut_fbp5500,AM595.jpg,3,C:\Users\한국전파진흥협회\Desktop\dataset\combined\images\scut_fbp5500\AM595.jpg
scut_fbp5500,AM596.jpg,3,C:\Users\한국전파진흥협회\Desktop\dataset\combined\images\scut_fbp5500\AM596.jpg
scut_fbp5500,AM597.jpg,3,C:\Users\한국전파진흥협회\Desktop\dataset\combined\images\scut_fbp5500\AM597.jpg
scut_fbp5500,AM598.jpg,3,C:\Users\한국전파진흥협회\Desktop\dataset\combined\images\scut_fbp5500\AM598.jpg
scut_fbp5500,AM599.jpg,2,C:\Users\한국전파진흥협회\Desktop\dataset\combined\images\scut_fbp5500\AM599.jpg
scut_fbp5500,AM600.jpg,2,C:\Users\한국전파진흥협회\Desktop\dataset\combined\images\scut_fbp5500\AM600.jpg
scut_fbp5500,AM601.jpg,3,C:\Users\한국전파진흥협회\Desktop\dataset\combined\images\scut_fbp5500\AM601.jpg
scut_fbp5500,AM602.jpg,3,C:\Users\한국전파진흥협회\Desktop\dataset\combined\images\scut_fbp5500\AM602.jpg
scut_fbp5500,AM603.jpg,3,C:\Users\한국전파진흥협회\Desktop\dataset\combined\images\scut_fbp5500\AM603.jpg
scut_fbp5500,AM604.jpg,3,C:\Users\한국전파진흥협회\Desktop\dataset\combined\images\scut_fbp5500\AM604.jpg
scut_fbp5500,AM605.jpg,2,C:\Users\한국전파진흥협회\Desktop\dataset\combined\images\scut_fbp5500\AM605.jpg
scut_fbp5500,AM606.jpg,3,C:\Users\한국전파진흥협회\Desktop\dataset\combined\images\scut_fbp5500\AM606.jpg
scut_fbp5500,AM607.jpg,2,C:\Users\한국전파진흥협회\Desktop\dataset\combined\images\scut_fbp5500\AM607.jpg
scut_fbp5500,AM608.jpg,3,C:\Users\한국전파진흥협회\Desktop\dataset\combined\images\scut_fbp5500\AM608.jpg
scut_fbp5500,AM609.jpg,2,C:\Users\한국전파진흥협회\Desktop\dataset\combined\images\scut_fbp5500\AM609.jpg
scut_fbp5500,AM610.jpg,3,C:\Users\한국전파진흥협회\Desktop\dataset\combined\images\scut_fbp5500\AM610.jpg
scut_fbp5500,AM611.jpg,3,C:\Users\한국전파진흥협회\Desktop\dataset\combined\images\scut_fbp5500\AM611.jpg
scut_fbp5500,AM612.jpg,3,C:\Users\한국전파진흥협회\Desktop\dataset\combined\images\scut_fbp5500\AM612.jpg
scut_fbp5500,AM613.jpg,3,C:\Users\한국전파진흥협회\Desktop\dataset\combined\images\scut_fbp5500\AM613.jpg
scut_fbp5500,AM614.jpg,3,C:\Users\한국전파진흥협회\Desktop\dataset\combined\images\scut_fbp5500\AM614.jpg
scut_fbp5500,AM615.jpg,2,C:\Users\한국전파진흥협회\Desktop\dataset\combined\images\scut_fbp5500\AM615.jpg
scut_fbp5500,AM616.jpg,3,C:\Users\한국전파진흥협회\Desktop\dataset\combined\images\scut_fbp5500\AM616.jpg
scut_fbp5500,AM617.jpg,2,C:\Users\한국전파진흥협회\Desktop\dataset\combined\images\scut_fbp5500\AM617.jpg
scut_fbp5500,AM618.jpg,3,C:\Users\한국전파진흥협회\Desktop\dataset\combined\images\scut_fbp5500\AM618.jpg
scut_fbp5500,AM619.jpg,2,C:\Users\한국전파진흥협회\Desktop\dataset\combined\images\scut_fbp5500\AM619.jpg
scut_fbp5500,AM620.jpg,3,C:\Users\한국전파진흥협회\Desktop\dataset\combined\images\scut_fbp5500\AM620.jpg
scut_fbp5500,AM621.jpg,3,C:\Users\한국전파진흥협회\Desktop\dataset\combined\images\scut_fbp5500\AM621.jpg
scut_fbp5500,AM622.jpg,2,C:\Users\한국전파진흥협회\Desktop\dataset\combined\images\scut_fbp5500\AM622.jpg
scut_fbp5500,AM623.jpg,3,C:\Users\한국전파진흥협회\Desktop\dataset\combined\images\scut_fbp5500\AM623.jpg
scut_fbp5500,AM624.jpg,2,C:\Users\한국전파진흥협회\Desktop\dataset\combined\images\scut_fbp5500\AM624.jpg
scut_fbp5500,AM625.jpg,3,C:\Users\한국전파진흥협회\Desktop\dataset\combined\images\scut_fbp5500\AM625.jpg
scut_fbp5500,AM626.jpg,3,C:\Users\한국전파진흥협회\Desktop\dataset\combined\images\scut_fbp5500\AM626.jpg
scut_fbp5500,AM627.jpg,3,C:\Users\한국전파진흥협회\Desktop\dataset\combined\images\scut_fbp5500\AM627.jpg
scut_fbp5500,AM628.jpg,3,C:\Users\한국전파진흥협회\Desktop\dataset\combined\images\scut_fbp5500\AM628.jpg
scut_fbp5500,AM629.jpg,3,C:\Users\한국전파진흥협회\Desktop\dataset\combined\images\scut_fbp5500\AM629.jpg
scut_fbp5500,AM630.jpg,3,C:\Users\한국전파진흥협회\Desktop\dataset\combined\images\scut_fbp5500\AM630.jpg
scut_fbp5500,AM631.jpg,3,C:\Users\한국전파진흥협회\Desktop\dataset\combined\images\scut_fbp5500\AM631.jpg
scut_fbp5500,AM632.jpg,3,C:\Users\한국전파진흥협회\Desktop\dataset\combined\images\scut_fbp5500\AM632.jpg
scut_fbp5500,AM633.jpg,3,C:\Users\한국전파진흥협회\Desktop\dataset\combined\images\scut_fbp5500\AM633.jpg
scut_fbp5500,AM634.jpg,2,C:\Users\한국전파진흥협회\Desktop\dataset\combined\images\scut_fbp5500\AM634.jpg
scut_fbp5500,AM635.jpg,3,C:\Users\한국전파진흥협회\Desktop\dataset\combined\images\scut_fbp5500\AM635.jpg
scut_fbp5500,AM636.jpg,2,C:\Users\한국전파진흥협회\Desktop\dataset\combined\images\scut_fbp5500\AM636.jpg
scut_fbp5500,AM637.jpg,3,C:\Users\한국전파진흥협회\Desktop\dataset\combined\images\scut_fbp5500\AM637.jpg
scut_fbp5500,AM638.jpg,2,C:\Users\한국전파진흥협회\Desktop\dataset\combined\images\scut_fbp5500\AM638.jpg
scut_fbp5500,AM639.jpg,3,C:\Users\한국전파진흥협회\Desktop\dataset\combined\images\scut_fbp5500\AM639.jpg
scut_fbp5500,AM640.jpg,3,C:\Users\한국전파진흥협회\Desktop\dataset\combined\images\scut_fbp5500\AM640.jpg
scut_fbp5500,AM641.jpg,3,C:\Users\한국전파진흥협회\Desktop\dataset\combined\images\scut_fbp5500\AM641.jpg
scut_fbp5500,AM642.jpg,3,C:\Users\한국전파진흥협회\Desktop\dataset\combined\images\scut_fbp5500\AM642.jpg
scut_fbp5500,AM643.jpg,3,C:\Users\한국전파진흥협회\Desktop\dataset\combined\images\scut_fbp5500\AM643.jpg
scut_fbp5500,AM644.jpg,3,C:\Users\한국전파진흥협회\Desktop\dataset\combined\images\scut_fbp5500\AM644.jpg
scut_fbp5500,AM645.jpg,3,C:\Users\한국전파진흥협회\Desktop\dataset\combined\images\scut_fbp5500\AM645.jpg
scut_fbp5500,AM646.jpg,2,C:\Users\한국전파진흥협회\Desktop\dataset\combined\images\scut_fbp5500\AM646.jpg
scut_fbp5500,AM647.jpg,3,C:\Users\한국전파진흥협회\Desktop\dataset\combined\images\scut_fbp5500\AM647.jpg
scut_fbp5500,AM648.jpg,3,C:\Users\한국전파진흥협회\Desktop\dataset\combined\images\scut_fbp5500\AM648.jpg
scut_fbp5500,AM649.jpg,4,C:\Users\한국전파진흥협회\Desktop\dataset\combined\images\scut_fbp5500\AM649.jpg
scut_fbp5500,AM650.jpg,3,C:\Users\한국전파진흥협회\Desktop\dataset\combined\images\scut_fbp5500\AM650.jpg
scut_fbp5500,AM651.jpg,3,C:\Users\한국전파진흥협회\Desktop\dataset\combined\images\scut_fbp5500\AM651.jpg
scut_fbp5500,AM652.jpg,3,C:\Users\한국전파진흥협회\Desktop\dataset\combined\images\scut_fbp5500\AM652.jpg
scut_fbp5500,AM653.jpg,3,C:\Users\한국전파진흥협회\Desktop\dataset\combined\images\scut_fbp5500\AM653.jpg
scut_fbp5500,AM654.jpg,3,C:\Users\한국전파진흥협회\Desktop\dataset\combined\images\scut_fbp5500\AM654.jpg
scut_fbp5500,AM655.jpg,3,C:\Users\한국전파진흥협회\Desktop\dataset\combined\images\scut_fbp5500\AM655.jpg
scut_fbp5500,AM656.jpg,3,C:\Users\한국전파진흥협회\Desktop\dataset\combined\images\scut_fbp5500\AM656.jpg
scut_fbp5500,AM657.jpg,3,C:\Users\한국전파진흥협회\Desktop\dataset\combined\images\scut_fbp5500\AM657.jpg
scut_fbp5500,AM658.jpg,3,C:\Users\한국전파진흥협회\Desktop\dataset\combined\images\scut_fbp5500\AM658.jpg
scut_fbp5500,AM659.jpg,3,C:\Users\한국전파진흥협회\Desktop\dataset\combined\images\scut_fbp5500\AM659.jpg
scut_fbp5500,AM660.jpg,2,C:\Users\한국전파진흥협회\Desktop\dataset\combined\images\scut_fbp5500\AM660.jpg
scut_fbp5500,AM661.jpg,2,C:\Users\한국전파진흥협회\Desktop\dataset\combined\images\scut_fbp5500\AM661.jpg
scut_fbp5500,AM662.jpg,3,C:\Users\한국전파진흥협회\Desktop\dataset\combined\images\scut_fbp5500\AM662.jpg
scut_fbp5500,AM663.jpg,3,C:\Users\한국전파진흥협회\Desktop\dataset\combined\images\scut_fbp5500\AM663.jpg
scut_fbp5500,AM664.jpg,2,C:\Users\한국전파진흥협회\Desktop\dataset\combined\images\scut_fbp5500\AM664.jpg
scut_fbp5500,AM665.jpg,2,C:\Users\한국전파진흥협회\Desktop\dataset\combined\images\scut_fbp5500\AM665.jpg
scut_fbp5500,AM666.jpg,3,C:\Users\한국전파진흥협회\Desktop\dataset\combined\images\scut_fbp5500\AM666.jpg
scut_fbp5500,AM667.jpg,3,C:\Users\한국전파진흥협회\Desktop\dataset\combined\images\scut_fbp5500\AM667.jpg
scut_fbp5500,AM668.jpg,3,C:\Users\한국전파진흥협회\Desktop\dataset\combined\images\scut_fbp5500\AM668.jpg
scut_fbp5500,AM669.jpg,3,C:\Users\한국전파진흥협회\Desktop\dataset\combined\images\scut_fbp5500\AM669.jpg
scut_fbp5500,AM670.jpg,2,C:\Users\한국전파진흥협회\Desktop\dataset\combined\images\scut_fbp5500\AM670.jpg
scut_fbp5500,AM671.jpg,2,C:\Users\한국전파진흥협회\Desktop\dataset\combined\images\scut_fbp5500\AM671.jpg
scut_fbp5500,AM672.jpg,3,C:\Users\한국전파진흥협회\Desktop\dataset\combined\images\scut_fbp5500\AM672.jpg
scut_fbp5500,AM673.jpg,3,C:\Users\한국전파진흥협회\Desktop\dataset\combined\images\scut_fbp5500\AM673.jpg
scut_fbp5500,AM674.jpg,2,C:\Users\한국전파진흥협회\Desktop\dataset\combined\images\scut_fbp5500\AM674.jpg
scut_fbp5500,AM675.jpg,3,C:\Users\한국전파진흥협회\Desktop\dataset\combined\images\scut_fbp5500\AM675.jpg
scut_fbp5500,AM676.jpg,3,C:\Users\한국전파진흥협회\Desktop\dataset\combined\images\scut_fbp5500\AM676.jpg
scut_fbp5500,AM677.jpg,3,C:\Users\한국전파진흥협회\Desktop\dataset\combined\images\scut_fbp5500\AM677.jpg
scut_fbp5500,AM678.jpg,3,C:\Users\한국전파진흥협회\Desktop\dataset\combined\images\scut_fbp5500\AM678.jpg
scut_fbp5500,AM679.jpg,2,C:\Users\한국전파진흥협회\Desktop\dataset\combined\images\scut_fbp5500\AM679.jpg
scut_fbp5500,AM680.jpg,2,C:\Users\한국전파진흥협회\Desktop\dataset\combined\images\scut_fbp5500\AM680.jpg
scut_fbp5500,AM681.jpg,3,C:\Users\한국전파진흥협회\Desktop\dataset\combined\images\scut_fbp5500\AM681.jpg
scut_fbp5500,AM682.jpg,3,C:\Users\한국전파진흥협회\Desktop\dataset\combined\images\scut_fbp5500\AM682.jpg
scut_fbp5500,AM683.jpg,3,C:\Users\한국전파진흥협회\Desktop\dataset\combined\images\scut_fbp5500\AM683.jpg
scut_fbp5500,AM684.jpg,3,C:\Users\한국전파진흥협회\Desktop\dataset\combined\images\scut_fbp5500\AM684.jpg
scut_fbp5500,AM685.jpg,3,C:\Users\한국전파진흥협회\Desktop\dataset\combined\images\scut_fbp5500\AM685.jpg
scut_fbp5500,AM686.jpg,3,C:\Users\한국전파진흥협회\Desktop\dataset\combined\images\scut_fbp5500\AM686.jpg
scut_fbp5500,AM687.jpg,3,C:\Users\한국전파진흥협회\Desktop\dataset\combined\images\scut_fbp5500\AM687.jpg
scut_fbp5500,AM688.jpg,2,C:\Users\한국전파진흥협회\Desktop\dataset\combined\images\scut_fbp5500\AM688.jpg
scut_fbp5500,AM689.jpg,3,C:\Users\한국전파진흥협회\Desktop\dataset\combined\images\scut_fbp5500\AM689.jpg
scut_fbp5500,AM690.jpg,2,C:\Users\한국전파진흥협회\Desktop\dataset\combined\images\scut_fbp5500\AM690.jpg
scut_fbp5500,AM691.jpg,3,C:\Users\한국전파진흥협회\Desktop\dataset\combined\images\scut_fbp5500\AM691.jpg
scut_fbp5500,AM692.jpg,2,C:\Users\한국전파진흥협회\Desktop\dataset\combined\images\scut_fbp5500\AM692.jpg
scut_fbp5500,AM693.jpg,3,C:\Users\한국전파진흥협회\Desktop\dataset\combined\images\scut_fbp5500\AM693.jpg
scut_fbp5500,AM694.jpg,3,C:\Users\한국전파진흥협회\Desktop\dataset\combined\images\scut_fbp5500\AM694.jpg
scut_fbp5500,AM695.jpg,3,C:\Users\한국전파진흥협회\Desktop\dataset\combined\images\scut_fbp5500\AM695.jpg
scut_fbp5500,AM696.jpg,3,C:\Users\한국전파진흥협회\Desktop\dataset\combined\images\scut_fbp5500\AM696.jpg
scut_fbp5500,AM697.jpg,3,C:\Users\한국전파진흥협회\Desktop\dataset\combined\images\scut_fbp5500\AM697.jpg
scut_fbp5500,AM698.jpg,3,C:\Users\한국전파진흥협회\Desktop\dataset\combined\images\scut_fbp5500\AM698.jpg
scut_fbp5500,AM699.jpg,3,C:\Users\한국전파진흥협회\Desktop\dataset\combined\images\scut_fbp5500\AM699.jpg
scut_fbp5500,AM700.jpg,2,C:\Users\한국전파진흥협회\Desktop\dataset\combined\images\scut_fbp5500\AM700.jpg
scut_fbp5500,AM701.jpg,2,C:\Users\한국전파진흥협회\Desktop\dataset\combined\images\scut_fbp5500\AM701.jpg
scut_fbp5500,AM702.jpg,3,C:\Users\한국전파진흥협회\Desktop\dataset\combined\images\scut_fbp5500\AM702.jpg
scut_fbp5500,AM703.jpg,3,C:\Users\한국전파진흥협회\Desktop\dataset\combined\images\scut_fbp5500\AM703.jpg
scut_fbp5500,AM704.jpg,2,C:\Users\한국전파진흥협회\Desktop\dataset\combined\images\scut_fbp5500\AM704.jpg
scut_fbp5500,AM705.jpg,3,C:\Users\한국전파진흥협회\Desktop\dataset\combined\images\scut_fbp5500\AM705.jpg
scut_fbp5500,AM706.jpg,3,C:\Users\한국전파진흥협회\Desktop\dataset\combined\images\scut_fbp5500\AM706.jpg
scut_fbp5500,AM707.jpg,2,C:\Users\한국전파진흥협회\Desktop\dataset\combined\images\scut_fbp5500\AM707.jpg
scut_fbp5500,AM708.jpg,2,C:\Users\한국전파진흥협회\Desktop\dataset\combined\images\scut_fbp5500\AM708.jpg
scut_fbp5500,AM709.jpg,3,C:\Users\한국전파진흥협회\Desktop\dataset\combined\images\scut_fbp5500\AM709.jpg
scut_fbp5500,AM710.jpg,3,C:\Users\한국전파진흥협회\Desktop\dataset\combined\images\scut_fbp5500\AM710.jpg
scut_fbp5500,AM711.jpg,3,C:\Users\한국전파진흥협회\Desktop\dataset\combined\images\scut_fbp5500\AM711.jpg
scut_fbp5500,AM712.jpg,2,C:\Users\한국전파진흥협회\Desktop\dataset\combined\images\scut_fbp5500\AM712.jpg
scut_fbp5500,AM713.jpg,2,C:\Users\한국전파진흥협회\Desktop\dataset\combined\images\scut_fbp5500\AM713.jpg
scut_fbp5500,AM714.jpg,3,C:\Users\한국전파진흥협회\Desktop\dataset\combined\images\scut_fbp5500\AM714.jpg
scut_fbp5500,AM715.jpg,3,C:\Users\한국전파진흥협회\Desktop\dataset\combined\images\scut_fbp5500\AM715.jpg
scut_fbp5500,AM716.jpg,3,C:\Users\한국전파진흥협회\Desktop\dataset\combined\images\scut_fbp5500\AM716.jpg
scut_fbp5500,AM717.jpg,2,C:\Users\한국전파진흥협회\Desktop\dataset\combined\images\scut_fbp5500\AM717.jpg
scut_fbp5500,AM718.jpg,3,C:\Users\한국전파진흥협회\Desktop\dataset\combined\images\scut_fbp5500\AM718.jpg
scut_fbp5500,AM719.jpg,3,C:\Users\한국전파진흥협회\Desktop\dataset\combined\images\scut_fbp5500\AM719.jpg
scut_fbp5500,AM720.jpg,3,C:\Users\한국전파진흥협회\Desktop\dataset\combined\images\scut_fbp5500\AM720.jpg
scut_fbp5500,AM721.jpg,3,C:\Users\한국전파진흥협회\Desktop\dataset\combined\images\scut_fbp5500\AM721.jpg
scut_fbp5500,AM722.jpg,3,C:\Users\한국전파진흥협회\Desktop\dataset\combined\images\scut_fbp5500\AM722.jpg
scut_fbp5500,AM723.jpg,2,C:\Users\한국전파진흥협회\Desktop\dataset\combined\images\scut_fbp5500\AM723.jpg
scut_fbp5500,AM724.jpg,2,C:\Users\한국전파진흥협회\Desktop\dataset\combined\images\scut_fbp5500\AM724.jpg
scut_fbp5500,AM725.jpg,3,C:\Users\한국전파진흥협회\Desktop\dataset\combined\images\scut_fbp5500\AM725.jpg
scut_fbp5500,AM726.jpg,3,C:\Users\한국전파진흥협회\Desktop\dataset\combined\images\scut_fbp5500\AM726.jpg
scut_fbp5500,AM727.jpg,3,C:\Users\한국전파진흥협회\Desktop\dataset\combined\images\scut_fbp5500\AM727.jpg
scut_fbp5500,AM728.jpg,3,C:\Users\한국전파진흥협회\Desktop\dataset\combined\images\scut_fbp5500\AM728.jpg
scut_fbp5500,AM729.jpg,3,C:\Users\한국전파진흥협회\Desktop\dataset\combined\images\scut_fbp5500\AM729.jpg
scut_fbp5500,AM730.jpg,3,C:\Users\한국전파진흥협회\Desktop\dataset\combined\images\scut_fbp5500\AM730.jpg
scut_fbp5500,AM731.jpg,3,C:\Users\한국전파진흥협회\Desktop\dataset\combined\images\scut_fbp5500\AM731.jpg
scut_fbp5500,AM732.jpg,2,C:\Users\한국전파진흥협회\Desktop\dataset\combined\images\scut_fbp5500\AM732.jpg
scut_fbp5500,AM733.jpg,3,C:\Users\한국전파진흥협회\Desktop\dataset\combined\images\scut_fbp5500\AM733.jpg
scut_fbp5500,AM734.jpg,2,C:\Users\한국전파진흥협회\Desktop\dataset\combined\images\scut_fbp5500\AM734.jpg
scut_fbp5500,AM735.jpg,2,C:\Users\한국전파진흥협회\Desktop\dataset\combined\images\scut_fbp5500\AM735.jpg
scut_fbp5500,AM736.jpg,3,C:\Users\한국전파진흥협회\Desktop\dataset\combined\images\scut_fbp5500\AM736.jpg
scut_fbp5500,AM737.jpg,3,C:\Users\한국전파진흥협회\Desktop\dataset\combined\images\scut_fbp5500\AM737.jpg
scut_fbp5500,AM738.jpg,3,C:\Users\한국전파진흥협회\Desktop\dataset\combined\images\scut_fbp5500\AM738.jpg
scut_fbp5500,AM739.jpg,2,C:\Users\한국전파진흥협회\Desktop\dataset\combined\images\scut_fbp5500\AM739.jpg
scut_fbp5500,AM740.jpg,3,C:\Users\한국전파진흥협회\Desktop\dataset\combined\images\scut_fbp5500\AM740.jpg
scut_fbp5500,AM741.jpg,3,C:\Users\한국전파진흥협회\Desktop\dataset\combined\images\scut_fbp5500\AM741.jpg
scut_fbp5500,AM742.jpg,3,C:\Users\한국전파진흥협회\Desktop\dataset\combined\images\scut_fbp5500\AM742.jpg
scut_fbp5500,AM743.jpg,3,C:\Users\한국전파진흥협회\Desktop\dataset\combined\images\scut_fbp5500\AM743.jpg
scut_fbp5500,AM744.jpg,3,C:\Users\한국전파진흥협회\Desktop\dataset\combined\images\scut_fbp5500\AM744.jpg
scut_fbp5500,AM745.jpg,3,C:\Users\한국전파진흥협회\Desktop\dataset\combined\images\scut_fbp5500\AM745.jpg
scut_fbp5500,AM746.jpg,3,C:\Users\한국전파진흥협회\Desktop\dataset\combined\images\scut_fbp5500\AM746.jpg
scut_fbp5500,AM747.jpg,3,C:\Users\한국전파진흥협회\Desktop\dataset\combined\images\scut_fbp5500\AM747.jpg
scut_fbp5500,AM748.jpg,3,C:\Users\한국전파진흥협회\Desktop\dataset\combined\images\scut_fbp5500\AM748.jpg
scut_fbp5500,AM749.jpg,3,C:\Users\한국전파진흥협회\Desktop\dataset\combined\images\scut_fbp5500\AM749.jpg
scut_fbp5500,AM750.jpg,2,C:\Users\한국전파진흥협회\Desktop\dataset\combined\images\scut_fbp5500\AM750.jpg
scut_fbp5500,AM751.jpg,3,C:\Users\한국전파진흥협회\Desktop\dataset\combined\images\scut_fbp5500\AM751.jpg
scut_fbp5500,AM752.jpg,2,C:\Users\한국전파진흥협회\Desktop\dataset\combined\images\scut_fbp5500\AM752.jpg
scut_fbp5500,AM753.jpg,2,C:\Users\한국전파진흥협회\Desktop\dataset\combined\images\scut_fbp5500\AM753.jpg
scut_fbp5500,AM754.jpg,3,C:\Users\한국전파진흥협회\Desktop\dataset\combined\images\scut_fbp5500\AM754.jpg
scut_fbp5500,AM755.jpg,3,C:\Users\한국전파진흥협회\Desktop\dataset\combined\images\scut_fbp5500\AM755.jpg
scut_fbp5500,AM756.jpg,3,C:\Users\한국전파진흥협회\Desktop\dataset\combined\images\scut_fbp5500\AM756.jpg
scut_fbp5500,AM757.jpg,3,C:\Users\한국전파진흥협회\Desktop\dataset\combined\images\scut_fbp5500\AM757.jpg
scut_fbp5500,AM758.jpg,3,C:\Users\한국전파진흥협회\Desktop\dataset\combined\images\scut_fbp5500\AM758.jpg
scut_fbp5500,AM759.jpg,3,C:\Users\한국전파진흥협회\Desktop\dataset\combined\images\scut_fbp5500\AM759.jpg
scut_fbp5500,AM760.jpg,2,C:\Users\한국전파진흥협회\Desktop\dataset\combined\images\scut_fbp5500\AM760.jpg
scut_fbp5500,AM761.jpg,3,C:\Users\한국전파진흥협회\Desktop\dataset\combined\images\scut_fbp5500\AM761.jpg
scut_fbp5500,AM762.jpg,4,C:\Users\한국전파진흥협회\Desktop\dataset\combined\images\scut_fbp5500\AM762.jpg
scut_fbp5500,AM763.jpg,3,C:\Users\한국전파진흥협회\Desktop\dataset\combined\images\scut_fbp5500\AM763.jpg
scut_fbp5500,AM764.jpg,3,C:\Users\한국전파진흥협회\Desktop\dataset\combined\images\scut_fbp5500\AM764.jpg
scut_fbp5500,AM765.jpg,3,C:\Users\한국전파진흥협회\Desktop\dataset\combined\images\scut_fbp5500\AM765.jpg
scut_fbp5500,AM766.jpg,3,C:\Users\한국전파진흥협회\Desktop\dataset\combined\images\scut_fbp5500\AM766.jpg
scut_fbp5500,AM767.jpg,3,C:\Users\한국전파진흥협회\Desktop\dataset\combined\images\scut_fbp5500\AM767.jpg
scut_fbp5500,AM768.jpg,3,C:\Users\한국전파진흥협회\Desktop\dataset\combined\images\scut_fbp5500\AM768.jpg
scut_fbp5500,AM769.jpg,3,C:\Users\한국전파진흥협회\Desktop\dataset\combined\images\scut_fbp5500\AM769.jpg
scut_fbp5500,AM770.jpg,2,C:\Users\한국전파진흥협회\Desktop\dataset\combined\images\scut_fbp5500\AM770.jpg
scut_fbp5500,AM771.jpg,2,C:\Users\한국전파진흥협회\Desktop\dataset\combined\images\scut_fbp5500\AM771.jpg
scut_fbp5500,AM772.jpg,2,C:\Users\한국전파진흥협회\Desktop\dataset\combined\images\scut_fbp5500\AM772.jpg
scut_fbp5500,AM773.jpg,2,C:\Users\한국전파진흥협회\Desktop\dataset\combined\images\scut_fbp5500\AM773.jpg
scut_fbp5500,AM774.jpg,3,C:\Users\한국전파진흥협회\Desktop\dataset\combined\images\scut_fbp5500\AM774.jpg
scut_fbp5500,AM775.jpg,3,C:\Users\한국전파진흥협회\Desktop\dataset\combined\images\scut_fbp5500\AM775.jpg
scut_fbp5500,AM776.jpg,3,C:\Users\한국전파진흥협회\Desktop\dataset\combined\images\scut_fbp5500\AM776.jpg
scut_fbp5500,AM777.jpg,3,C:\Users\한국전파진흥협회\Desktop\dataset\combined\images\scut_fbp5500\AM777.jpg
scut_fbp5500,AM778.jpg,3,C:\Users\한국전파진흥협회\Desktop\dataset\combined\images\scut_fbp5500\AM778.jpg
scut_fbp5500,AM779.jpg,2,C:\Users\한국전파진흥협회\Desktop\dataset\combined\images\scut_fbp5500\AM779.jpg
scut_fbp5500,AM780.jpg,3,C:\Users\한국전파진흥협회\Desktop\dataset\combined\images\scut_fbp5500\AM780.jpg
scut_fbp5500,AM781.jpg,3,C:\Users\한국전파진흥협회\Desktop\dataset\combined\images\scut_fbp5500\AM781.jpg
scut_fbp5500,AM782.jpg,3,C:\Users\한국전파진흥협회\Desktop\dataset\combined\images\scut_fbp5500\AM782.jpg
scut_fbp5500,AM783.jpg,3,C:\Users\한국전파진흥협회\Desktop\dataset\combined\images\scut_fbp5500\AM783.jpg
scut_fbp5500,AM784.jpg,2,C:\Users\한국전파진흥협회\Desktop\dataset\combined\images\scut_fbp5500\AM784.jpg
scut_fbp5500,AM785.jpg,3,C:\Users\한국전파진흥협회\Desktop\dataset\combined\images\scut_fbp5500\AM785.jpg
scut_fbp5500,AM786.jpg,3,C:\Users\한국전파진흥협회\Desktop\dataset\combined\images\scut_fbp5500\AM786.jpg
scut_fbp5500,AM787.jpg,3,C:\Users\한국전파진흥협회\Desktop\dataset\combined\images\scut_fbp5500\AM787.jpg
scut_fbp5500,AM788.jpg,3,C:\Users\한국전파진흥협회\Desktop\dataset\combined\images\scut_fbp5500\AM788.jpg
scut_fbp5500,AM789.jpg,2,C:\Users\한국전파진흥협회\Desktop\dataset\combined\images\scut_fbp5500\AM789.jpg
scut_fbp5500,AM790.jpg,2,C:\Users\한국전파진흥협회\Desktop\dataset\combined\images\scut_fbp5500\AM790.jpg
scut_fbp5500,AM791.jpg,3,C:\Users\한국전파진흥협회\Desktop\dataset\combined\images\scut_fbp5500\AM791.jpg
scut_fbp5500,AM792.jpg,2,C:\Users\한국전파진흥협회\Desktop\dataset\combined\images\scut_fbp5500\AM792.jpg
scut_fbp5500,AM793.jpg,3,C:\Users\한국전파진흥협회\Desktop\dataset\combined\images\scut_fbp5500\AM793.jpg
scut_fbp5500,AM794.jpg,3,C:\Users\한국전파진흥협회\Desktop\dataset\combined\images\scut_fbp5500\AM794.jpg
scut_fbp5500,AM795.jpg,2,C:\Users\한국전파진흥협회\Desktop\dataset\combined\images\scut_fbp5500\AM795.jpg
scut_fbp5500,AM796.jpg,2,C:\Users\한국전파진흥협회\Desktop\dataset\combined\images\scut_fbp5500\AM796.jpg
scut_fbp5500,AM797.jpg,3,C:\Users\한국전파진흥협회\Desktop\dataset\combined\images\scut_fbp5500\AM797.jpg
scut_fbp5500,AM798.jpg,3,C:\Users\한국전파진흥협회\Desktop\dataset\combined\images\scut_fbp5500\AM798.jpg
scut_fbp5500,AM799.jpg,2,C:\Users\한국전파진흥협회\Desktop\dataset\combined\images\scut_fbp5500\AM799.jpg
scut_fbp5500,AM800.jpg,3,C:\Users\한국전파진흥협회\Desktop\dataset\combined\images\scut_fbp5500\AM800.jpg
scut_fbp5500,AM801.jpg,3,C:\Users\한국전파진흥협회\Desktop\dataset\combined\images\scut_fbp5500\AM801.jpg
scut_fbp5500,AM802.jpg,3,C:\Users\한국전파진흥협회\Desktop\dataset\combined\images\scut_fbp5500\AM802.jpg
scut_fbp5500,AM803.jpg,3,C:\Users\한국전파진흥협회\Desktop\dataset\combined\images\scut_fbp5500\AM803.jpg
scut_fbp5500,AM804.jpg,3,C:\Users\한국전파진흥협회\Desktop\dataset\combined\images\scut_fbp5500\AM804.jpg
scut_fbp5500,AM805.jpg,2,C:\Users\한국전파진흥협회\Desktop\dataset\combined\images\scut_fbp5500\AM805.jpg
scut_fbp5500,AM806.jpg,2,C:\Users\한국전파진흥협회\Desktop\dataset\combined\images\scut_fbp5500\AM806.jpg
scut_fbp5500,AM807.jpg,2,C:\Users\한국전파진흥협회\Desktop\dataset\combined\images\scut_fbp5500\AM807.jpg
scut_fbp5500,AM808.jpg,2,C:\Users\한국전파진흥협회\Desktop\dataset\combined\images\scut_fbp5500\AM808.jpg
scut_fbp5500,AM809.jpg,2,C:\Users\한국전파진흥협회\Desktop\dataset\combined\images\scut_fbp5500\AM809.jpg
scut_fbp5500,AM810.jpg,3,C:\Users\한국전파진흥협회\Desktop\dataset\combined\images\scut_fbp5500\AM810.jpg
scut_fbp5500,AM811.jpg,3,C:\Users\한국전파진흥협회\Desktop\dataset\combined\images\scut_fbp5500\AM811.jpg
scut_fbp5500,AM812.jpg,2,C:\Users\한국전파진흥협회\Desktop\dataset\combined\images\scut_fbp5500\AM812.jpg
scut_fbp5500,AM813.jpg,4,C:\Users\한국전파진흥협회\Desktop\dataset\combined\images\scut_fbp5500\AM813.jpg
scut_fbp5500,AM814.jpg,2,C:\Users\한국전파진흥협회\Desktop\dataset\combined\images\scut_fbp5500\AM814.jpg
scut_fbp5500,AM815.jpg,2,C:\Users\한국전파진흥협회\Desktop\dataset\combined\images\scut_fbp5500\AM815.jpg
scut_fbp5500,AM816.jpg,2,C:\Users\한국전파진흥협회\Desktop\dataset\combined\images\scut_fbp5500\AM816.jpg
scut_fbp5500,AM817.jpg,2,C:\Users\한국전파진흥협회\Desktop\dataset\combined\images\scut_fbp5500\AM817.jpg
scut_fbp5500,AM818.jpg,3,C:\Users\한국전파진흥협회\Desktop\dataset\combined\images\scut_fbp5500\AM818.jpg
scut_fbp5500,AM819.jpg,3,C:\Users\한국전파진흥협회\Desktop\dataset\combined\images\scut_fbp5500\AM819.jpg
scut_fbp5500,AM820.jpg,3,C:\Users\한국전파진흥협회\Desktop\dataset\combined\images\scut_fbp5500\AM820.jpg
scut_fbp5500,AM821.jpg,2,C:\Users\한국전파진흥협회\Desktop\dataset\combined\images\scut_fbp5500\AM821.jpg
scut_fbp5500,AM822.jpg,3,C:\Users\한국전파진흥협회\Desktop\dataset\combined\images\scut_fbp5500\AM822.jpg
scut_fbp5500,AM823.jpg,3,C:\Users\한국전파진흥협회\Desktop\dataset\combined\images\scut_fbp5500\AM823.jpg
scut_fbp5500,AM824.jpg,2,C:\Users\한국전파진흥협회\Desktop\dataset\combined\images\scut_fbp5500\AM824.jpg
scut_fbp5500,AM825.jpg,3,C:\Users\한국전파진흥협회\Desktop\dataset\combined\images\scut_fbp5500\AM825.jpg
scut_fbp5500,AM826.jpg,3,C:\Users\한국전파진흥협회\Desktop\dataset\combined\images\scut_fbp5500\AM826.jpg
scut_fbp5500,AM827.jpg,3,C:\Users\한국전파진흥협회\Desktop\dataset\combined\images\scut_fbp5500\AM827.jpg
scut_fbp5500,AM828.jpg,3,C:\Users\한국전파진흥협회\Desktop\dataset\combined\images\scut_fbp5500\AM828.jpg
scut_fbp5500,AM829.jpg,3,C:\Users\한국전파진흥협회\Desktop\dataset\combined\images\scut_fbp5500\AM829.jpg
scut_fbp5500,AM830.jpg,2,C:\Users\한국전파진흥협회\Desktop\dataset\combined\images\scut_fbp5500\AM830.jpg
scut_fbp5500,AM831.jpg,3,C:\Users\한국전파진흥협회\Desktop\dataset\combined\images\scut_fbp5500\AM831.jpg
scut_fbp5500,AM832.jpg,2,C:\Users\한국전파진흥협회\Desktop\dataset\combined\images\scut_fbp5500\AM832.jpg
scut_fbp5500,AM833.jpg,2,C:\Users\한국전파진흥협회\Desktop\dataset\combined\images\scut_fbp5500\AM833.jpg
scut_fbp5500,AM834.jpg,3,C:\Users\한국전파진흥협회\Desktop\dataset\combined\images\scut_fbp5500\AM834.jpg
scut_fbp5500,AM835.jpg,3,C:\Users\한국전파진흥협회\Desktop\dataset\combined\images\scut_fbp5500\AM835.jpg
scut_fbp5500,AM836.jpg,3,C:\Users\한국전파진흥협회\Desktop\dataset\combined\images\scut_fbp5500\AM836.jpg
scut_fbp5500,AM837.jpg,3,C:\Users\한국전파진흥협회\Desktop\dataset\combined\images\scut_fbp5500\AM837.jpg
scut_fbp5500,AM838.jpg,2,C:\Users\한국전파진흥협회\Desktop\dataset\combined\images\scut_fbp5500\AM838.jpg
scut_fbp5500,AM839.jpg,3,C:\Users\한국전파진흥협회\Desktop\dataset\combined\images\scut_fbp5500\AM839.jpg
scut_fbp5500,AM840.jpg,3,C:\Users\한국전파진흥협회\Desktop\dataset\combined\images\scut_fbp5500\AM840.jpg
scut_fbp5500,AM841.jpg,3,C:\Users\한국전파진흥협회\Desktop\dataset\combined\images\scut_fbp5500\AM841.jpg
scut_fbp5500,AM842.jpg,3,C:\Users\한국전파진흥협회\Desktop\dataset\combined\images\scut_fbp5500\AM842.jpg
scut_fbp5500,AM843.jpg,2,C:\Users\한국전파진흥협회\Desktop\dataset\combined\images\scut_fbp5500\AM843.jpg
scut_fbp5500,AM844.jpg,3,C:\Users\한국전파진흥협회\Desktop\dataset\combined\images\scut_fbp5500\AM844.jpg
scut_fbp5500,AM845.jpg,3,C:\Users\한국전파진흥협회\Desktop\dataset\combined\images\scut_fbp5500\AM845.jpg
scut_fbp5500,AM846.jpg,3,C:\Users\한국전파진흥협회\Desktop\dataset\combined\images\scut_fbp5500\AM846.jpg
scut_fbp5500,AM847.jpg,3,C:\Users\한국전파진흥협회\Desktop\dataset\combined\images\scut_fbp5500\AM847.jpg
scut_fbp5500,AM848.jpg,3,C:\Users\한국전파진흥협회\Desktop\dataset\combined\images\scut_fbp5500\AM848.jpg
scut_fbp5500,AM849.jpg,2,C:\Users\한국전파진흥협회\Desktop\dataset\combined\images\scut_fbp5500\AM849.jpg
scut_fbp5500,AM850.jpg,3,C:\Users\한국전파진흥협회\Desktop\dataset\combined\images\scut_fbp5500\AM850.jpg
scut_fbp5500,AM851.jpg,2,C:\Users\한국전파진흥협회\Desktop\dataset\combined\images\scut_fbp5500\AM851.jpg
scut_fbp5500,AM852.jpg,2,C:\Users\한국전파진흥협회\Desktop\dataset\combined\images\scut_fbp5500\AM852.jpg
scut_fbp5500,AM853.jpg,2,C:\Users\한국전파진흥협회\Desktop\dataset\combined\images\scut_fbp5500\AM853.jpg
scut_fbp5500,AM854.jpg,3,C:\Users\한국전파진흥협회\Desktop\dataset\combined\images\scut_fbp5500\AM854.jpg
scut_fbp5500,AM855.jpg,3,C:\Users\한국전파진흥협회\Desktop\dataset\combined\images\scut_fbp5500\AM855.jpg
scut_fbp5500,AM856.jpg,2,C:\Users\한국전파진흥협회\Desktop\dataset\combined\images\scut_fbp5500\AM856.jpg
scut_fbp5500,AM857.jpg,3,C:\Users\한국전파진흥협회\Desktop\dataset\combined\images\scut_fbp5500\AM857.jpg
scut_fbp5500,AM858.jpg,3,C:\Users\한국전파진흥협회\Desktop\dataset\combined\images\scut_fbp5500\AM858.jpg
scut_fbp5500,AM859.jpg,3,C:\Users\한국전파진흥협회\Desktop\dataset\combined\images\scut_fbp5500\AM859.jpg
scut_fbp5500,AM860.jpg,3,C:\Users\한국전파진흥협회\Desktop\dataset\combined\images\scut_fbp5500\AM860.jpg
scut_fbp5500,AM861.jpg,3,C:\Users\한국전파진흥협회\Desktop\dataset\combined\images\scut_fbp5500\AM861.jpg
scut_fbp5500,AM862.jpg,2,C:\Users\한국전파진흥협회\Desktop\dataset\combined\images\scut_fbp5500\AM862.jpg
scut_fbp5500,AM863.jpg,4,C:\Users\한국전파진흥협회\Desktop\dataset\combined\images\scut_fbp5500\AM863.jpg
scut_fbp5500,AM864.jpg,3,C:\Users\한국전파진흥협회\Desktop\dataset\combined\images\scut_fbp5500\AM864.jpg
scut_fbp5500,AM865.jpg,3,C:\Users\한국전파진흥협회\Desktop\dataset\combined\images\scut_fbp5500\AM865.jpg
scut_fbp5500,AM866.jpg,3,C:\Users\한국전파진흥협회\Desktop\dataset\combined\images\scut_fbp5500\AM866.jpg
scut_fbp5500,AM867.jpg,4,C:\Users\한국전파진흥협회\Desktop\dataset\combined\images\scut_fbp5500\AM867.jpg
scut_fbp5500,AM868.jpg,2,C:\Users\한국전파진흥협회\Desktop\dataset\combined\images\scut_fbp5500\AM868.jpg
scut_fbp5500,AM869.jpg,2,C:\Users\한국전파진흥협회\Desktop\dataset\combined\images\scut_fbp5500\AM869.jpg
scut_fbp5500,AM870.jpg,2,C:\Users\한국전파진흥협회\Desktop\dataset\combined\images\scut_fbp5500\AM870.jpg
scut_fbp5500,AM871.jpg,2,C:\Users\한국전파진흥협회\Desktop\dataset\combined\images\scut_fbp5500\AM871.jpg
scut_fbp5500,AM872.jpg,2,C:\Users\한국전파진흥협회\Desktop\dataset\combined\images\scut_fbp5500\AM872.jpg
scut_fbp5500,AM873.jpg,2,C:\Users\한국전파진흥협회\Desktop\dataset\combined\images\scut_fbp5500\AM873.jpg
scut_fbp5500,AM874.jpg,2,C:\Users\한국전파진흥협회\Desktop\dataset\combined\images\scut_fbp5500\AM874.jpg
scut_fbp5500,AM875.jpg,3,C:\Users\한국전파진흥협회\Desktop\dataset\combined\images\scut_fbp5500\AM875.jpg
scut_fbp5500,AM876.jpg,3,C:\Users\한국전파진흥협회\Desktop\dataset\combined\images\scut_fbp5500\AM876.jpg
scut_fbp5500,AM877.jpg,2,C:\Users\한국전파진흥협회\Desktop\dataset\combined\images\scut_fbp5500\AM877.jpg
scut_fbp5500,AM878.jpg,3,C:\Users\한국전파진흥협회\Desktop\dataset\combined\images\scut_fbp5500\AM878.jpg
scut_fbp5500,AM879.jpg,3,C:\Users\한국전파진흥협회\Desktop\dataset\combined\images\scut_fbp5500\AM879.jpg
scut_fbp5500,AM880.jpg,3,C:\Users\한국전파진흥협회\Desktop\dataset\combined\images\scut_fbp5500\AM880.jpg
scut_fbp5500,AM881.jpg,2,C:\Users\한국전파진흥협회\Desktop\dataset\combined\images\scut_fbp5500\AM881.jpg
scut_fbp5500,AM882.jpg,3,C:\Users\한국전파진흥협회\Desktop\dataset\combined\images\scut_fbp5500\AM882.jpg
scut_fbp5500,AM883.jpg,2,C:\Users\한국전파진흥협회\Desktop\dataset\combined\images\scut_fbp5500\AM883.jpg
scut_fbp5500,AM884.jpg,3,C:\Users\한국전파진흥협회\Desktop\dataset\combined\images\scut_fbp5500\AM884.jpg
scut_fbp5500,AM885.jpg,2,C:\Users\한국전파진흥협회\Desktop\dataset\combined\images\scut_fbp5500\AM885.jpg
scut_fbp5500,AM886.jpg,3,C:\Users\한국전파진흥협회\Desktop\dataset\combined\images\scut_fbp5500\AM886.jpg
scut_fbp5500,AM887.jpg,2,C:\Users\한국전파진흥협회\Desktop\dataset\combined\images\scut_fbp5500\AM887.jpg
scut_fbp5500,AM888.jpg,3,C:\Users\한국전파진흥협회\Desktop\dataset\combined\images\scut_fbp5500\AM888.jpg
scut_fbp5500,AM889.jpg,2,C:\Users\한국전파진흥협회\Desktop\dataset\combined\images\scut_fbp5500\AM889.jpg
scut_fbp5500,AM890.jpg,2,C:\Users\한국전파진흥협회\Desktop\dataset\combined\images\scut_fbp5500\AM890.jpg
scut_fbp5500,AM891.jpg,3,C:\Users\한국전파진흥협회\Desktop\dataset\combined\images\scut_fbp5500\AM891.jpg
scut_fbp5500,AM892.jpg,2,C:\Users\한국전파진흥협회\Desktop\dataset\combined\images\scut_fbp5500\AM892.jpg
scut_fbp5500,AM893.jpg,2,C:\Users\한국전파진흥협회\Desktop\dataset\combined\images\scut_fbp5500\AM893.jpg
scut_fbp5500,AM894.jpg,3,C:\Users\한국전파진흥협회\Desktop\dataset\combined\images\scut_fbp5500\AM894.jpg
scut_fbp5500,AM895.jpg,3,C:\Users\한국전파진흥협회\Desktop\dataset\combined\images\scut_fbp5500\AM895.jpg
scut_fbp5500,AM896.jpg,2,C:\Users\한국전파진흥협회\Desktop\dataset\combined\images\scut_fbp5500\AM896.jpg
scut_fbp5500,AM897.jpg,3,C:\Users\한국전파진흥협회\Desktop\dataset\combined\images\scut_fbp5500\AM897.jpg
scut_fbp5500,AM898.jpg,2,C:\Users\한국전파진흥협회\Desktop\dataset\combined\images\scut_fbp5500\AM898.jpg
scut_fbp5500,AM899.jpg,3,C:\Users\한국전파진흥협회\Desktop\dataset\combined\images\scut_fbp5500\AM899.jpg
scut_fbp5500,AM900.jpg,3,C:\Users\한국전파진흥협회\Desktop\dataset\combined\images\scut_fbp5500\AM900.jpg
scut_fbp5500,AM901.jpg,3,C:\Users\한국전파진흥협회\Desktop\dataset\combined\images\scut_fbp5500\AM901.jpg
scut_fbp5500,AM902.jpg,3,C:\Users\한국전파진흥협회\Desktop\dataset\combined\images\scut_fbp5500\AM902.jpg
scut_fbp5500,AM903.jpg,2,C:\Users\한국전파진흥협회\Desktop\dataset\combined\images\scut_fbp5500\AM903.jpg
scut_fbp5500,AM904.jpg,3,C:\Users\한국전파진흥협회\Desktop\dataset\combined\images\scut_fbp5500\AM904.jpg
scut_fbp5500,AM905.jpg,3,C:\Users\한국전파진흥협회\Desktop\dataset\combined\images\scut_fbp5500\AM905.jpg
scut_fbp5500,AM906.jpg,3,C:\Users\한국전파진흥협회\Desktop\dataset\combined\images\scut_fbp5500\AM906.jpg
scut_fbp5500,AM907.jpg,3,C:\Users\한국전파진흥협회\Desktop\dataset\combined\images\scut_fbp5500\AM907.jpg
scut_fbp5500,AM908.jpg,2,C:\Users\한국전파진흥협회\Desktop\dataset\combined\images\scut_fbp5500\AM908.jpg
scut_fbp5500,AM909.jpg,3,C:\Users\한국전파진흥협회\Desktop\dataset\combined\images\scut_fbp5500\AM909.jpg
scut_fbp5500,AM910.jpg,2,C:\Users\한국전파진흥협회\Desktop\dataset\combined\images\scut_fbp5500\AM910.jpg
scut_fbp5500,AM911.jpg,3,C:\Users\한국전파진흥협회\Desktop\dataset\combined\images\scut_fbp5500\AM911.jpg
scut_fbp5500,AM912.jpg,3,C:\Users\한국전파진흥협회\Desktop\dataset\combined\images\scut_fbp5500\AM912.jpg
scut_fbp5500,AM913.jpg,2,C:\Users\한국전파진흥협회\Desktop\dataset\combined\images\scut_fbp5500\AM913.jpg
scut_fbp5500,AM914.jpg,2,C:\Users\한국전파진흥협회\Desktop\dataset\combined\images\scut_fbp5500\AM914.jpg
scut_fbp5500,AM915.jpg,3,C:\Users\한국전파진흥협회\Desktop\dataset\combined\images\scut_fbp5500\AM915.jpg
scut_fbp5500,AM916.jpg,3,C:\Users\한국전파진흥협회\Desktop\dataset\combined\images\scut_fbp5500\AM916.jpg
scut_fbp5500,AM917.jpg,3,C:\Users\한국전파진흥협회\Desktop\dataset\combined\images\scut_fbp5500\AM917.jpg
scut_fbp5500,AM918.jpg,2,C:\Users\한국전파진흥협회\Desktop\dataset\combined\images\scut_fbp5500\AM918.jpg
scut_fbp5500,AM919.jpg,3,C:\Users\한국전파진흥협회\Desktop\dataset\combined\images\scut_fbp5500\AM919.jpg
scut_fbp5500,AM920.jpg,2,C:\Users\한국전파진흥협회\Desktop\dataset\combined\images\scut_fbp5500\AM920.jpg
scut_fbp5500,AM921.jpg,2,C:\Users\한국전파진흥협회\Desktop\dataset\combined\images\scut_fbp5500\AM921.jpg
scut_fbp5500,AM922.jpg,3,C:\Users\한국전파진흥협회\Desktop\dataset\combined\images\scut_fbp5500\AM922.jpg
scut_fbp5500,AM923.jpg,2,C:\Users\한국전파진흥협회\Desktop\dataset\combined\images\scut_fbp5500\AM923.jpg
scut_fbp5500,AM924.jpg,3,C:\Users\한국전파진흥협회\Desktop\dataset\combined\images\scut_fbp5500\AM924.jpg
scut_fbp5500,AM925.jpg,3,C:\Users\한국전파진흥협회\Desktop\dataset\combined\images\scut_fbp5500\AM925.jpg
scut_fbp5500,AM926.jpg,2,C:\Users\한국전파진흥협회\Desktop\dataset\combined\images\scut_fbp5500\AM926.jpg
scut_fbp5500,AM927.jpg,3,C:\Users\한국전파진흥협회\Desktop\dataset\combined\images\scut_fbp5500\AM927.jpg
scut_fbp5500,AM928.jpg,3,C:\Users\한국전파진흥협회\Desktop\dataset\combined\images\scut_fbp5500\AM928.jpg
scut_fbp5500,AM929.jpg,2,C:\Users\한국전파진흥협회\Desktop\dataset\combined\images\scut_fbp5500\AM929.jpg
scut_fbp5500,AM930.jpg,2,C:\Users\한국전파진흥협회\Desktop\dataset\combined\images\scut_fbp5500\AM930.jpg
scut_fbp5500,AM931.jpg,3,C:\Users\한국전파진흥협회\Desktop\dataset\combined\images\scut_fbp5500\AM931.jpg
scut_fbp5500,AM932.jpg,2,C:\Users\한국전파진흥협회\Desktop\dataset\combined\images\scut_fbp5500\AM932.jpg
scut_fbp5500,AM933.jpg,3,C:\Users\한국전파진흥협회\Desktop\dataset\combined\images\scut_fbp5500\AM933.jpg
scut_fbp5500,AM934.jpg,2,C:\Users\한국전파진흥협회\Desktop\dataset\combined\images\scut_fbp5500\AM934.jpg
scut_fbp5500,AM935.jpg,2,C:\Users\한국전파진흥협회\Desktop\dataset\combined\images\scut_fbp5500\AM935.jpg
scut_fbp5500,AM936.jpg,2,C:\Users\한국전파진흥협회\Desktop\dataset\combined\images\scut_fbp5500\AM936.jpg
scut_fbp5500,AM937.jpg,3,C:\Users\한국전파진흥협회\Desktop\dataset\combined\images\scut_fbp5500\AM937.jpg
scut_fbp5500,AM938.jpg,3,C:\Users\한국전파진흥협회\Desktop\dataset\combined\images\scut_fbp5500\AM938.jpg
scut_fbp5500,AM939.jpg,3,C:\Users\한국전파진흥협회\Desktop\dataset\combined\images\scut_fbp5500\AM939.jpg
scut_fbp5500,AM940.jpg,3,C:\Users\한국전파진흥협회\Desktop\dataset\combined\images\scut_fbp5500\AM940.jpg
scut_fbp5500,AM941.jpg,2,C:\Users\한국전파진흥협회\Desktop\dataset\combined\images\scut_fbp5500\AM941.jpg
scut_fbp5500,AM942.jpg,3,C:\Users\한국전파진흥협회\Desktop\dataset\combined\images\scut_fbp5500\AM942.jpg
scut_fbp5500,AM943.jpg,3,C:\Users\한국전파진흥협회\Desktop\dataset\combined\images\scut_fbp5500\AM943.jpg
scut_fbp5500,AM944.jpg,2,C:\Users\한국전파진흥협회\Desktop\dataset\combined\images\scut_fbp5500\AM944.jpg
scut_fbp5500,AM945.jpg,2,C:\Users\한국전파진흥협회\Desktop\dataset\combined\images\scut_fbp5500\AM945.jpg
scut_fbp5500,AM946.jpg,3,C:\Users\한국전파진흥협회\Desktop\dataset\combined\images\scut_fbp5500\AM946.jpg
scut_fbp5500,AM947.jpg,2,C:\Users\한국전파진흥협회\Desktop\dataset\combined\images\scut_fbp5500\AM947.jpg
scut_fbp5500,AM948.jpg,3,C:\Users\한국전파진흥협회\Desktop\dataset\combined\images\scut_fbp5500\AM948.jpg
scut_fbp5500,AM949.jpg,3,C:\Users\한국전파진흥협회\Desktop\dataset\combined\images\scut_fbp5500\AM949.jpg
scut_fbp5500,AM950.jpg,3,C:\Users\한국전파진흥협회\Desktop\dataset\combined\images\scut_fbp5500\AM950.jpg
scut_fbp5500,AM951.jpg,2,C:\Users\한국전파진흥협회\Desktop\dataset\combined\images\scut_fbp5500\AM951.jpg
scut_fbp5500,AM952.jpg,2,C:\Users\한국전파진흥협회\Desktop\dataset\combined\images\scut_fbp5500\AM952.jpg
scut_fbp5500,AM953.jpg,3,C:\Users\한국전파진흥협회\Desktop\dataset\combined\images\scut_fbp5500\AM953.jpg
scut_fbp5500,AM954.jpg,3,C:\Users\한국전파진흥협회\Desktop\dataset\combined\images\scut_fbp5500\AM954.jpg
scut_fbp5500,AM955.jpg,3,C:\Users\한국전파진흥협회\Desktop\dataset\combined\images\scut_fbp5500\AM955.jpg
scut_fbp5500,AM956.jpg,2,C:\Users\한국전파진흥협회\Desktop\dataset\combined\images\scut_fbp5500\AM956.jpg
scut_fbp5500,AM957.jpg,2,C:\Users\한국전파진흥협회\Desktop\dataset\combined\images\scut_fbp5500\AM957.jpg
scut_fbp5500,AM958.jpg,2,C:\Users\한국전파진흥협회\Desktop\dataset\combined\images\scut_fbp5500\AM958.jpg
scut_fbp5500,AM959.jpg,2,C:\Users\한국전파진흥협회\Desktop\dataset\combined\images\scut_fbp5500\AM959.jpg
scut_fbp5500,AM960.jpg,3,C:\Users\한국전파진흥협회\Desktop\dataset\combined\images\scut_fbp5500\AM960.jpg
scut_fbp5500,AM961.jpg,3,C:\Users\한국전파진흥협회\Desktop\dataset\combined\images\scut_fbp5500\AM961.jpg
scut_fbp5500,AM962.jpg,3,C:\Users\한국전파진흥협회\Desktop\dataset\combined\images\scut_fbp5500\AM962.jpg
scut_fbp5500,AM963.jpg,3,C:\Users\한국전파진흥협회\Desktop\dataset\combined\images\scut_fbp5500\AM963.jpg
scut_fbp5500,AM964.jpg,2,C:\Users\한국전파진흥협회\Desktop\dataset\combined\images\scut_fbp5500\AM964.jpg
scut_fbp5500,AM965.jpg,3,C:\Users\한국전파진흥협회\Desktop\dataset\combined\images\scut_fbp5500\AM965.jpg
scut_fbp5500,AM966.jpg,3,C:\Users\한국전파진흥협회\Desktop\dataset\combined\images\scut_fbp5500\AM966.jpg
scut_fbp5500,AM967.jpg,3,C:\Users\한국전파진흥협회\Desktop\dataset\combined\images\scut_fbp5500\AM967.jpg
scut_fbp5500,AM968.jpg,2,C:\Users\한국전파진흥협회\Desktop\dataset\combined\images\scut_fbp5500\AM968.jpg
scut_fbp5500,AM969.jpg,3,C:\Users\한국전파진흥협회\Desktop\dataset\combined\images\scut_fbp5500\AM969.jpg
scut_fbp5500,AM970.jpg,3,C:\Users\한국전파진흥협회\Desktop\dataset\combined\images\scut_fbp5500\AM970.jpg
scut_fbp5500,AM971.jpg,2,C:\Users\한국전파진흥협회\Desktop\dataset\combined\images\scut_fbp5500\AM971.jpg
scut_fbp5500,AM972.jpg,3,C:\Users\한국전파진흥협회\Desktop\dataset\combined\images\scut_fbp5500\AM972.jpg
scut_fbp5500,AM973.jpg,3,C:\Users\한국전파진흥협회\Desktop\dataset\combined\images\scut_fbp5500\AM973.jpg
scut_fbp5500,AM974.jpg,2,C:\Users\한국전파진흥협회\Desktop\dataset\combined\images\scut_fbp5500\AM974.jpg
scut_fbp5500,AM975.jpg,3,C:\Users\한국전파진흥협회\Desktop\dataset\combined\images\scut_fbp5500\AM975.jpg
scut_fbp5500,AM976.jpg,2,C:\Users\한국전파진흥협회\Desktop\dataset\combined\images\scut_fbp5500\AM976.jpg
scut_fbp5500,AM977.jpg,2,C:\Users\한국전파진흥협회\Desktop\dataset\combined\images\scut_fbp5500\AM977.jpg
scut_fbp5500,AM978.jpg,3,C:\Users\한국전파진흥협회\Desktop\dataset\combined\images\scut_fbp5500\AM978.jpg
scut_fbp5500,AM979.jpg,2,C:\Users\한국전파진흥협회\Desktop\dataset\combined\images\scut_fbp5500\AM979.jpg
scut_fbp5500,AM980.jpg,2,C:\Users\한국전파진흥협회\Desktop\dataset\combined\images\scut_fbp5500\AM980.jpg
scut_fbp5500,AM981.jpg,3,C:\Users\한국전파진흥협회\Desktop\dataset\combined\images\scut_fbp5500\AM981.jpg
scut_fbp5500,AM982.jpg,3,C:\Users\한국전파진흥협회\Desktop\dataset\combined\images\scut_fbp5500\AM982.jpg
scut_fbp5500,AM983.jpg,3,C:\Users\한국전파진흥협회\Desktop\dataset\combined\images\scut_fbp5500\AM983.jpg
scut_fbp5500,AM984.jpg,3,C:\Users\한국전파진흥협회\Desktop\dataset\combined\images\scut_fbp5500\AM984.jpg
scut_fbp5500,AM985.jpg,3,C:\Users\한국전파진흥협회\Desktop\dataset\combined\images\scut_fbp5500\AM985.jpg
scut_fbp5500,AM986.jpg,2,C:\Users\한국전파진흥협회\Desktop\dataset\combined\images\scut_fbp5500\AM986.jpg
scut_fbp5500,AM987.jpg,3,C:\Users\한국전파진흥협회\Desktop\dataset\combined\images\scut_fbp5500\AM987.jpg
scut_fbp5500,AM988.jpg,3,C:\Users\한국전파진흥협회\Desktop\dataset\combined\images\scut_fbp5500\AM988.jpg
scut_fbp5500,AM989.jpg,3,C:\Users\한국전파진흥협회\Desktop\dataset\combined\images\scut_fbp5500\AM989.jpg
scut_fbp5500,AM990.jpg,3,C:\Users\한국전파진흥협회\Desktop\dataset\combined\images\scut_fbp5500\AM990.jpg
scut_fbp5500,AM991.jpg,2,C:\Users\한국전파진흥협회\Desktop\dataset\combined\images\scut_fbp5500\AM991.jpg
scut_fbp5500,AM992.jpg,3,C:\Users\한국전파진흥협회\Desktop\dataset\combined\images\scut_fbp5500\AM992.jpg
scut_fbp5500,AM993.jpg,2,C:\Users\한국전파진흥협회\Desktop\dataset\combined\images\scut_fbp5500\AM993.jpg
scut_fbp5500,AM994.jpg,3,C:\Users\한국전파진흥협회\Desktop\dataset\combined\images\scut_fbp5500\AM994.jpg
scut_fbp5500,AM995.jpg,3,C:\Users\한국전파진흥협회\Desktop\dataset\combined\images\scut_fbp5500\AM995.jpg
scut_fbp5500,AM996.jpg,2,C:\Users\한국전파진흥협회\Desktop\dataset\combined\images\scut_fbp5500\AM996.jpg
scut_fbp5500,AM997.jpg,3,C:\Users\한국전파진흥협회\Desktop\dataset\combined\images\scut_fbp5500\AM997.jpg
scut_fbp5500,AM998.jpg,3,C:\Users\한국전파진흥협회\Desktop\dataset\combined\images\scut_fbp5500\AM998.jpg
scut_fbp5500,AM999.jpg,2,C:\Users\한국전파진흥협회\Desktop\dataset\combined\images\scut_fbp5500\AM999.jpg
scut_fbp5500,AM1000.jpg,3,C:\Users\한국전파진흥협회\Desktop\dataset\combined\images\scut_fbp5500\AM1000.jpg
scut_fbp5500,AM1001.jpg,2,C:\Users\한국전파진흥협회\Desktop\dataset\combined\images\scut_fbp5500\AM1001.jpg
scut_fbp5500,AM1002.jpg,2,C:\Users\한국전파진흥협회\Desktop\dataset\combined\images\scut_fbp5500\AM1002.jpg
scut_fbp5500,AM1003.jpg,2,C:\Users\한국전파진흥협회\Desktop\dataset\combined\images\scut_fbp5500\AM1003.jpg
scut_fbp5500,AM1004.jpg,2,C:\Users\한국전파진흥협회\Desktop\dataset\combined\images\scut_fbp5500\AM1004.jpg
scut_fbp5500,AM1005.jpg,2,C:\Users\한국전파진흥협회\Desktop\dataset\combined\images\scut_fbp5500\AM1005.jpg
scut_fbp5500,AM1006.jpg,2,C:\Users\한국전파진흥협회\Desktop\dataset\combined\images\scut_fbp5500\AM1006.jpg
scut_fbp5500,AM1007.jpg,2,C:\Users\한국전파진흥협회\Desktop\dataset\combined\images\scut_fbp5500\AM1007.jpg
scut_fbp5500,AM1008.jpg,2,C:\Users\한국전파진흥협회\Desktop\dataset\combined\images\scut_fbp5500\AM1008.jpg
scut_fbp5500,AM1009.jpg,3,C:\Users\한국전파진흥협회\Desktop\dataset\combined\images\scut_fbp5500\AM1009.jpg
scut_fbp5500,AM1010.jpg,2,C:\Users\한국전파진흥협회\Desktop\dataset\combined\images\scut_fbp5500\AM1010.jpg
scut_fbp5500,AM1011.jpg,3,C:\Users\한국전파진흥협회\Desktop\dataset\combined\images\scut_fbp5500\AM1011.jpg
scut_fbp5500,AM1012.jpg,2,C:\Users\한국전파진흥협회\Desktop\dataset\combined\images\scut_fbp5500\AM1012.jpg
scut_fbp5500,AM1013.jpg,3,C:\Users\한국전파진흥협회\Desktop\dataset\combined\images\scut_fbp5500\AM1013.jpg
scut_fbp5500,AM1014.jpg,2,C:\Users\한국전파진흥협회\Desktop\dataset\combined\images\scut_fbp5500\AM1014.jpg
scut_fbp5500,AM1015.jpg,2,C:\Users\한국전파진흥협회\Desktop\dataset\combined\images\scut_fbp5500\AM1015.jpg
scut_fbp5500,AM1016.jpg,2,C:\Users\한국전파진흥협회\Desktop\dataset\combined\images\scut_fbp5500\AM1016.jpg
scut_fbp5500,AM1017.jpg,2,C:\Users\한국전파진흥협회\Desktop\dataset\combined\images\scut_fbp5500\AM1017.jpg
scut_fbp5500,AM1018.jpg,3,C:\Users\한국전파진흥협회\Desktop\dataset\combined\images\scut_fbp5500\AM1018.jpg
scut_fbp5500,AM1019.jpg,3,C:\Users\한국전파진흥협회\Desktop\dataset\combined\images\scut_fbp5500\AM1019.jpg
scut_fbp5500,AM1020.jpg,4,C:\Users\한국전파진흥협회\Desktop\dataset\combined\images\scut_fbp5500\AM1020.jpg
scut_fbp5500,AM1021.jpg,3,C:\Users\한국전파진흥협회\Desktop\dataset\combined\images\scut_fbp5500\AM1021.jpg
scut_fbp5500,AM1022.jpg,2,C:\Users\한국전파진흥협회\Desktop\dataset\combined\images\scut_fbp5500\AM1022.jpg
scut_fbp5500,AM1023.jpg,2,C:\Users\한국전파진흥협회\Desktop\dataset\combined\images\scut_fbp5500\AM1023.jpg
scut_fbp5500,AM1024.jpg,3,C:\Users\한국전파진흥협회\Desktop\dataset\combined\images\scut_fbp5500\AM1024.jpg
scut_fbp5500,AM1025.jpg,3,C:\Users\한국전파진흥협회\Desktop\dataset\combined\images\scut_fbp5500\AM1025.jpg
scut_fbp5500,AM1026.jpg,2,C:\Users\한국전파진흥협회\Desktop\dataset\combined\images\scut_fbp5500\AM1026.jpg
scut_fbp5500,AM1027.jpg,2,C:\Users\한국전파진흥협회\Desktop\dataset\combined\images\scut_fbp5500\AM1027.jpg
scut_fbp5500,AM1028.jpg,2,C:\Users\한국전파진흥협회\Desktop\dataset\combined\images\scut_fbp5500\AM1028.jpg
scut_fbp5500,AM1029.jpg,2,C:\Users\한국전파진흥협회\Desktop\dataset\combined\images\scut_fbp5500\AM1029.jpg
scut_fbp5500,AM1030.jpg,3,C:\Users\한국전파진흥협회\Desktop\dataset\combined\images\scut_fbp5500\AM1030.jpg
scut_fbp5500,AM1031.jpg,2,C:\Users\한국전파진흥협회\Desktop\dataset\combined\images\scut_fbp5500\AM1031.jpg
scut_fbp5500,AM1032.jpg,2,C:\Users\한국전파진흥협회\Desktop\dataset\combined\images\scut_fbp5500\AM1032.jpg
scut_fbp5500,AM1033.jpg,2,C:\Users\한국전파진흥협회\Desktop\dataset\combined\images\scut_fbp5500\AM1033.jpg
scut_fbp5500,AM1034.jpg,2,C:\Users\한국전파진흥협회\Desktop\dataset\combined\images\scut_fbp5500\AM1034.jpg
scut_fbp5500,AM1035.jpg,2,C:\Users\한국전파진흥협회\Desktop\dataset\combined\images\scut_fbp5500\AM1035.jpg
scut_fbp5500,AM1036.jpg,2,C:\Users\한국전파진흥협회\Desktop\dataset\combined\images\scut_fbp5500\AM1036.jpg
scut_fbp5500,AM1037.jpg,2,C:\Users\한국전파진흥협회\Desktop\dataset\combined\images\scut_fbp5500\AM1037.jpg
scut_fbp5500,AM1038.jpg,3,C:\Users\한국전파진흥협회\Desktop\dataset\combined\images\scut_fbp5500\AM1038.jpg
scut_fbp5500,AM1039.jpg,3,C:\Users\한국전파진흥협회\Desktop\dataset\combined\images\scut_fbp5500\AM1039.jpg
scut_fbp5500,AM1040.jpg,2,C:\Users\한국전파진흥협회\Desktop\dataset\combined\images\scut_fbp5500\AM1040.jpg
scut_fbp5500,AM1041.jpg,3,C:\Users\한국전파진흥협회\Desktop\dataset\combined\images\scut_fbp5500\AM1041.jpg
scut_fbp5500,AM1042.jpg,3,C:\Users\한국전파진흥협회\Desktop\dataset\combined\images\scut_fbp5500\AM1042.jpg
scut_fbp5500,AM1043.jpg,4,C:\Users\한국전파진흥협회\Desktop\dataset\combined\images\scut_fbp5500\AM1043.jpg
scut_fbp5500,AM1044.jpg,3,C:\Users\한국전파진흥협회\Desktop\dataset\combined\images\scut_fbp5500\AM1044.jpg
scut_fbp5500,AM1045.jpg,2,C:\Users\한국전파진흥협회\Desktop\dataset\combined\images\scut_fbp5500\AM1045.jpg
scut_fbp5500,AM1046.jpg,2,C:\Users\한국전파진흥협회\Desktop\dataset\combined\images\scut_fbp5500\AM1046.jpg
scut_fbp5500,AM1047.jpg,4,C:\Users\한국전파진흥협회\Desktop\dataset\combined\images\scut_fbp5500\AM1047.jpg
scut_fbp5500,AM1048.jpg,3,C:\Users\한국전파진흥협회\Desktop\dataset\combined\images\scut_fbp5500\AM1048.jpg
scut_fbp5500,AM1049.jpg,3,C:\Users\한국전파진흥협회\Desktop\dataset\combined\images\scut_fbp5500\AM1049.jpg
scut_fbp5500,AM1050.jpg,3,C:\Users\한국전파진흥협회\Desktop\dataset\combined\images\scut_fbp5500\AM1050.jpg
scut_fbp5500,AM1051.jpg,3,C:\Users\한국전파진흥협회\Desktop\dataset\combined\images\scut_fbp5500\AM1051.jpg
scut_fbp5500,AM1052.jpg,3,C:\Users\한국전파진흥협회\Desktop\dataset\combined\images\scut_fbp5500\AM1052.jpg
scut_fbp5500,AM1053.jpg,3,C:\Users\한국전파진흥협회\Desktop\dataset\combined\images\scut_fbp5500\AM1053.jpg
scut_fbp5500,AM1054.jpg,2,C:\Users\한국전파진흥협회\Desktop\dataset\combined\images\scut_fbp5500\AM1054.jpg
scut_fbp5500,AM1055.jpg,2,C:\Users\한국전파진흥협회\Desktop\dataset\combined\images\scut_fbp5500\AM1055.jpg
scut_fbp5500,AM1056.jpg,3,C:\Users\한국전파진흥협회\Desktop\dataset\combined\images\scut_fbp5500\AM1056.jpg
scut_fbp5500,AM1057.jpg,2,C:\Users\한국전파진흥협회\Desktop\dataset\combined\images\scut_fbp5500\AM1057.jpg
scut_fbp5500,AM1058.jpg,3,C:\Users\한국전파진흥협회\Desktop\dataset\combined\images\scut_fbp5500\AM1058.jpg
scut_fbp5500,AM1059.jpg,2,C:\Users\한국전파진흥협회\Desktop\dataset\combined\images\scut_fbp5500\AM1059.jpg
scut_fbp5500,AM1060.jpg,2,C:\Users\한국전파진흥협회\Desktop\dataset\combined\images\scut_fbp5500\AM1060.jpg
scut_fbp5500,AM1061.jpg,3,C:\Users\한국전파진흥협회\Desktop\dataset\combined\images\scut_fbp5500\AM1061.jpg
scut_fbp5500,AM1062.jpg,3,C:\Users\한국전파진흥협회\Desktop\dataset\combined\images\scut_fbp5500\AM1062.jpg
scut_fbp5500,AM1063.jpg,2,C:\Users\한국전파진흥협회\Desktop\dataset\combined\images\scut_fbp5500\AM1063.jpg
scut_fbp5500,AM1064.jpg,4,C:\Users\한국전파진흥협회\Desktop\dataset\combined\images\scut_fbp5500\AM1064.jpg
scut_fbp5500,AM1065.jpg,2,C:\Users\한국전파진흥협회\Desktop\dataset\combined\images\scut_fbp5500\AM1065.jpg
scut_fbp5500,AM1066.jpg,3,C:\Users\한국전파진흥협회\Desktop\dataset\combined\images\scut_fbp5500\AM1066.jpg
scut_fbp5500,AM1067.jpg,2,C:\Users\한국전파진흥협회\Desktop\dataset\combined\images\scut_fbp5500\AM1067.jpg
scut_fbp5500,AM1068.jpg,2,C:\Users\한국전파진흥협회\Desktop\dataset\combined\images\scut_fbp5500\AM1068.jpg
scut_fbp5500,AM1069.jpg,2,C:\Users\한국전파진흥협회\Desktop\dataset\combined\images\scut_fbp5500\AM1069.jpg
scut_fbp5500,AM1070.jpg,3,C:\Users\한국전파진흥협회\Desktop\dataset\combined\images\scut_fbp5500\AM1070.jpg
scut_fbp5500,AM1071.jpg,2,C:\Users\한국전파진흥협회\Desktop\dataset\combined\images\scut_fbp5500\AM1071.jpg
scut_fbp5500,AM1072.jpg,3,C:\Users\한국전파진흥협회\Desktop\dataset\combined\images\scut_fbp5500\AM1072.jpg
scut_fbp5500,AM1073.jpg,2,C:\Users\한국전파진흥협회\Desktop\dataset\combined\images\scut_fbp5500\AM1073.jpg
scut_fbp5500,AM1074.jpg,3,C:\Users\한국전파진흥협회\Desktop\dataset\combined\images\scut_fbp5500\AM1074.jpg
scut_fbp5500,AM1075.jpg,3,C:\Users\한국전파진흥협회\Desktop\dataset\combined\images\scut_fbp5500\AM1075.jpg
scut_fbp5500,AM1076.jpg,3,C:\Users\한국전파진흥협회\Desktop\dataset\combined\images\scut_fbp5500\AM1076.jpg
scut_fbp5500,AM1077.jpg,3,C:\Users\한국전파진흥협회\Desktop\dataset\combined\images\scut_fbp5500\AM1077.jpg
scut_fbp5500,AM1078.jpg,2,C:\Users\한국전파진흥협회\Desktop\dataset\combined\images\scut_fbp5500\AM1078.jpg
scut_fbp5500,AM1079.jpg,2,C:\Users\한국전파진흥협회\Desktop\dataset\combined\images\scut_fbp5500\AM1079.jpg
scut_fbp5500,AM1080.jpg,3,C:\Users\한국전파진흥협회\Desktop\dataset\combined\images\scut_fbp5500\AM1080.jpg
scut_fbp5500,AM1081.jpg,2,C:\Users\한국전파진흥협회\Desktop\dataset\combined\images\scut_fbp5500\AM1081.jpg
scut_fbp5500,AM1082.jpg,2,C:\Users\한국전파진흥협회\Desktop\dataset\combined\images\scut_fbp5500\AM1082.jpg
scut_fbp5500,AM1083.jpg,3,C:\Users\한국전파진흥협회\Desktop\dataset\combined\images\scut_fbp5500\AM1083.jpg
scut_fbp5500,AM1084.jpg,2,C:\Users\한국전파진흥협회\Desktop\dataset\combined\images\scut_fbp5500\AM1084.jpg
scut_fbp5500,AM1085.jpg,3,C:\Users\한국전파진흥협회\Desktop\dataset\combined\images\scut_fbp5500\AM1085.jpg
scut_fbp5500,AM1086.jpg,3,C:\Users\한국전파진흥협회\Desktop\dataset\combined\images\scut_fbp5500\AM1086.jpg
scut_fbp5500,AM1087.jpg,2,C:\Users\한국전파진흥협회\Desktop\dataset\combined\images\scut_fbp5500\AM1087.jpg
scut_fbp5500,AM1088.jpg,2,C:\Users\한국전파진흥협회\Desktop\dataset\combined\images\scut_fbp5500\AM1088.jpg
scut_fbp5500,AM1089.jpg,2,C:\Users\한국전파진흥협회\Desktop\dataset\combined\images\scut_fbp5500\AM1089.jpg
scut_fbp5500,AM1090.jpg,2,C:\Users\한국전파진흥협회\Desktop\dataset\combined\images\scut_fbp5500\AM1090.jpg
scut_fbp5500,AM1091.jpg,2,C:\Users\한국전파진흥협회\Desktop\dataset\combined\images\scut_fbp5500\AM1091.jpg
scut_fbp5500,AM1092.jpg,3,C:\Users\한국전파진흥협회\Desktop\dataset\combined\images\scut_fbp5500\AM1092.jpg
scut_fbp5500,AM1093.jpg,3,C:\Users\한국전파진흥협회\Desktop\dataset\combined\images\scut_fbp5500\AM1093.jpg
scut_fbp5500,AM1094.jpg,3,C:\Users\한국전파진흥협회\Desktop\dataset\combined\images\scut_fbp5500\AM1094.jpg
scut_fbp5500,AM1095.jpg,4,C:\Users\한국전파진흥협회\Desktop\dataset\combined\images\scut_fbp5500\AM1095.jpg
scut_fbp5500,AM1096.jpg,3,C:\Users\한국전파진흥협회\Desktop\dataset\combined\images\scut_fbp5500\AM1096.jpg
scut_fbp5500,AM1097.jpg,2,C:\Users\한국전파진흥협회\Desktop\dataset\combined\images\scut_fbp5500\AM1097.jpg
scut_fbp5500,AM1098.jpg,3,C:\Users\한국전파진흥협회\Desktop\dataset\combined\images\scut_fbp5500\AM1098.jpg
scut_fbp5500,AM1099.jpg,3,C:\Users\한국전파진흥협회\Desktop\dataset\combined\images\scut_fbp5500\AM1099.jpg
scut_fbp5500,AM1100.jpg,2,C:\Users\한국전파진흥협회\Desktop\dataset\combined\images\scut_fbp5500\AM1100.jpg
scut_fbp5500,AM1101.jpg,2,C:\Users\한국전파진흥협회\Desktop\dataset\combined\images\scut_fbp5500\AM1101.jpg
scut_fbp5500,AM1102.jpg,2,C:\Users\한국전파진흥협회\Desktop\dataset\combined\images\scut_fbp5500\AM1102.jpg
scut_fbp5500,AM1103.jpg,3,C:\Users\한국전파진흥협회\Desktop\dataset\combined\images\scut_fbp5500\AM1103.jpg
scut_fbp5500,AM1104.jpg,2,C:\Users\한국전파진흥협회\Desktop\dataset\combined\images\scut_fbp5500\AM1104.jpg
scut_fbp5500,AM1105.jpg,2,C:\Users\한국전파진흥협회\Desktop\dataset\combined\images\scut_fbp5500\AM1105.jpg
scut_fbp5500,AM1106.jpg,2,C:\Users\한국전파진흥협회\Desktop\dataset\combined\images\scut_fbp5500\AM1106.jpg
scut_fbp5500,AM1107.jpg,2,C:\Users\한국전파진흥협회\Desktop\dataset\combined\images\scut_fbp5500\AM1107.jpg
scut_fbp5500,AM1108.jpg,3,C:\Users\한국전파진흥협회\Desktop\dataset\combined\images\scut_fbp5500\AM1108.jpg
scut_fbp5500,AM1109.jpg,2,C:\Users\한국전파진흥협회\Desktop\dataset\combined\images\scut_fbp5500\AM1109.jpg
scut_fbp5500,AM1110.jpg,3,C:\Users\한국전파진흥협회\Desktop\dataset\combined\images\scut_fbp5500\AM1110.jpg
scut_fbp5500,AM1111.jpg,2,C:\Users\한국전파진흥협회\Desktop\dataset\combined\images\scut_fbp5500\AM1111.jpg
scut_fbp5500,AM1112.jpg,3,C:\Users\한국전파진흥협회\Desktop\dataset\combined\images\scut_fbp5500\AM1112.jpg
scut_fbp5500,AM1113.jpg,3,C:\Users\한국전파진흥협회\Desktop\dataset\combined\images\scut_fbp5500\AM1113.jpg
scut_fbp5500,AM1114.jpg,3,C:\Users\한국전파진흥협회\Desktop\dataset\combined\images\scut_fbp5500\AM1114.jpg
scut_fbp5500,AM1115.jpg,3,C:\Users\한국전파진흥협회\Desktop\dataset\combined\images\scut_fbp5500\AM1115.jpg
scut_fbp5500,AM1116.jpg,3,C:\Users\한국전파진흥협회\Desktop\dataset\combined\images\scut_fbp5500\AM1116.jpg
scut_fbp5500,AM1117.jpg,3,C:\Users\한국전파진흥협회\Desktop\dataset\combined\images\scut_fbp5500\AM1117.jpg
scut_fbp5500,AM1118.jpg,2,C:\Users\한국전파진흥협회\Desktop\dataset\combined\images\scut_fbp5500\AM1118.jpg
scut_fbp5500,AM1119.jpg,3,C:\Users\한국전파진흥협회\Desktop\dataset\combined\images\scut_fbp5500\AM1119.jpg
scut_fbp5500,AM1120.jpg,3,C:\Users\한국전파진흥협회\Desktop\dataset\combined\images\scut_fbp5500\AM1120.jpg
scut_fbp5500,AM1121.jpg,3,C:\Users\한국전파진흥협회\Desktop\dataset\combined\images\scut_fbp5500\AM1121.jpg
scut_fbp5500,AM1122.jpg,2,C:\Users\한국전파진흥협회\Desktop\dataset\combined\images\scut_fbp5500\AM1122.jpg
scut_fbp5500,AM1123.jpg,2,C:\Users\한국전파진흥협회\Desktop\dataset\combined\images\scut_fbp5500\AM1123.jpg
scut_fbp5500,AM1124.jpg,2,C:\Users\한국전파진흥협회\Desktop\dataset\combined\images\scut_fbp5500\AM1124.jpg
scut_fbp5500,AM1125.jpg,2,C:\Users\한국전파진흥협회\Desktop\dataset\combined\images\scut_fbp5500\AM1125.jpg
scut_fbp5500,AM1126.jpg,2,C:\Users\한국전파진흥협회\Desktop\dataset\combined\images\scut_fbp5500\AM1126.jpg
scut_fbp5500,AM1127.jpg,3,C:\Users\한국전파진흥협회\Desktop\dataset\combined\images\scut_fbp5500\AM1127.jpg
scut_fbp5500,AM1128.jpg,3,C:\Users\한국전파진흥협회\Desktop\dataset\combined\images\scut_fbp5500\AM1128.jpg
scut_fbp5500,AM1129.jpg,2,C:\Users\한국전파진흥협회\Desktop\dataset\combined\images\scut_fbp5500\AM1129.jpg
scut_fbp5500,AM1130.jpg,2,C:\Users\한국전파진흥협회\Desktop\dataset\combined\images\scut_fbp5500\AM1130.jpg
scut_fbp5500,AM1131.jpg,2,C:\Users\한국전파진흥협회\Desktop\dataset\combined\images\scut_fbp5500\AM1131.jpg
scut_fbp5500,AM1132.jpg,2,C:\Users\한국전파진흥협회\Desktop\dataset\combined\images\scut_fbp5500\AM1132.jpg
scut_fbp5500,AM1133.jpg,3,C:\Users\한국전파진흥협회\Desktop\dataset\combined\images\scut_fbp5500\AM1133.jpg
scut_fbp5500,AM1134.jpg,3,C:\Users\한국전파진흥협회\Desktop\dataset\combined\images\scut_fbp5500\AM1134.jpg
scut_fbp5500,AM1135.jpg,2,C:\Users\한국전파진흥협회\Desktop\dataset\combined\images\scut_fbp5500\AM1135.jpg
scut_fbp5500,AM1136.jpg,3,C:\Users\한국전파진흥협회\Desktop\dataset\combined\images\scut_fbp5500\AM1136.jpg
scut_fbp5500,AM1137.jpg,3,C:\Users\한국전파진흥협회\Desktop\dataset\combined\images\scut_fbp5500\AM1137.jpg
scut_fbp5500,AM1138.jpg,3,C:\Users\한국전파진흥협회\Desktop\dataset\combined\images\scut_fbp5500\AM1138.jpg
scut_fbp5500,AM1139.jpg,2,C:\Users\한국전파진흥협회\Desktop\dataset\combined\images\scut_fbp5500\AM1139.jpg
scut_fbp5500,AM1140.jpg,3,C:\Users\한국전파진흥협회\Desktop\dataset\combined\images\scut_fbp5500\AM1140.jpg
scut_fbp5500,AM1141.jpg,3,C:\Users\한국전파진흥협회\Desktop\dataset\combined\images\scut_fbp5500\AM1141.jpg
scut_fbp5500,AM1142.jpg,2,C:\Users\한국전파진흥협회\Desktop\dataset\combined\images\scut_fbp5500\AM1142.jpg
scut_fbp5500,AM1143.jpg,2,C:\Users\한국전파진흥협회\Desktop\dataset\combined\images\scut_fbp5500\AM1143.jpg
scut_fbp5500,AM1144.jpg,2,C:\Users\한국전파진흥협회\Desktop\dataset\combined\images\scut_fbp5500\AM1144.jpg
scut_fbp5500,AM1145.jpg,4,C:\Users\한국전파진흥협회\Desktop\dataset\combined\images\scut_fbp5500\AM1145.jpg
scut_fbp5500,AM1146.jpg,3,C:\Users\한국전파진흥협회\Desktop\dataset\combined\images\scut_fbp5500\AM1146.jpg
scut_fbp5500,AM1147.jpg,3,C:\Users\한국전파진흥협회\Desktop\dataset\combined\images\scut_fbp5500\AM1147.jpg
scut_fbp5500,AM1148.jpg,3,C:\Users\한국전파진흥협회\Desktop\dataset\combined\images\scut_fbp5500\AM1148.jpg
scut_fbp5500,AM1149.jpg,2,C:\Users\한국전파진흥협회\Desktop\dataset\combined\images\scut_fbp5500\AM1149.jpg
scut_fbp5500,AM1150.jpg,2,C:\Users\한국전파진흥협회\Desktop\dataset\combined\images\scut_fbp5500\AM1150.jpg
scut_fbp5500,AM1151.jpg,3,C:\Users\한국전파진흥협회\Desktop\dataset\combined\images\scut_fbp5500\AM1151.jpg
scut_fbp5500,AM1152.jpg,2,C:\Users\한국전파진흥협회\Desktop\dataset\combined\images\scut_fbp5500\AM1152.jpg
scut_fbp5500,AM1153.jpg,2,C:\Users\한국전파진흥협회\Desktop\dataset\combined\images\scut_fbp5500\AM1153.jpg
scut_fbp5500,AM1154.jpg,3,C:\Users\한국전파진흥협회\Desktop\dataset\combined\images\scut_fbp5500\AM1154.jpg
scut_fbp5500,AM1155.jpg,3,C:\Users\한국전파진흥협회\Desktop\dataset\combined\images\scut_fbp5500\AM1155.jpg
scut_fbp5500,AM1156.jpg,3,C:\Users\한국전파진흥협회\Desktop\dataset\combined\images\scut_fbp5500\AM1156.jpg
scut_fbp5500,AM1157.jpg,3,C:\Users\한국전파진흥협회\Desktop\dataset\combined\images\scut_fbp5500\AM1157.jpg
scut_fbp5500,AM1158.jpg,3,C:\Users\한국전파진흥협회\Desktop\dataset\combined\images\scut_fbp5500\AM1158.jpg
scut_fbp5500,AM1159.jpg,3,C:\Users\한국전파진흥협회\Desktop\dataset\combined\images\scut_fbp5500\AM1159.jpg
scut_fbp5500,AM1160.jpg,2,C:\Users\한국전파진흥협회\Desktop\dataset\combined\images\scut_fbp5500\AM1160.jpg
scut_fbp5500,AM1161.jpg,3,C:\Users\한국전파진흥협회\Desktop\dataset\combined\images\scut_fbp5500\AM1161.jpg
scut_fbp5500,AM1162.jpg,4,C:\Users\한국전파진흥협회\Desktop\dataset\combined\images\scut_fbp5500\AM1162.jpg
scut_fbp5500,AM1163.jpg,3,C:\Users\한국전파진흥협회\Desktop\dataset\combined\images\scut_fbp5500\AM1163.jpg
scut_fbp5500,AM1164.jpg,3,C:\Users\한국전파진흥협회\Desktop\dataset\combined\images\scut_fbp5500\AM1164.jpg
scut_fbp5500,AM1165.jpg,3,C:\Users\한국전파진흥협회\Desktop\dataset\combined\images\scut_fbp5500\AM1165.jpg
scut_fbp5500,AM1166.jpg,2,C:\Users\한국전파진흥협회\Desktop\dataset\combined\images\scut_fbp5500\AM1166.jpg
scut_fbp5500,AM1167.jpg,3,C:\Users\한국전파진흥협회\Desktop\dataset\combined\images\scut_fbp5500\AM1167.jpg
scut_fbp5500,AM1168.jpg,2,C:\Users\한국전파진흥협회\Desktop\dataset\combined\images\scut_fbp5500\AM1168.jpg
scut_fbp5500,AM1169.jpg,2,C:\Users\한국전파진흥협회\Desktop\dataset\combined\images\scut_fbp5500\AM1169.jpg
scut_fbp5500,AM1170.jpg,2,C:\Users\한국전파진흥협회\Desktop\dataset\combined\images\scut_fbp5500\AM1170.jpg
scut_fbp5500,AM1171.jpg,2,C:\Users\한국전파진흥협회\Desktop\dataset\combined\images\scut_fbp5500\AM1171.jpg
scut_fbp5500,AM1172.jpg,2,C:\Users\한국전파진흥협회\Desktop\dataset\combined\images\scut_fbp5500\AM1172.jpg
scut_fbp5500,AM1173.jpg,2,C:\Users\한국전파진흥협회\Desktop\dataset\combined\images\scut_fbp5500\AM1173.jpg
scut_fbp5500,AM1174.jpg,2,C:\Users\한국전파진흥협회\Desktop\dataset\combined\images\scut_fbp5500\AM1174.jpg
scut_fbp5500,AM1175.jpg,3,C:\Users\한국전파진흥협회\Desktop\dataset\combined\images\scut_fbp5500\AM1175.jpg
scut_fbp5500,AM1176.jpg,2,C:\Users\한국전파진흥협회\Desktop\dataset\combined\images\scut_fbp5500\AM1176.jpg
scut_fbp5500,AM1177.jpg,2,C:\Users\한국전파진흥협회\Desktop\dataset\combined\images\scut_fbp5500\AM1177.jpg
scut_fbp5500,AM1178.jpg,2,C:\Users\한국전파진흥협회\Desktop\dataset\combined\images\scut_fbp5500\AM1178.jpg
scut_fbp5500,AM1179.jpg,3,C:\Users\한국전파진흥협회\Desktop\dataset\combined\images\scut_fbp5500\AM1179.jpg
scut_fbp5500,AM1180.jpg,3,C:\Users\한국전파진흥협회\Desktop\dataset\combined\images\scut_fbp5500\AM1180.jpg
scut_fbp5500,AM1181.jpg,2,C:\Users\한국전파진흥협회\Desktop\dataset\combined\images\scut_fbp5500\AM1181.jpg
scut_fbp5500,AM1182.jpg,2,C:\Users\한국전파진흥협회\Desktop\dataset\combined\images\scut_fbp5500\AM1182.jpg
scut_fbp5500,AM1183.jpg,3,C:\Users\한국전파진흥협회\Desktop\dataset\combined\images\scut_fbp5500\AM1183.jpg
scut_fbp5500,AM1184.jpg,3,C:\Users\한국전파진흥협회\Desktop\dataset\combined\images\scut_fbp5500\AM1184.jpg
scut_fbp5500,AM1185.jpg,3,C:\Users\한국전파진흥협회\Desktop\dataset\combined\images\scut_fbp5500\AM1185.jpg
scut_fbp5500,AM1186.jpg,2,C:\Users\한국전파진흥협회\Desktop\dataset\combined\images\scut_fbp5500\AM1186.jpg
scut_fbp5500,AM1187.jpg,3,C:\Users\한국전파진흥협회\Desktop\dataset\combined\images\scut_fbp5500\AM1187.jpg
scut_fbp5500,AM1188.jpg,2,C:\Users\한국전파진흥협회\Desktop\dataset\combined\images\scut_fbp5500\AM1188.jpg
scut_fbp5500,AM1189.jpg,2,C:\Users\한국전파진흥협회\Desktop\dataset\combined\images\scut_fbp5500\AM1189.jpg
scut_fbp5500,AM1190.jpg,3,C:\Users\한국전파진흥협회\Desktop\dataset\combined\images\scut_fbp5500\AM1190.jpg
scut_fbp5500,AM1191.jpg,3,C:\Users\한국전파진흥협회\Desktop\dataset\combined\images\scut_fbp5500\AM1191.jpg
scut_fbp5500,AM1192.jpg,3,C:\Users\한국전파진흥협회\Desktop\dataset\combined\images\scut_fbp5500\AM1192.jpg
scut_fbp5500,AM1193.jpg,3,C:\Users\한국전파진흥협회\Desktop\dataset\combined\images\scut_fbp5500\AM1193.jpg
scut_fbp5500,AM1194.jpg,3,C:\Users\한국전파진흥협회\Desktop\dataset\combined\images\scut_fbp5500\AM1194.jpg
scut_fbp5500,AM1195.jpg,2,C:\Users\한국전파진흥협회\Desktop\dataset\combined\images\scut_fbp5500\AM1195.jpg
scut_fbp5500,AM1196.jpg,2,C:\Users\한국전파진흥협회\Desktop\dataset\combined\images\scut_fbp5500\AM1196.jpg
scut_fbp5500,AM1197.jpg,2,C:\Users\한국전파진흥협회\Desktop\dataset\combined\images\scut_fbp5500\AM1197.jpg
scut_fbp5500,AM1198.jpg,3,C:\Users\한국전파진흥협회\Desktop\dataset\combined\images\scut_fbp5500\AM1198.jpg
scut_fbp5500,AM1199.jpg,3,C:\Users\한국전파진흥협회\Desktop\dataset\combined\images\scut_fbp5500\AM1199.jpg
scut_fbp5500,AM1200.jpg,3,C:\Users\한국전파진흥협회\Desktop\dataset\combined\images\scut_fbp5500\AM1200.jpg
scut_fbp5500,AM1201.jpg,2,C:\Users\한국전파진흥협회\Desktop\dataset\combined\images\scut_fbp5500\AM1201.jpg
scut_fbp5500,AM1202.jpg,3,C:\Users\한국전파진흥협회\Desktop\dataset\combined\images\scut_fbp5500\AM1202.jpg
scut_fbp5500,AM1203.jpg,3,C:\Users\한국전파진흥협회\Desktop\dataset\combined\images\scut_fbp5500\AM1203.jpg
scut_fbp5500,AM1204.jpg,3,C:\Users\한국전파진흥협회\Desktop\dataset\combined\images\scut_fbp5500\AM1204.jpg
scut_fbp5500,AM1205.jpg,3,C:\Users\한국전파진흥협회\Desktop\dataset\combined\images\scut_fbp5500\AM1205.jpg
scut_fbp5500,AM1206.jpg,2,C:\Users\한국전파진흥협회\Desktop\dataset\combined\images\scut_fbp5500\AM1206.jpg
scut_fbp5500,AM1207.jpg,2,C:\Users\한국전파진흥협회\Desktop\dataset\combined\images\scut_fbp5500\AM1207.jpg
scut_fbp5500,AM1208.jpg,2,C:\Users\한국전파진흥협회\Desktop\dataset\combined\images\scut_fbp5500\AM1208.jpg
scut_fbp5500,AM1209.jpg,2,C:\Users\한국전파진흥협회\Desktop\dataset\combined\images\scut_fbp5500\AM1209.jpg
scut_fbp5500,AM1210.jpg,2,C:\Users\한국전파진흥협회\Desktop\dataset\combined\images\scut_fbp5500\AM1210.jpg
scut_fbp5500,AM1211.jpg,2,C:\Users\한국전파진흥협회\Desktop\dataset\combined\images\scut_fbp5500\AM1211.jpg
scut_fbp5500,AM1212.jpg,2,C:\Users\한국전파진흥협회\Desktop\dataset\combined\images\scut_fbp5500\AM1212.jpg
scut_fbp5500,AM1213.jpg,2,C:\Users\한국전파진흥협회\Desktop\dataset\combined\images\scut_fbp5500\AM1213.jpg
scut_fbp5500,AM1214.jpg,3,C:\Users\한국전파진흥협회\Desktop\dataset\combined\images\scut_fbp5500\AM1214.jpg
scut_fbp5500,AM1215.jpg,2,C:\Users\한국전파진흥협회\Desktop\dataset\combined\images\scut_fbp5500\AM1215.jpg
scut_fbp5500,AM1216.jpg,2,C:\Users\한국전파진흥협회\Desktop\dataset\combined\images\scut_fbp5500\AM1216.jpg
scut_fbp5500,AM1217.jpg,3,C:\Users\한국전파진흥협회\Desktop\dataset\combined\images\scut_fbp5500\AM1217.jpg
scut_fbp5500,AM1218.jpg,4,C:\Users\한국전파진흥협회\Desktop\dataset\combined\images\scut_fbp5500\AM1218.jpg
scut_fbp5500,AM1219.jpg,3,C:\Users\한국전파진흥협회\Desktop\dataset\combined\images\scut_fbp5500\AM1219.jpg
scut_fbp5500,AM1220.jpg,2,C:\Users\한국전파진흥협회\Desktop\dataset\combined\images\scut_fbp5500\AM1220.jpg
scut_fbp5500,AM1221.jpg,3,C:\Users\한국전파진흥협회\Desktop\dataset\combined\images\scut_fbp5500\AM1221.jpg
scut_fbp5500,AM1222.jpg,3,C:\Users\한국전파진흥협회\Desktop\dataset\combined\images\scut_fbp5500\AM1222.jpg
scut_fbp5500,AM1223.jpg,3,C:\Users\한국전파진흥협회\Desktop\dataset\combined\images\scut_fbp5500\AM1223.jpg
scut_fbp5500,AM1224.jpg,3,C:\Users\한국전파진흥협회\Desktop\dataset\combined\images\scut_fbp5500\AM1224.jpg
scut_fbp5500,AM1225.jpg,2,C:\Users\한국전파진흥협회\Desktop\dataset\combined\images\scut_fbp5500\AM1225.jpg
scut_fbp5500,AM1226.jpg,3,C:\Users\한국전파진흥협회\Desktop\dataset\combined\images\scut_fbp5500\AM1226.jpg
scut_fbp5500,AM1227.jpg,2,C:\Users\한국전파진흥협회\Desktop\dataset\combined\images\scut_fbp5500\AM1227.jpg
scut_fbp5500,AM1228.jpg,2,C:\Users\한국전파진흥협회\Desktop\dataset\combined\images\scut_fbp5500\AM1228.jpg
scut_fbp5500,AM1229.jpg,3,C:\Users\한국전파진흥협회\Desktop\dataset\combined\images\scut_fbp5500\AM1229.jpg
scut_fbp5500,AM1230.jpg,3,C:\Users\한국전파진흥협회\Desktop\dataset\combined\images\scut_fbp5500\AM1230.jpg
scut_fbp5500,AM1231.jpg,2,C:\Users\한국전파진흥협회\Desktop\dataset\combined\images\scut_fbp5500\AM1231.jpg
scut_fbp5500,AM1232.jpg,2,C:\Users\한국전파진흥협회\Desktop\dataset\combined\images\scut_fbp5500\AM1232.jpg
scut_fbp5500,AM1233.jpg,3,C:\Users\한국전파진흥협회\Desktop\dataset\combined\images\scut_fbp5500\AM1233.jpg
scut_fbp5500,AM1234.jpg,2,C:\Users\한국전파진흥협회\Desktop\dataset\combined\images\scut_fbp5500\AM1234.jpg
scut_fbp5500,AM1235.jpg,2,C:\Users\한국전파진흥협회\Desktop\dataset\combined\images\scut_fbp5500\AM1235.jpg
scut_fbp5500,AM1236.jpg,2,C:\Users\한국전파진흥협회\Desktop\dataset\combined\images\scut_fbp5500\AM1236.jpg
scut_fbp5500,AM1237.jpg,3,C:\Users\한국전파진흥협회\Desktop\dataset\combined\images\scut_fbp5500\AM1237.jpg
scut_fbp5500,AM1238.jpg,3,C:\Users\한국전파진흥협회\Desktop\dataset\combined\images\scut_fbp5500\AM1238.jpg
scut_fbp5500,AM1239.jpg,3,C:\Users\한국전파진흥협회\Desktop\dataset\combined\images\scut_fbp5500\AM1239.jpg
scut_fbp5500,AM1240.jpg,2,C:\Users\한국전파진흥협회\Desktop\dataset\combined\images\scut_fbp5500\AM1240.jpg
scut_fbp5500,AM1241.jpg,2,C:\Users\한국전파진흥협회\Desktop\dataset\combined\images\scut_fbp5500\AM1241.jpg
scut_fbp5500,AM1242.jpg,2,C:\Users\한국전파진흥협회\Desktop\dataset\combined\images\scut_fbp5500\AM1242.jpg
scut_fbp5500,AM1243.jpg,3,C:\Users\한국전파진흥협회\Desktop\dataset\combined\images\scut_fbp5500\AM1243.jpg
scut_fbp5500,AM1244.jpg,2,C:\Users\한국전파진흥협회\Desktop\dataset\combined\images\scut_fbp5500\AM1244.jpg
scut_fbp5500,AM1245.jpg,3,C:\Users\한국전파진흥협회\Desktop\dataset\combined\images\scut_fbp5500\AM1245.jpg
scut_fbp5500,AM1246.jpg,3,C:\Users\한국전파진흥협회\Desktop\dataset\combined\images\scut_fbp5500\AM1246.jpg
scut_fbp5500,AM1247.jpg,2,C:\Users\한국전파진흥협회\Desktop\dataset\combined\images\scut_fbp5500\AM1247.jpg
scut_fbp5500,AM1248.jpg,3,C:\Users\한국전파진흥협회\Desktop\dataset\combined\images\scut_fbp5500\AM1248.jpg
scut_fbp5500,AM1249.jpg,2,C:\Users\한국전파진흥협회\Desktop\dataset\combined\images\scut_fbp5500\AM1249.jpg
scut_fbp5500,AM1250.jpg,3,C:\Users\한국전파진흥협회\Desktop\dataset\combined\images\scut_fbp5500\AM1250.jpg
scut_fbp5500,AM1251.jpg,3,C:\Users\한국전파진흥협회\Desktop\dataset\combined\images\scut_fbp5500\AM1251.jpg
scut_fbp5500,AM1252.jpg,2,C:\Users\한국전파진흥협회\Desktop\dataset\combined\images\scut_fbp5500\AM1252.jpg
scut_fbp5500,AM1253.jpg,2,C:\Users\한국전파진흥협회\Desktop\dataset\combined\images\scut_fbp5500\AM1253.jpg
scut_fbp5500,AM1254.jpg,2,C:\Users\한국전파진흥협회\Desktop\dataset\combined\images\scut_fbp5500\AM1254.jpg
scut_fbp5500,AM1255.jpg,2,C:\Users\한국전파진흥협회\Desktop\dataset\combined\images\scut_fbp5500\AM1255.jpg
scut_fbp5500,AM1256.jpg,3,C:\Users\한국전파진흥협회\Desktop\dataset\combined\images\scut_fbp5500\AM1256.jpg
scut_fbp5500,AM1257.jpg,3,C:\Users\한국전파진흥협회\Desktop\dataset\combined\images\scut_fbp5500\AM1257.jpg
scut_fbp5500,AM1258.jpg,3,C:\Users\한국전파진흥협회\Desktop\dataset\combined\images\scut_fbp5500\AM1258.jpg
scut_fbp5500,AM1259.jpg,3,C:\Users\한국전파진흥협회\Desktop\dataset\combined\images\scut_fbp5500\AM1259.jpg
scut_fbp5500,AM1260.jpg,3,C:\Users\한국전파진흥협회\Desktop\dataset\combined\images\scut_fbp5500\AM1260.jpg
scut_fbp5500,AM1261.jpg,3,C:\Users\한국전파진흥협회\Desktop\dataset\combined\images\scut_fbp5500\AM1261.jpg
scut_fbp5500,AM1262.jpg,3,C:\Users\한국전파진흥협회\Desktop\dataset\combined\images\scut_fbp5500\AM1262.jpg
scut_fbp5500,AM1263.jpg,2,C:\Users\한국전파진흥협회\Desktop\dataset\combined\images\scut_fbp5500\AM1263.jpg
scut_fbp5500,AM1264.jpg,3,C:\Users\한국전파진흥협회\Desktop\dataset\combined\images\scut_fbp5500\AM1264.jpg
scut_fbp5500,AM1265.jpg,2,C:\Users\한국전파진흥협회\Desktop\dataset\combined\images\scut_fbp5500\AM1265.jpg
scut_fbp5500,AM1266.jpg,3,C:\Users\한국전파진흥협회\Desktop\dataset\combined\images\scut_fbp5500\AM1266.jpg
scut_fbp5500,AM1267.jpg,2,C:\Users\한국전파진흥협회\Desktop\dataset\combined\images\scut_fbp5500\AM1267.jpg
scut_fbp5500,AM1268.jpg,2,C:\Users\한국전파진흥협회\Desktop\dataset\combined\images\scut_fbp5500\AM1268.jpg
scut_fbp5500,AM1269.jpg,2,C:\Users\한국전파진흥협회\Desktop\dataset\combined\images\scut_fbp5500\AM1269.jpg
scut_fbp5500,AM1270.jpg,2,C:\Users\한국전파진흥협회\Desktop\dataset\combined\images\scut_fbp5500\AM1270.jpg
scut_fbp5500,AM1271.jpg,2,C:\Users\한국전파진흥협회\Desktop\dataset\combined\images\scut_fbp5500\AM1271.jpg
scut_fbp5500,AM1272.jpg,2,C:\Users\한국전파진흥협회\Desktop\dataset\combined\images\scut_fbp5500\AM1272.jpg
scut_fbp5500,AM1273.jpg,3,C:\Users\한국전파진흥협회\Desktop\dataset\combined\images\scut_fbp5500\AM1273.jpg
scut_fbp5500,AM1274.jpg,3,C:\Users\한국전파진흥협회\Desktop\dataset\combined\images\scut_fbp5500\AM1274.jpg
scut_fbp5500,AM1275.jpg,2,C:\Users\한국전파진흥협회\Desktop\dataset\combined\images\scut_fbp5500\AM1275.jpg
scut_fbp5500,AM1276.jpg,2,C:\Users\한국전파진흥협회\Desktop\dataset\combined\images\scut_fbp5500\AM1276.jpg
scut_fbp5500,AM1277.jpg,2,C:\Users\한국전파진흥협회\Desktop\dataset\combined\images\scut_fbp5500\AM1277.jpg
scut_fbp5500,AM1278.jpg,2,C:\Users\한국전파진흥협회\Desktop\dataset\combined\images\scut_fbp5500\AM1278.jpg
scut_fbp5500,AM1279.jpg,3,C:\Users\한국전파진흥협회\Desktop\dataset\combined\images\scut_fbp5500\AM1279.jpg
scut_fbp5500,AM1280.jpg,3,C:\Users\한국전파진흥협회\Desktop\dataset\combined\images\scut_fbp5500\AM1280.jpg
scut_fbp5500,AM1281.jpg,2,C:\Users\한국전파진흥협회\Desktop\dataset\combined\images\scut_fbp5500\AM1281.jpg
scut_fbp5500,AM1282.jpg,2,C:\Users\한국전파진흥협회\Desktop\dataset\combined\images\scut_fbp5500\AM1282.jpg
scut_fbp5500,AM1283.jpg,3,C:\Users\한국전파진흥협회\Desktop\dataset\combined\images\scut_fbp5500\AM1283.jpg
scut_fbp5500,AM1284.jpg,2,C:\Users\한국전파진흥협회\Desktop\dataset\combined\images\scut_fbp5500\AM1284.jpg
scut_fbp5500,AM1285.jpg,2,C:\Users\한국전파진흥협회\Desktop\dataset\combined\images\scut_fbp5500\AM1285.jpg
scut_fbp5500,AM1286.jpg,3,C:\Users\한국전파진흥협회\Desktop\dataset\combined\images\scut_fbp5500\AM1286.jpg
scut_fbp5500,AM1287.jpg,2,C:\Users\한국전파진흥협회\Desktop\dataset\combined\images\scut_fbp5500\AM1287.jpg
scut_fbp5500,AM1288.jpg,2,C:\Users\한국전파진흥협회\Desktop\dataset\combined\images\scut_fbp5500\AM1288.jpg
scut_fbp5500,AM1289.jpg,3,C:\Users\한국전파진흥협회\Desktop\dataset\combined\images\scut_fbp5500\AM1289.jpg
scut_fbp5500,AM1290.jpg,2,C:\Users\한국전파진흥협회\Desktop\dataset\combined\images\scut_fbp5500\AM1290.jpg
scut_fbp5500,AM1291.jpg,2,C:\Users\한국전파진흥협회\Desktop\dataset\combined\images\scut_fbp5500\AM1291.jpg
scut_fbp5500,AM1292.jpg,3,C:\Users\한국전파진흥협회\Desktop\dataset\combined\images\scut_fbp5500\AM1292.jpg
scut_fbp5500,AM1293.jpg,3,C:\Users\한국전파진흥협회\Desktop\dataset\combined\images\scut_fbp5500\AM1293.jpg
scut_fbp5500,AM1294.jpg,2,C:\Users\한국전파진흥협회\Desktop\dataset\combined\images\scut_fbp5500\AM1294.jpg
scut_fbp5500,AM1295.jpg,2,C:\Users\한국전파진흥협회\Desktop\dataset\combined\images\scut_fbp5500\AM1295.jpg
scut_fbp5500,AM1296.jpg,3,C:\Users\한국전파진흥협회\Desktop\dataset\combined\images\scut_fbp5500\AM1296.jpg
scut_fbp5500,AM1297.jpg,2,C:\Users\한국전파진흥협회\Desktop\dataset\combined\images\scut_fbp5500\AM1297.jpg
scut_fbp5500,AM1298.jpg,3,C:\Users\한국전파진흥협회\Desktop\dataset\combined\images\scut_fbp5500\AM1298.jpg
scut_fbp5500,AM1299.jpg,3,C:\Users\한국전파진흥협회\Desktop\dataset\combined\images\scut_fbp5500\AM1299.jpg
scut_fbp5500,AM1300.jpg,2,C:\Users\한국전파진흥협회\Desktop\dataset\combined\images\scut_fbp5500\AM1300.jpg
scut_fbp5500,AM1301.jpg,3,C:\Users\한국전파진흥협회\Desktop\dataset\combined\images\scut_fbp5500\AM1301.jpg
scut_fbp5500,AM1302.jpg,2,C:\Users\한국전파진흥협회\Desktop\dataset\combined\images\scut_fbp5500\AM1302.jpg
scut_fbp5500,AM1303.jpg,2,C:\Users\한국전파진흥협회\Desktop\dataset\combined\images\scut_fbp5500\AM1303.jpg
scut_fbp5500,AM1304.jpg,2,C:\Users\한국전파진흥협회\Desktop\dataset\combined\images\scut_fbp5500\AM1304.jpg
scut_fbp5500,AM1305.jpg,3,C:\Users\한국전파진흥협회\Desktop\dataset\combined\images\scut_fbp5500\AM1305.jpg
scut_fbp5500,AM1306.jpg,3,C:\Users\한국전파진흥협회\Desktop\dataset\combined\images\scut_fbp5500\AM1306.jpg
scut_fbp5500,AM1307.jpg,3,C:\Users\한국전파진흥협회\Desktop\dataset\combined\images\scut_fbp5500\AM1307.jpg
scut_fbp5500,AM1308.jpg,2,C:\Users\한국전파진흥협회\Desktop\dataset\combined\images\scut_fbp5500\AM1308.jpg
scut_fbp5500,AM1309.jpg,3,C:\Users\한국전파진흥협회\Desktop\dataset\combined\images\scut_fbp5500\AM1309.jpg
scut_fbp5500,AM1310.jpg,3,C:\Users\한국전파진흥협회\Desktop\dataset\combined\images\scut_fbp5500\AM1310.jpg
scut_fbp5500,AM1311.jpg,3,C:\Users\한국전파진흥협회\Desktop\dataset\combined\images\scut_fbp5500\AM1311.jpg
scut_fbp5500,AM1312.jpg,3,C:\Users\한국전파진흥협회\Desktop\dataset\combined\images\scut_fbp5500\AM1312.jpg
scut_fbp5500,AM1313.jpg,3,C:\Users\한국전파진흥협회\Desktop\dataset\combined\images\scut_fbp5500\AM1313.jpg
scut_fbp5500,AM1314.jpg,3,C:\Users\한국전파진흥협회\Desktop\dataset\combined\images\scut_fbp5500\AM1314.jpg
scut_fbp5500,AM1315.jpg,2,C:\Users\한국전파진흥협회\Desktop\dataset\combined\images\scut_fbp5500\AM1315.jpg
scut_fbp5500,AM1316.jpg,2,C:\Users\한국전파진흥협회\Desktop\dataset\combined\images\scut_fbp5500\AM1316.jpg
scut_fbp5500,AM1317.jpg,3,C:\Users\한국전파진흥협회\Desktop\dataset\combined\images\scut_fbp5500\AM1317.jpg
scut_fbp5500,AM1318.jpg,3,C:\Users\한국전파진흥협회\Desktop\dataset\combined\images\scut_fbp5500\AM1318.jpg
scut_fbp5500,AM1319.jpg,3,C:\Users\한국전파진흥협회\Desktop\dataset\combined\images\scut_fbp5500\AM1319.jpg
scut_fbp5500,AM1320.jpg,2,C:\Users\한국전파진흥협회\Desktop\dataset\combined\images\scut_fbp5500\AM1320.jpg
scut_fbp5500,AM1321.jpg,3,C:\Users\한국전파진흥협회\Desktop\dataset\combined\images\scut_fbp5500\AM1321.jpg
scut_fbp5500,AM1322.jpg,2,C:\Users\한국전파진흥협회\Desktop\dataset\combined\images\scut_fbp5500\AM1322.jpg
scut_fbp5500,AM1323.jpg,3,C:\Users\한국전파진흥협회\Desktop\dataset\combined\images\scut_fbp5500\AM1323.jpg
scut_fbp5500,AM1324.jpg,3,C:\Users\한국전파진흥협회\Desktop\dataset\combined\images\scut_fbp5500\AM1324.jpg
scut_fbp5500,AM1325.jpg,2,C:\Users\한국전파진흥협회\Desktop\dataset\combined\images\scut_fbp5500\AM1325.jpg
scut_fbp5500,AM1326.jpg,3,C:\Users\한국전파진흥협회\Desktop\dataset\combined\images\scut_fbp5500\AM1326.jpg
scut_fbp5500,AM1327.jpg,3,C:\Users\한국전파진흥협회\Desktop\dataset\combined\images\scut_fbp5500\AM1327.jpg
scut_fbp5500,AM1328.jpg,2,C:\Users\한국전파진흥협회\Desktop\dataset\combined\images\scut_fbp5500\AM1328.jpg
scut_fbp5500,AM1329.jpg,3,C:\Users\한국전파진흥협회\Desktop\dataset\combined\images\scut_fbp5500\AM1329.jpg
scut_fbp5500,AM1330.jpg,3,C:\Users\한국전파진흥협회\Desktop\dataset\combined\images\scut_fbp5500\AM1330.jpg
scut_fbp5500,AM1331.jpg,3,C:\Users\한국전파진흥협회\Desktop\dataset\combined\images\scut_fbp5500\AM1331.jpg
scut_fbp5500,AM1332.jpg,2,C:\Users\한국전파진흥협회\Desktop\dataset\combined\images\scut_fbp5500\AM1332.jpg
scut_fbp5500,AM1333.jpg,3,C:\Users\한국전파진흥협회\Desktop\dataset\combined\images\scut_fbp5500\AM1333.jpg
scut_fbp5500,AM1334.jpg,2,C:\Users\한국전파진흥협회\Desktop\dataset\combined\images\scut_fbp5500\AM1334.jpg
scut_fbp5500,AM1335.jpg,3,C:\Users\한국전파진흥협회\Desktop\dataset\combined\images\scut_fbp5500\AM1335.jpg
scut_fbp5500,AM1336.jpg,3,C:\Users\한국전파진흥협회\Desktop\dataset\combined\images\scut_fbp5500\AM1336.jpg
scut_fbp5500,AM1337.jpg,3,C:\Users\한국전파진흥협회\Desktop\dataset\combined\images\scut_fbp5500\AM1337.jpg
scut_fbp5500,AM1338.jpg,2,C:\Users\한국전파진흥협회\Desktop\dataset\combined\images\scut_fbp5500\AM1338.jpg
scut_fbp5500,AM1339.jpg,2,C:\Users\한국전파진흥협회\Desktop\dataset\combined\images\scut_fbp5500\AM1339.jpg
scut_fbp5500,AM1340.jpg,3,C:\Users\한국전파진흥협회\Desktop\dataset\combined\images\scut_fbp5500\AM1340.jpg
scut_fbp5500,AM1341.jpg,3,C:\Users\한국전파진흥협회\Desktop\dataset\combined\images\scut_fbp5500\AM1341.jpg
scut_fbp5500,AM1342.jpg,3,C:\Users\한국전파진흥협회\Desktop\dataset\combined\images\scut_fbp5500\AM1342.jpg
scut_fbp5500,AM1343.jpg,3,C:\Users\한국전파진흥협회\Desktop\dataset\combined\images\scut_fbp5500\AM1343.jpg
scut_fbp5500,AM1344.jpg,3,C:\Users\한국전파진흥협회\Desktop\dataset\combined\images\scut_fbp5500\AM1344.jpg
scut_fbp5500,AM1345.jpg,3,C:\Users\한국전파진흥협회\Desktop\dataset\combined\images\scut_fbp5500\AM1345.jpg
scut_fbp5500,AM1346.jpg,3,C:\Users\한국전파진흥협회\Desktop\dataset\combined\images\scut_fbp5500\AM1346.jpg
scut_fbp5500,AM1347.jpg,2,C:\Users\한국전파진흥협회\Desktop\dataset\combined\images\scut_fbp5500\AM1347.jpg
scut_fbp5500,AM1348.jpg,2,C:\Users\한국전파진흥협회\Desktop\dataset\combined\images\scut_fbp5500\AM1348.jpg
scut_fbp5500,AM1349.jpg,3,C:\Users\한국전파진흥협회\Desktop\dataset\combined\images\scut_fbp5500\AM1349.jpg
scut_fbp5500,AM1350.jpg,2,C:\Users\한국전파진흥협회\Desktop\dataset\combined\images\scut_fbp5500\AM1350.jpg
scut_fbp5500,AM1351.jpg,3,C:\Users\한국전파진흥협회\Desktop\dataset\combined\images\scut_fbp5500\AM1351.jpg
scut_fbp5500,AM1352.jpg,3,C:\Users\한국전파진흥협회\Desktop\dataset\combined\images\scut_fbp5500\AM1352.jpg
scut_fbp5500,AM1353.jpg,2,C:\Users\한국전파진흥협회\Desktop\dataset\combined\images\scut_fbp5500\AM1353.jpg
scut_fbp5500,AM1354.jpg,2,C:\Users\한국전파진흥협회\Desktop\dataset\combined\images\scut_fbp5500\AM1354.jpg
scut_fbp5500,AM1355.jpg,3,C:\Users\한국전파진흥협회\Desktop\dataset\combined\images\scut_fbp5500\AM1355.jpg
scut_fbp5500,AM1356.jpg,2,C:\Users\한국전파진흥협회\Desktop\dataset\combined\images\scut_fbp5500\AM1356.jpg
scut_fbp5500,AM1357.jpg,3,C:\Users\한국전파진흥협회\Desktop\dataset\combined\images\scut_fbp5500\AM1357.jpg
scut_fbp5500,AM1358.jpg,3,C:\Users\한국전파진흥협회\Desktop\dataset\combined\images\scut_fbp5500\AM1358.jpg
scut_fbp5500,AM1359.jpg,2,C:\Users\한국전파진흥협회\Desktop\dataset\combined\images\scut_fbp5500\AM1359.jpg
scut_fbp5500,AM1360.jpg,2,C:\Users\한국전파진흥협회\Desktop\dataset\combined\images\scut_fbp5500\AM1360.jpg
scut_fbp5500,AM1361.jpg,2,C:\Users\한국전파진흥협회\Desktop\dataset\combined\images\scut_fbp5500\AM1361.jpg
scut_fbp5500,AM1362.jpg,3,C:\Users\한국전파진흥협회\Desktop\dataset\combined\images\scut_fbp5500\AM1362.jpg
scut_fbp5500,AM1363.jpg,2,C:\Users\한국전파진흥협회\Desktop\dataset\combined\images\scut_fbp5500\AM1363.jpg
scut_fbp5500,AM1364.jpg,2,C:\Users\한국전파진흥협회\Desktop\dataset\combined\images\scut_fbp5500\AM1364.jpg
scut_fbp5500,AM1365.jpg,3,C:\Users\한국전파진흥협회\Desktop\dataset\combined\images\scut_fbp5500\AM1365.jpg
scut_fbp5500,AM1366.jpg,3,C:\Users\한국전파진흥협회\Desktop\dataset\combined\images\scut_fbp5500\AM1366.jpg
scut_fbp5500,AM1367.jpg,2,C:\Users\한국전파진흥협회\Desktop\dataset\combined\images\scut_fbp5500\AM1367.jpg
scut_fbp5500,AM1368.jpg,3,C:\Users\한국전파진흥협회\Desktop\dataset\combined\images\scut_fbp5500\AM1368.jpg
scut_fbp5500,AM1369.jpg,3,C:\Users\한국전파진흥협회\Desktop\dataset\combined\images\scut_fbp5500\AM1369.jpg
scut_fbp5500,AM1370.jpg,3,C:\Users\한국전파진흥협회\Desktop\dataset\combined\images\scut_fbp5500\AM1370.jpg
scut_fbp5500,AM1371.jpg,3,C:\Users\한국전파진흥협회\Desktop\dataset\combined\images\scut_fbp5500\AM1371.jpg
scut_fbp5500,AM1372.jpg,2,C:\Users\한국전파진흥협회\Desktop\dataset\combined\images\scut_fbp5500\AM1372.jpg
scut_fbp5500,AM1373.jpg,2,C:\Users\한국전파진흥협회\Desktop\dataset\combined\images\scut_fbp5500\AM1373.jpg
scut_fbp5500,AM1374.jpg,3,C:\Users\한국전파진흥협회\Desktop\dataset\combined\images\scut_fbp5500\AM1374.jpg
scut_fbp5500,AM1375.jpg,3,C:\Users\한국전파진흥협회\Desktop\dataset\combined\images\scut_fbp5500\AM1375.jpg
scut_fbp5500,AM1376.jpg,3,C:\Users\한국전파진흥협회\Desktop\dataset\combined\images\scut_fbp5500\AM1376.jpg
scut_fbp5500,AM1377.jpg,2,C:\Users\한국전파진흥협회\Desktop\dataset\combined\images\scut_fbp5500\AM1377.jpg
scut_fbp5500,AM1378.jpg,3,C:\Users\한국전파진흥협회\Desktop\dataset\combined\images\scut_fbp5500\AM1378.jpg
scut_fbp5500,AM1379.jpg,2,C:\Users\한국전파진흥협회\Desktop\dataset\combined\images\scut_fbp5500\AM1379.jpg
scut_fbp5500,AM1380.jpg,3,C:\Users\한국전파진흥협회\Desktop\dataset\combined\images\scut_fbp5500\AM1380.jpg
scut_fbp5500,AM1381.jpg,3,C:\Users\한국전파진흥협회\Desktop\dataset\combined\images\scut_fbp5500\AM1381.jpg
scut_fbp5500,AM1382.jpg,2,C:\Users\한국전파진흥협회\Desktop\dataset\combined\images\scut_fbp5500\AM1382.jpg
scut_fbp5500,AM1383.jpg,2,C:\Users\한국전파진흥협회\Desktop\dataset\combined\images\scut_fbp5500\AM1383.jpg
scut_fbp5500,AM1384.jpg,2,C:\Users\한국전파진흥협회\Desktop\dataset\combined\images\scut_fbp5500\AM1384.jpg
scut_fbp5500,AM1385.jpg,3,C:\Users\한국전파진흥협회\Desktop\dataset\combined\images\scut_fbp5500\AM1385.jpg
scut_fbp5500,AM1386.jpg,3,C:\Users\한국전파진흥협회\Desktop\dataset\combined\images\scut_fbp5500\AM1386.jpg
scut_fbp5500,AM1387.jpg,2,C:\Users\한국전파진흥협회\Desktop\dataset\combined\images\scut_fbp5500\AM1387.jpg
scut_fbp5500,AM1388.jpg,3,C:\Users\한국전파진흥협회\Desktop\dataset\combined\images\scut_fbp5500\AM1388.jpg
scut_fbp5500,AM1389.jpg,3,C:\Users\한국전파진흥협회\Desktop\dataset\combined\images\scut_fbp5500\AM1389.jpg
scut_fbp5500,AM1390.jpg,2,C:\Users\한국전파진흥협회\Desktop\dataset\combined\images\scut_fbp5500\AM1390.jpg
scut_fbp5500,AM1391.jpg,2,C:\Users\한국전파진흥협회\Desktop\dataset\combined\images\scut_fbp5500\AM1391.jpg
scut_fbp5500,AM1392.jpg,2,C:\Users\한국전파진흥협회\Desktop\dataset\combined\images\scut_fbp5500\AM1392.jpg
scut_fbp5500,AM1393.jpg,3,C:\Users\한국전파진흥협회\Desktop\dataset\combined\images\scut_fbp5500\AM1393.jpg
scut_fbp5500,AM1394.jpg,3,C:\Users\한국전파진흥협회\Desktop\dataset\combined\images\scut_fbp5500\AM1394.jpg
scut_fbp5500,AM1395.jpg,3,C:\Users\한국전파진흥협회\Desktop\dataset\combined\images\scut_fbp5500\AM1395.jpg
scut_fbp5500,AM1396.jpg,3,C:\Users\한국전파진흥협회\Desktop\dataset\combined\images\scut_fbp5500\AM1396.jpg
scut_fbp5500,AM1397.jpg,3,C:\Users\한국전파진흥협회\Desktop\dataset\combined\images\scut_fbp5500\AM1397.jpg
scut_fbp5500,AM1398.jpg,3,C:\Users\한국전파진흥협회\Desktop\dataset\combined\images\scut_fbp5500\AM1398.jpg
scut_fbp5500,AM1399.jpg,3,C:\Users\한국전파진흥협회\Desktop\dataset\combined\images\scut_fbp5500\AM1399.jpg
scut_fbp5500,AM1400.jpg,3,C:\Users\한국전파진흥협회\Desktop\dataset\combined\images\scut_fbp5500\AM1400.jpg
scut_fbp5500,AM1401.jpg,2,C:\Users\한국전파진흥협회\Desktop\dataset\combined\images\scut_fbp5500\AM1401.jpg
scut_fbp5500,AM1402.jpg,3,C:\Users\한국전파진흥협회\Desktop\dataset\combined\images\scut_fbp5500\AM1402.jpg
scut_fbp5500,AM1403.jpg,3,C:\Users\한국전파진흥협회\Desktop\dataset\combined\images\scut_fbp5500\AM1403.jpg
scut_fbp5500,AM1404.jpg,3,C:\Users\한국전파진흥협회\Desktop\dataset\combined\images\scut_fbp5500\AM1404.jpg
scut_fbp5500,AM1405.jpg,3,C:\Users\한국전파진흥협회\Desktop\dataset\combined\images\scut_fbp5500\AM1405.jpg
scut_fbp5500,AM1406.jpg,3,C:\Users\한국전파진흥협회\Desktop\dataset\combined\images\scut_fbp5500\AM1406.jpg
scut_fbp5500,AM1407.jpg,2,C:\Users\한국전파진흥협회\Desktop\dataset\combined\images\scut_fbp5500\AM1407.jpg
scut_fbp5500,AM1408.jpg,3,C:\Users\한국전파진흥협회\Desktop\dataset\combined\images\scut_fbp5500\AM1408.jpg
scut_fbp5500,AM1409.jpg,3,C:\Users\한국전파진흥협회\Desktop\dataset\combined\images\scut_fbp5500\AM1409.jpg
scut_fbp5500,AM1410.jpg,3,C:\Users\한국전파진흥협회\Desktop\dataset\combined\images\scut_fbp5500\AM1410.jpg
scut_fbp5500,AM1411.jpg,3,C:\Users\한국전파진흥협회\Desktop\dataset\combined\images\scut_fbp5500\AM1411.jpg
scut_fbp5500,AM1412.jpg,3,C:\Users\한국전파진흥협회\Desktop\dataset\combined\images\scut_fbp5500\AM1412.jpg
scut_fbp5500,AM1413.jpg,3,C:\Users\한국전파진흥협회\Desktop\dataset\combined\images\scut_fbp5500\AM1413.jpg
scut_fbp5500,AM1414.jpg,3,C:\Users\한국전파진흥협회\Desktop\dataset\combined\images\scut_fbp5500\AM1414.jpg
scut_fbp5500,AM1415.jpg,2,C:\Users\한국전파진흥협회\Desktop\dataset\combined\images\scut_fbp5500\AM1415.jpg
scut_fbp5500,AM1416.jpg,3,C:\Users\한국전파진흥협회\Desktop\dataset\combined\images\scut_fbp5500\AM1416.jpg
scut_fbp5500,AM1417.jpg,2,C:\Users\한국전파진흥협회\Desktop\dataset\combined\images\scut_fbp5500\AM1417.jpg
scut_fbp5500,AM1418.jpg,3,C:\Users\한국전파진흥협회\Desktop\dataset\combined\images\scut_fbp5500\AM1418.jpg
scut_fbp5500,AM1419.jpg,2,C:\Users\한국전파진흥협회\Desktop\dataset\combined\images\scut_fbp5500\AM1419.jpg
scut_fbp5500,AM1420.jpg,3,C:\Users\한국전파진흥협회\Desktop\dataset\combined\images\scut_fbp5500\AM1420.jpg
scut_fbp5500,AM1421.jpg,3,C:\Users\한국전파진흥협회\Desktop\dataset\combined\images\scut_fbp5500\AM1421.jpg
scut_fbp5500,AM1422.jpg,3,C:\Users\한국전파진흥협회\Desktop\dataset\combined\images\scut_fbp5500\AM1422.jpg
scut_fbp5500,AM1423.jpg,2,C:\Users\한국전파진흥협회\Desktop\dataset\combined\images\scut_fbp5500\AM1423.jpg
scut_fbp5500,AM1424.jpg,3,C:\Users\한국전파진흥협회\Desktop\dataset\combined\images\scut_fbp5500\AM1424.jpg
scut_fbp5500,AM1425.jpg,2,C:\Users\한국전파진흥협회\Desktop\dataset\combined\images\scut_fbp5500\AM1425.jpg
scut_fbp5500,AM1426.jpg,2,C:\Users\한국전파진흥협회\Desktop\dataset\combined\images\scut_fbp5500\AM1426.jpg
scut_fbp5500,AM1427.jpg,3,C:\Users\한국전파진흥협회\Desktop\dataset\combined\images\scut_fbp5500\AM1427.jpg
scut_fbp5500,AM1428.jpg,3,C:\Users\한국전파진흥협회\Desktop\dataset\combined\images\scut_fbp5500\AM1428.jpg
scut_fbp5500,AM1429.jpg,3,C:\Users\한국전파진흥협회\Desktop\dataset\combined\images\scut_fbp5500\AM1429.jpg
scut_fbp5500,AM1430.jpg,2,C:\Users\한국전파진흥협회\Desktop\dataset\combined\images\scut_fbp5500\AM1430.jpg
scut_fbp5500,AM1431.jpg,3,C:\Users\한국전파진흥협회\Desktop\dataset\combined\images\scut_fbp5500\AM1431.jpg
scut_fbp5500,AM1432.jpg,3,C:\Users\한국전파진흥협회\Desktop\dataset\combined\images\scut_fbp5500\AM1432.jpg
scut_fbp5500,AM1433.jpg,3,C:\Users\한국전파진흥협회\Desktop\dataset\combined\images\scut_fbp5500\AM1433.jpg
scut_fbp5500,AM1434.jpg,2,C:\Users\한국전파진흥협회\Desktop\dataset\combined\images\scut_fbp5500\AM1434.jpg
scut_fbp5500,AM1435.jpg,3,C:\Users\한국전파진흥협회\Desktop\dataset\combined\images\scut_fbp5500\AM1435.jpg
scut_fbp5500,AM1436.jpg,3,C:\Users\한국전파진흥협회\Desktop\dataset\combined\images\scut_fbp5500\AM1436.jpg
scut_fbp5500,AM1437.jpg,3,C:\Users\한국전파진흥협회\Desktop\dataset\combined\images\scut_fbp5500\AM1437.jpg
scut_fbp5500,AM1438.jpg,3,C:\Users\한국전파진흥협회\Desktop\dataset\combined\images\scut_fbp5500\AM1438.jpg
scut_fbp5500,AM1439.jpg,3,C:\Users\한국전파진흥협회\Desktop\dataset\combined\images\scut_fbp5500\AM1439.jpg
scut_fbp5500,AM1440.jpg,2,C:\Users\한국전파진흥협회\Desktop\dataset\combined\images\scut_fbp5500\AM1440.jpg
scut_fbp5500,AM1441.jpg,2,C:\Users\한국전파진흥협회\Desktop\dataset\combined\images\scut_fbp5500\AM1441.jpg
scut_fbp5500,AM1442.jpg,2,C:\Users\한국전파진흥협회\Desktop\dataset\combined\images\scut_fbp5500\AM1442.jpg
scut_fbp5500,AM1443.jpg,2,C:\Users\한국전파진흥협회\Desktop\dataset\combined\images\scut_fbp5500\AM1443.jpg
scut_fbp5500,AM1444.jpg,2,C:\Users\한국전파진흥협회\Desktop\dataset\combined\images\scut_fbp5500\AM1444.jpg
scut_fbp5500,AM1445.jpg,3,C:\Users\한국전파진흥협회\Desktop\dataset\combined\images\scut_fbp5500\AM1445.jpg
scut_fbp5500,AM1446.jpg,3,C:\Users\한국전파진흥협회\Desktop\dataset\combined\images\scut_fbp5500\AM1446.jpg
scut_fbp5500,AM1447.jpg,3,C:\Users\한국전파진흥협회\Desktop\dataset\combined\images\scut_fbp5500\AM1447.jpg
scut_fbp5500,AM1448.jpg,3,C:\Users\한국전파진흥협회\Desktop\dataset\combined\images\scut_fbp5500\AM1448.jpg
scut_fbp5500,AM1449.jpg,2,C:\Users\한국전파진흥협회\Desktop\dataset\combined\images\scut_fbp5500\AM1449.jpg
scut_fbp5500,AM1450.jpg,3,C:\Users\한국전파진흥협회\Desktop\dataset\combined\images\scut_fbp5500\AM1450.jpg
scut_fbp5500,AM1451.jpg,2,C:\Users\한국전파진흥협회\Desktop\dataset\combined\images\scut_fbp5500\AM1451.jpg
scut_fbp5500,AM1452.jpg,2,C:\Users\한국전파진흥협회\Desktop\dataset\combined\images\scut_fbp5500\AM1452.jpg
scut_fbp5500,AM1453.jpg,2,C:\Users\한국전파진흥협회\Desktop\dataset\combined\images\scut_fbp5500\AM1453.jpg
scut_fbp5500,AM1454.jpg,3,C:\Users\한국전파진흥협회\Desktop\dataset\combined\images\scut_fbp5500\AM1454.jpg
scut_fbp5500,AM1455.jpg,2,C:\Users\한국전파진흥협회\Desktop\dataset\combined\images\scut_fbp5500\AM1455.jpg
scut_fbp5500,AM1456.jpg,3,C:\Users\한국전파진흥협회\Desktop\dataset\combined\images\scut_fbp5500\AM1456.jpg
scut_fbp5500,AM1457.jpg,3,C:\Users\한국전파진흥협회\Desktop\dataset\combined\images\scut_fbp5500\AM1457.jpg
scut_fbp5500,AM1458.jpg,2,C:\Users\한국전파진흥협회\Desktop\dataset\combined\images\scut_fbp5500\AM1458.jpg
scut_fbp5500,AM1459.jpg,3,C:\Users\한국전파진흥협회\Desktop\dataset\combined\images\scut_fbp5500\AM1459.jpg
scut_fbp5500,AM1460.jpg,2,C:\Users\한국전파진흥협회\Desktop\dataset\combined\images\scut_fbp5500\AM1460.jpg
scut_fbp5500,AM1461.jpg,4,C:\Users\한국전파진흥협회\Desktop\dataset\combined\images\scut_fbp5500\AM1461.jpg
scut_fbp5500,AM1462.jpg,2,C:\Users\한국전파진흥협회\Desktop\dataset\combined\images\scut_fbp5500\AM1462.jpg
scut_fbp5500,AM1463.jpg,2,C:\Users\한국전파진흥협회\Desktop\dataset\combined\images\scut_fbp5500\AM1463.jpg
scut_fbp5500,AM1464.jpg,4,C:\Users\한국전파진흥협회\Desktop\dataset\combined\images\scut_fbp5500\AM1464.jpg
scut_fbp5500,AM1465.jpg,3,C:\Users\한국전파진흥협회\Desktop\dataset\combined\images\scut_fbp5500\AM1465.jpg
scut_fbp5500,AM1466.jpg,4,C:\Users\한국전파진흥협회\Desktop\dataset\combined\images\scut_fbp5500\AM1466.jpg
scut_fbp5500,AM1467.jpg,3,C:\Users\한국전파진흥협회\Desktop\dataset\combined\images\scut_fbp5500\AM1467.jpg
scut_fbp5500,AM1468.jpg,2,C:\Users\한국전파진흥협회\Desktop\dataset\combined\images\scut_fbp5500\AM1468.jpg
scut_fbp5500,AM1469.jpg,4,C:\Users\한국전파진흥협회\Desktop\dataset\combined\images\scut_fbp5500\AM1469.jpg
scut_fbp5500,AM1470.jpg,4,C:\Users\한국전파진흥협회\Desktop\dataset\combined\images\scut_fbp5500\AM1470.jpg
scut_fbp5500,AM1471.jpg,2,C:\Users\한국전파진흥협회\Desktop\dataset\combined\images\scut_fbp5500\AM1471.jpg
scut_fbp5500,AM1472.jpg,2,C:\Users\한국전파진흥협회\Desktop\dataset\combined\images\scut_fbp5500\AM1472.jpg
scut_fbp5500,AM1473.jpg,2,C:\Users\한국전파진흥협회\Desktop\dataset\combined\images\scut_fbp5500\AM1473.jpg
scut_fbp5500,AM1474.jpg,2,C:\Users\한국전파진흥협회\Desktop\dataset\combined\images\scut_fbp5500\AM1474.jpg
scut_fbp5500,AM1475.jpg,3,C:\Users\한국전파진흥협회\Desktop\dataset\combined\images\scut_fbp5500\AM1475.jpg
scut_fbp5500,AM1476.jpg,3,C:\Users\한국전파진흥협회\Desktop\dataset\combined\images\scut_fbp5500\AM1476.jpg
scut_fbp5500,AM1477.jpg,3,C:\Users\한국전파진흥협회\Desktop\dataset\combined\images\scut_fbp5500\AM1477.jpg
scut_fbp5500,AM1478.jpg,2,C:\Users\한국전파진흥협회\Desktop\dataset\combined\images\scut_fbp5500\AM1478.jpg
scut_fbp5500,AM1479.jpg,2,C:\Users\한국전파진흥협회\Desktop\dataset\combined\images\scut_fbp5500\AM1479.jpg
scut_fbp5500,AM1480.jpg,2,C:\Users\한국전파진흥협회\Desktop\dataset\combined\images\scut_fbp5500\AM1480.jpg
scut_fbp5500,AM1481.jpg,2,C:\Users\한국전파진흥협회\Desktop\dataset\combined\images\scut_fbp5500\AM1481.jpg
scut_fbp5500,AM1482.jpg,2,C:\Users\한국전파진흥협회\Desktop\dataset\combined\images\scut_fbp5500\AM1482.jpg
scut_fbp5500,AM1483.jpg,3,C:\Users\한국전파진흥협회\Desktop\dataset\combined\images\scut_fbp5500\AM1483.jpg
scut_fbp5500,AM1484.jpg,3,C:\Users\한국전파진흥협회\Desktop\dataset\combined\images\scut_fbp5500\AM1484.jpg
scut_fbp5500,AM1485.jpg,2,C:\Users\한국전파진흥협회\Desktop\dataset\combined\images\scut_fbp5500\AM1485.jpg
scut_fbp5500,AM1486.jpg,3,C:\Users\한국전파진흥협회\Desktop\dataset\combined\images\scut_fbp5500\AM1486.jpg
scut_fbp5500,AM1487.jpg,2,C:\Users\한국전파진흥협회\Desktop\dataset\combined\images\scut_fbp5500\AM1487.jpg
scut_fbp5500,AM1488.jpg,3,C:\Users\한국전파진흥협회\Desktop\dataset\combined\images\scut_fbp5500\AM1488.jpg
scut_fbp5500,AM1489.jpg,2,C:\Users\한국전파진흥협회\Desktop\dataset\combined\images\scut_fbp5500\AM1489.jpg
scut_fbp5500,AM1490.jpg,2,C:\Users\한국전파진흥협회\Desktop\dataset\combined\images\scut_fbp5500\AM1490.jpg
scut_fbp5500,AM1491.jpg,3,C:\Users\한국전파진흥협회\Desktop\dataset\combined\images\scut_fbp5500\AM1491.jpg
scut_fbp5500,AM1492.jpg,3,C:\Users\한국전파진흥협회\Desktop\dataset\combined\images\scut_fbp5500\AM1492.jpg
scut_fbp5500,AM1493.jpg,3,C:\Users\한국전파진흥협회\Desktop\dataset\combined\images\scut_fbp5500\AM1493.jpg
scut_fbp5500,AM1494.jpg,3,C:\Users\한국전파진흥협회\Desktop\dataset\combined\images\scut_fbp5500\AM1494.jpg
scut_fbp5500,AM1495.jpg,3,C:\Users\한국전파진흥협회\Desktop\dataset\combined\images\scut_fbp5500\AM1495.jpg
scut_fbp5500,AM1496.jpg,2,C:\Users\한국전파진흥협회\Desktop\dataset\combined\images\scut_fbp5500\AM1496.jpg
scut_fbp5500,AM1497.jpg,3,C:\Users\한국전파진흥협회\Desktop\dataset\combined\images\scut_fbp5500\AM1497.jpg
scut_fbp5500,AM1498.jpg,3,C:\Users\한국전파진흥협회\Desktop\dataset\combined\images\scut_fbp5500\AM1498.jpg
scut_fbp5500,AM1499.jpg,3,C:\Users\한국전파진흥협회\Desktop\dataset\combined\images\scut_fbp5500\AM1499.jpg
scut_fbp5500,AM1500.jpg,3,C:\Users\한국전파진흥협회\Desktop\dataset\combined\images\scut_fbp5500\AM1500.jpg
scut_fbp5500,AM1501.jpg,3,C:\Users\한국전파진흥협회\Desktop\dataset\combined\images\scut_fbp5500\AM1501.jpg
scut_fbp5500,AM1502.jpg,3,C:\Users\한국전파진흥협회\Desktop\dataset\combined\images\scut_fbp5500\AM1502.jpg
scut_fbp5500,AM1503.jpg,2,C:\Users\한국전파진흥협회\Desktop\dataset\combined\images\scut_fbp5500\AM1503.jpg
scut_fbp5500,AM1504.jpg,3,C:\Users\한국전파진흥협회\Desktop\dataset\combined\images\scut_fbp5500\AM1504.jpg
scut_fbp5500,AM1505.jpg,3,C:\Users\한국전파진흥협회\Desktop\dataset\combined\images\scut_fbp5500\AM1505.jpg
scut_fbp5500,AM1506.jpg,3,C:\Users\한국전파진흥협회\Desktop\dataset\combined\images\scut_fbp5500\AM1506.jpg
scut_fbp5500,AM1507.jpg,3,C:\Users\한국전파진흥협회\Desktop\dataset\combined\images\scut_fbp5500\AM1507.jpg
scut_fbp5500,AM1508.jpg,3,C:\Users\한국전파진흥협회\Desktop\dataset\combined\images\scut_fbp5500\AM1508.jpg
scut_fbp5500,AM1509.jpg,2,C:\Users\한국전파진흥협회\Desktop\dataset\combined\images\scut_fbp5500\AM1509.jpg
scut_fbp5500,AM1510.jpg,3,C:\Users\한국전파진흥협회\Desktop\dataset\combined\images\scut_fbp5500\AM1510.jpg
scut_fbp5500,AM1511.jpg,2,C:\Users\한국전파진흥협회\Desktop\dataset\combined\images\scut_fbp5500\AM1511.jpg
scut_fbp5500,AM1512.jpg,3,C:\Users\한국전파진흥협회\Desktop\dataset\combined\images\scut_fbp5500\AM1512.jpg
scut_fbp5500,AM1513.jpg,2,C:\Users\한국전파진흥협회\Desktop\dataset\combined\images\scut_fbp5500\AM1513.jpg
scut_fbp5500,AM1514.jpg,3,C:\Users\한국전파진흥협회\Desktop\dataset\combined\images\scut_fbp5500\AM1514.jpg
scut_fbp5500,AM1515.jpg,3,C:\Users\한국전파진흥협회\Desktop\dataset\combined\images\scut_fbp5500\AM1515.jpg
scut_fbp5500,AM1516.jpg,2,C:\Users\한국전파진흥협회\Desktop\dataset\combined\images\scut_fbp5500\AM1516.jpg
scut_fbp5500,AM1517.jpg,2,C:\Users\한국전파진흥협회\Desktop\dataset\combined\images\scut_fbp5500\AM1517.jpg
scut_fbp5500,AM1518.jpg,3,C:\Users\한국전파진흥협회\Desktop\dataset\combined\images\scut_fbp5500\AM1518.jpg
scut_fbp5500,AM1519.jpg,2,C:\Users\한국전파진흥협회\Desktop\dataset\combined\images\scut_fbp5500\AM1519.jpg
scut_fbp5500,AM1520.jpg,3,C:\Users\한국전파진흥협회\Desktop\dataset\combined\images\scut_fbp5500\AM1520.jpg
scut_fbp5500,AM1521.jpg,2,C:\Users\한국전파진흥협회\Desktop\dataset\combined\images\scut_fbp5500\AM1521.jpg
scut_fbp5500,AM1522.jpg,2,C:\Users\한국전파진흥협회\Desktop\dataset\combined\images\scut_fbp5500\AM1522.jpg
scut_fbp5500,AM1523.jpg,2,C:\Users\한국전파진흥협회\Desktop\dataset\combined\images\scut_fbp5500\AM1523.jpg
scut_fbp5500,AM1524.jpg,3,C:\Users\한국전파진흥협회\Desktop\dataset\combined\images\scut_fbp5500\AM1524.jpg
scut_fbp5500,AM1525.jpg,2,C:\Users\한국전파진흥협회\Desktop\dataset\combined\images\scut_fbp5500\AM1525.jpg
scut_fbp5500,AM1526.jpg,3,C:\Users\한국전파진흥협회\Desktop\dataset\combined\images\scut_fbp5500\AM1526.jpg
scut_fbp5500,AM1527.jpg,2,C:\Users\한국전파진흥협회\Desktop\dataset\combined\images\scut_fbp5500\AM1527.jpg
scut_fbp5500,AM1528.jpg,2,C:\Users\한국전파진흥협회\Desktop\dataset\combined\images\scut_fbp5500\AM1528.jpg
scut_fbp5500,AM1529.jpg,3,C:\Users\한국전파진흥협회\Desktop\dataset\combined\images\scut_fbp5500\AM1529.jpg
scut_fbp5500,AM1530.jpg,3,C:\Users\한국전파진흥협회\Desktop\dataset\combined\images\scut_fbp5500\AM1530.jpg
scut_fbp5500,AM1531.jpg,3,C:\Users\한국전파진흥협회\Desktop\dataset\combined\images\scut_fbp5500\AM1531.jpg
scut_fbp5500,AM1532.jpg,3,C:\Users\한국전파진흥협회\Desktop\dataset\combined\images\scut_fbp5500\AM1532.jpg
scut_fbp5500,AM1533.jpg,2,C:\Users\한국전파진흥협회\Desktop\dataset\combined\images\scut_fbp5500\AM1533.jpg
scut_fbp5500,AM1534.jpg,2,C:\Users\한국전파진흥협회\Desktop\dataset\combined\images\scut_fbp5500\AM1534.jpg
scut_fbp5500,AM1535.jpg,2,C:\Users\한국전파진흥협회\Desktop\dataset\combined\images\scut_fbp5500\AM1535.jpg
scut_fbp5500,AM1536.jpg,3,C:\Users\한국전파진흥협회\Desktop\dataset\combined\images\scut_fbp5500\AM1536.jpg
scut_fbp5500,AM1537.jpg,3,C:\Users\한국전파진흥협회\Desktop\dataset\combined\images\scut_fbp5500\AM1537.jpg
scut_fbp5500,AM1538.jpg,3,C:\Users\한국전파진흥협회\Desktop\dataset\combined\images\scut_fbp5500\AM1538.jpg
scut_fbp5500,AM1539.jpg,2,C:\Users\한국전파진흥협회\Desktop\dataset\combined\images\scut_fbp5500\AM1539.jpg
scut_fbp5500,AM1540.jpg,3,C:\Users\한국전파진흥협회\Desktop\dataset\combined\images\scut_fbp5500\AM1540.jpg
scut_fbp5500,AM1541.jpg,3,C:\Users\한국전파진흥협회\Desktop\dataset\combined\images\scut_fbp5500\AM1541.jpg
scut_fbp5500,AM1542.jpg,3,C:\Users\한국전파진흥협회\Desktop\dataset\combined\images\scut_fbp5500\AM1542.jpg
scut_fbp5500,AM1543.jpg,3,C:\Users\한국전파진흥협회\Desktop\dataset\combined\images\scut_fbp5500\AM1543.jpg
scut_fbp5500,AM1544.jpg,3,C:\Users\한국전파진흥협회\Desktop\dataset\combined\images\scut_fbp5500\AM1544.jpg
scut_fbp5500,AM1545.jpg,3,C:\Users\한국전파진흥협회\Desktop\dataset\combined\images\scut_fbp5500\AM1545.jpg
scut_fbp5500,AM1546.jpg,3,C:\Users\한국전파진흥협회\Desktop\dataset\combined\images\scut_fbp5500\AM1546.jpg
scut_fbp5500,AM1547.jpg,2,C:\Users\한국전파진흥협회\Desktop\dataset\combined\images\scut_fbp5500\AM1547.jpg
scut_fbp5500,AM1548.jpg,2,C:\Users\한국전파진흥협회\Desktop\dataset\combined\images\scut_fbp5500\AM1548.jpg
scut_fbp5500,AM1549.jpg,2,C:\Users\한국전파진흥협회\Desktop\dataset\combined\images\scut_fbp5500\AM1549.jpg
scut_fbp5500,AM1550.jpg,3,C:\Users\한국전파진흥협회\Desktop\dataset\combined\images\scut_fbp5500\AM1550.jpg
scut_fbp5500,AM1551.jpg,2,C:\Users\한국전파진흥협회\Desktop\dataset\combined\images\scut_fbp5500\AM1551.jpg
scut_fbp5500,AM1552.jpg,3,C:\Users\한국전파진흥협회\Desktop\dataset\combined\images\scut_fbp5500\AM1552.jpg
scut_fbp5500,AM1553.jpg,3,C:\Users\한국전파진흥협회\Desktop\dataset\combined\images\scut_fbp5500\AM1553.jpg
scut_fbp5500,AM1554.jpg,3,C:\Users\한국전파진흥협회\Desktop\dataset\combined\images\scut_fbp5500\AM1554.jpg
scut_fbp5500,AM1555.jpg,3,C:\Users\한국전파진흥협회\Desktop\dataset\combined\images\scut_fbp5500\AM1555.jpg
scut_fbp5500,AM1556.jpg,3,C:\Users\한국전파진흥협회\Desktop\dataset\combined\images\scut_fbp5500\AM1556.jpg
scut_fbp5500,AM1557.jpg,2,C:\Users\한국전파진흥협회\Desktop\dataset\combined\images\scut_fbp5500\AM1557.jpg
scut_fbp5500,AM1558.jpg,2,C:\Users\한국전파진흥협회\Desktop\dataset\combined\images\scut_fbp5500\AM1558.jpg
scut_fbp5500,AM1559.jpg,3,C:\Users\한국전파진흥협회\Desktop\dataset\combined\images\scut_fbp5500\AM1559.jpg
scut_fbp5500,AM1560.jpg,3,C:\Users\한국전파진흥협회\Desktop\dataset\combined\images\scut_fbp5500\AM1560.jpg
scut_fbp5500,AM1561.jpg,3,C:\Users\한국전파진흥협회\Desktop\dataset\combined\images\scut_fbp5500\AM1561.jpg
scut_fbp5500,AM1562.jpg,4,C:\Users\한국전파진흥협회\Desktop\dataset\combined\images\scut_fbp5500\AM1562.jpg
scut_fbp5500,AM1563.jpg,3,C:\Users\한국전파진흥협회\Desktop\dataset\combined\images\scut_fbp5500\AM1563.jpg
scut_fbp5500,AM1564.jpg,4,C:\Users\한국전파진흥협회\Desktop\dataset\combined\images\scut_fbp5500\AM1564.jpg
scut_fbp5500,AM1565.jpg,4,C:\Users\한국전파진흥협회\Desktop\dataset\combined\images\scut_fbp5500\AM1565.jpg
scut_fbp5500,AM1566.jpg,4,C:\Users\한국전파진흥협회\Desktop\dataset\combined\images\scut_fbp5500\AM1566.jpg
scut_fbp5500,AM1567.jpg,4,C:\Users\한국전파진흥협회\Desktop\dataset\combined\images\scut_fbp5500\AM1567.jpg
scut_fbp5500,AM1568.jpg,4,C:\Users\한국전파진흥협회\Desktop\dataset\combined\images\scut_fbp5500\AM1568.jpg
scut_fbp5500,AM1569.jpg,3,C:\Users\한국전파진흥협회\Desktop\dataset\combined\images\scut_fbp5500\AM1569.jpg
scut_fbp5500,AM1570.jpg,4,C:\Users\한국전파진흥협회\Desktop\dataset\combined\images\scut_fbp5500\AM1570.jpg
scut_fbp5500,AM1571.jpg,4,C:\Users\한국전파진흥협회\Desktop\dataset\combined\images\scut_fbp5500\AM1571.jpg
scut_fbp5500,AM1572.jpg,4,C:\Users\한국전파진흥협회\Desktop\dataset\combined\images\scut_fbp5500\AM1572.jpg
scut_fbp5500,AM1573.jpg,3,C:\Users\한국전파진흥협회\Desktop\dataset\combined\images\scut_fbp5500\AM1573.jpg
scut_fbp5500,AM1574.jpg,3,C:\Users\한국전파진흥협회\Desktop\dataset\combined\images\scut_fbp5500\AM1574.jpg
scut_fbp5500,AM1575.jpg,4,C:\Users\한국전파진흥협회\Desktop\dataset\combined\images\scut_fbp5500\AM1575.jpg
scut_fbp5500,AM1576.jpg,4,C:\Users\한국전파진흥협회\Desktop\dataset\combined\images\scut_fbp5500\AM1576.jpg
scut_fbp5500,AM1577.jpg,3,C:\Users\한국전파진흥협회\Desktop\dataset\combined\images\scut_fbp5500\AM1577.jpg
scut_fbp5500,AM1578.jpg,3,C:\Users\한국전파진흥협회\Desktop\dataset\combined\images\scut_fbp5500\AM1578.jpg
scut_fbp5500,AM1579.jpg,4,C:\Users\한국전파진흥협회\Desktop\dataset\combined\images\scut_fbp5500\AM1579.jpg
scut_fbp5500,AM1580.jpg,4,C:\Users\한국전파진흥협회\Desktop\dataset\combined\images\scut_fbp5500\AM1580.jpg
scut_fbp5500,AM1581.jpg,4,C:\Users\한국전파진흥협회\Desktop\dataset\combined\images\scut_fbp5500\AM1581.jpg
scut_fbp5500,AM1582.jpg,4,C:\Users\한국전파진흥협회\Desktop\dataset\combined\images\scut_fbp5500\AM1582.jpg
scut_fbp5500,AM1583.jpg,1,C:\Users\한국전파진흥협회\Desktop\dataset\combined\images\scut_fbp5500\AM1583.jpg
scut_fbp5500,AM1584.jpg,2,C:\Users\한국전파진흥협회\Desktop\dataset\combined\images\scut_fbp5500\AM1584.jpg
scut_fbp5500,AM1585.jpg,4,C:\Users\한국전파진흥협회\Desktop\dataset\combined\images\scut_fbp5500\AM1585.jpg
scut_fbp5500,AM1586.jpg,3,C:\Users\한국전파진흥협회\Desktop\dataset\combined\images\scut_fbp5500\AM1586.jpg
scut_fbp5500,AM1587.jpg,5,C:\Users\한국전파진흥협회\Desktop\dataset\combined\images\scut_fbp5500\AM1587.jpg
scut_fbp5500,AM1588.jpg,4,C:\Users\한국전파진흥협회\Desktop\dataset\combined\images\scut_fbp5500\AM1588.jpg
scut_fbp5500,AM1589.jpg,3,C:\Users\한국전파진흥협회\Desktop\dataset\combined\images\scut_fbp5500\AM1589.jpg
scut_fbp5500,AM1590.jpg,4,C:\Users\한국전파진흥협회\Desktop\dataset\combined\images\scut_fbp5500\AM1590.jpg
scut_fbp5500,AM1591.jpg,4,C:\Users\한국전파진흥협회\Desktop\dataset\combined\images\scut_fbp5500\AM1591.jpg
scut_fbp5500,AM1592.jpg,4,C:\Users\한국전파진흥협회\Desktop\dataset\combined\images\scut_fbp5500\AM1592.jpg
scut_fbp5500,AM1593.jpg,3,C:\Users\한국전파진흥협회\Desktop\dataset\combined\images\scut_fbp5500\AM1593.jpg
scut_fbp5500,AM1594.jpg,4,C:\Users\한국전파진흥협회\Desktop\dataset\combined\images\scut_fbp5500\AM1594.jpg
scut_fbp5500,AM1595.jpg,4,C:\Users\한국전파진흥협회\Desktop\dataset\combined\images\scut_fbp5500\AM1595.jpg
scut_fbp5500,AM1596.jpg,4,C:\Users\한국전파진흥협회\Desktop\dataset\combined\images\scut_fbp5500\AM1596.jpg
scut_fbp5500,AM1597.jpg,4,C:\Users\한국전파진흥협회\Desktop\dataset\combined\images\scut_fbp5500\AM1597.jpg
scut_fbp5500,AM1598.jpg,4,C:\Users\한국전파진흥협회\Desktop\dataset\combined\images\scut_fbp5500\AM1598.jpg
scut_fbp5500,AM1599.jpg,4,C:\Users\한국전파진흥협회\Desktop\dataset\combined\images\scut_fbp5500\AM1599.jpg
scut_fbp5500,AM1600.jpg,4,C:\Users\한국전파진흥협회\Desktop\dataset\combined\images\scut_fbp5500\AM1600.jpg
scut_fbp5500,AM1601.jpg,4,C:\Users\한국전파진흥협회\Desktop\dataset\combined\images\scut_fbp5500\AM1601.jpg
scut_fbp5500,AM1602.jpg,4,C:\Users\한국전파진흥협회\Desktop\dataset\combined\images\scut_fbp5500\AM1602.jpg
scut_fbp5500,AM1603.jpg,4,C:\Users\한국전파진흥협회\Desktop\dataset\combined\images\scut_fbp5500\AM1603.jpg
scut_fbp5500,AM1604.jpg,4,C:\Users\한국전파진흥협회\Desktop\dataset\combined\images\scut_fbp5500\AM1604.jpg
scut_fbp5500,AM1605.jpg,5,C:\Users\한국전파진흥협회\Desktop\dataset\combined\images\scut_fbp5500\AM1605.jpg
scut_fbp5500,AM1606.jpg,4,C:\Users\한국전파진흥협회\Desktop\dataset\combined\images\scut_fbp5500\AM1606.jpg
scut_fbp5500,AM1607.jpg,3,C:\Users\한국전파진흥협회\Desktop\dataset\combined\images\scut_fbp5500\AM1607.jpg
scut_fbp5500,AM1608.jpg,4,C:\Users\한국전파진흥협회\Desktop\dataset\combined\images\scut_fbp5500\AM1608.jpg
scut_fbp5500,AM1609.jpg,4,C:\Users\한국전파진흥협회\Desktop\dataset\combined\images\scut_fbp5500\AM1609.jpg
scut_fbp5500,AM1610.jpg,3,C:\Users\한국전파진흥협회\Desktop\dataset\combined\images\scut_fbp5500\AM1610.jpg
scut_fbp5500,AM1611.jpg,4,C:\Users\한국전파진흥협회\Desktop\dataset\combined\images\scut_fbp5500\AM1611.jpg
scut_fbp5500,AM1612.jpg,4,C:\Users\한국전파진흥협회\Desktop\dataset\combined\images\scut_fbp5500\AM1612.jpg
scut_fbp5500,AM1613.jpg,4,C:\Users\한국전파진흥협회\Desktop\dataset\combined\images\scut_fbp5500\AM1613.jpg
scut_fbp5500,AM1614.jpg,4,C:\Users\한국전파진흥협회\Desktop\dataset\combined\images\scut_fbp5500\AM1614.jpg
scut_fbp5500,AM1615.jpg,3,C:\Users\한국전파진흥협회\Desktop\dataset\combined\images\scut_fbp5500\AM1615.jpg
scut_fbp5500,AM1616.jpg,4,C:\Users\한국전파진흥협회\Desktop\dataset\combined\images\scut_fbp5500\AM1616.jpg
scut_fbp5500,AM1617.jpg,4,C:\Users\한국전파진흥협회\Desktop\dataset\combined\images\scut_fbp5500\AM1617.jpg
scut_fbp5500,AM1618.jpg,4,C:\Users\한국전파진흥협회\Desktop\dataset\combined\images\scut_fbp5500\AM1618.jpg
scut_fbp5500,AM1619.jpg,4,C:\Users\한국전파진흥협회\Desktop\dataset\combined\images\scut_fbp5500\AM1619.jpg
scut_fbp5500,AM1620.jpg,2,C:\Users\한국전파진흥협회\Desktop\dataset\combined\images\scut_fbp5500\AM1620.jpg
scut_fbp5500,AM1621.jpg,2,C:\Users\한국전파진흥협회\Desktop\dataset\combined\images\scut_fbp5500\AM1621.jpg
scut_fbp5500,AM1622.jpg,3,C:\Users\한국전파진흥협회\Desktop\dataset\combined\images\scut_fbp5500\AM1622.jpg
scut_fbp5500,AM1623.jpg,3,C:\Users\한국전파진흥협회\Desktop\dataset\combined\images\scut_fbp5500\AM1623.jpg
scut_fbp5500,AM1624.jpg,5,C:\Users\한국전파진흥협회\Desktop\dataset\combined\images\scut_fbp5500\AM1624.jpg
scut_fbp5500,AM1625.jpg,3,C:\Users\한국전파진흥협회\Desktop\dataset\combined\images\scut_fbp5500\AM1625.jpg
scut_fbp5500,AM1626.jpg,4,C:\Users\한국전파진흥협회\Desktop\dataset\combined\images\scut_fbp5500\AM1626.jpg
scut_fbp5500,AM1627.jpg,4,C:\Users\한국전파진흥협회\Desktop\dataset\combined\images\scut_fbp5500\AM1627.jpg
scut_fbp5500,AM1628.jpg,4,C:\Users\한국전파진흥협회\Desktop\dataset\combined\images\scut_fbp5500\AM1628.jpg
scut_fbp5500,AM1629.jpg,4,C:\Users\한국전파진흥협회\Desktop\dataset\combined\images\scut_fbp5500\AM1629.jpg
scut_fbp5500,AM1630.jpg,4,C:\Users\한국전파진흥협회\Desktop\dataset\combined\images\scut_fbp5500\AM1630.jpg
scut_fbp5500,AM1631.jpg,3,C:\Users\한국전파진흥협회\Desktop\dataset\combined\images\scut_fbp5500\AM1631.jpg
scut_fbp5500,AM1632.jpg,4,C:\Users\한국전파진흥협회\Desktop\dataset\combined\images\scut_fbp5500\AM1632.jpg
scut_fbp5500,AM1633.jpg,3,C:\Users\한국전파진흥협회\Desktop\dataset\combined\images\scut_fbp5500\AM1633.jpg
scut_fbp5500,AM1634.jpg,3,C:\Users\한국전파진흥협회\Desktop\dataset\combined\images\scut_fbp5500\AM1634.jpg
scut_fbp5500,AM1635.jpg,4,C:\Users\한국전파진흥협회\Desktop\dataset\combined\images\scut_fbp5500\AM1635.jpg
scut_fbp5500,AM1636.jpg,4,C:\Users\한국전파진흥협회\Desktop\dataset\combined\images\scut_fbp5500\AM1636.jpg
scut_fbp5500,AM1637.jpg,3,C:\Users\한국전파진흥협회\Desktop\dataset\combined\images\scut_fbp5500\AM1637.jpg
scut_fbp5500,AM1638.jpg,4,C:\Users\한국전파진흥협회\Desktop\dataset\combined\images\scut_fbp5500\AM1638.jpg
scut_fbp5500,AM1639.jpg,4,C:\Users\한국전파진흥협회\Desktop\dataset\combined\images\scut_fbp5500\AM1639.jpg
scut_fbp5500,AM1640.jpg,4,C:\Users\한국전파진흥협회\Desktop\dataset\combined\images\scut_fbp5500\AM1640.jpg
scut_fbp5500,AM1641.jpg,3,C:\Users\한국전파진흥협회\Desktop\dataset\combined\images\scut_fbp5500\AM1641.jpg
scut_fbp5500,AM1642.jpg,4,C:\Users\한국전파진흥협회\Desktop\dataset\combined\images\scut_fbp5500\AM1642.jpg
scut_fbp5500,AM1643.jpg,4,C:\Users\한국전파진흥협회\Desktop\dataset\combined\images\scut_fbp5500\AM1643.jpg
scut_fbp5500,AM1644.jpg,4,C:\Users\한국전파진흥협회\Desktop\dataset\combined\images\scut_fbp5500\AM1644.jpg
scut_fbp5500,AM1645.jpg,4,C:\Users\한국전파진흥협회\Desktop\dataset\combined\images\scut_fbp5500\AM1645.jpg
scut_fbp5500,AM1646.jpg,4,C:\Users\한국전파진흥협회\Desktop\dataset\combined\images\scut_fbp5500\AM1646.jpg
scut_fbp5500,AM1647.jpg,3,C:\Users\한국전파진흥협회\Desktop\dataset\combined\images\scut_fbp5500\AM1647.jpg
scut_fbp5500,AM1648.jpg,4,C:\Users\한국전파진흥협회\Desktop\dataset\combined\images\scut_fbp5500\AM1648.jpg
scut_fbp5500,AM1649.jpg,4,C:\Users\한국전파진흥협회\Desktop\dataset\combined\images\scut_fbp5500\AM1649.jpg
scut_fbp5500,AM1650.jpg,4,C:\Users\한국전파진흥협회\Desktop\dataset\combined\images\scut_fbp5500\AM1650.jpg
scut_fbp5500,AM1651.jpg,4,C:\Users\한국전파진흥협회\Desktop\dataset\combined\images\scut_fbp5500\AM1651.jpg
scut_fbp5500,AM1652.jpg,4,C:\Users\한국전파진흥협회\Desktop\dataset\combined\images\scut_fbp5500\AM1652.jpg
scut_fbp5500,AM1653.jpg,3,C:\Users\한국전파진흥협회\Desktop\dataset\combined\images\scut_fbp5500\AM1653.jpg
scut_fbp5500,AM1654.jpg,4,C:\Users\한국전파진흥협회\Desktop\dataset\combined\images\scut_fbp5500\AM1654.jpg
scut_fbp5500,AM1655.jpg,3,C:\Users\한국전파진흥협회\Desktop\dataset\combined\images\scut_fbp5500\AM1655.jpg
scut_fbp5500,AM1656.jpg,4,C:\Users\한국전파진흥협회\Desktop\dataset\combined\images\scut_fbp5500\AM1656.jpg
scut_fbp5500,AM1657.jpg,4,C:\Users\한국전파진흥협회\Desktop\dataset\combined\images\scut_fbp5500\AM1657.jpg
scut_fbp5500,AM1658.jpg,3,C:\Users\한국전파진흥협회\Desktop\dataset\combined\images\scut_fbp5500\AM1658.jpg
scut_fbp5500,AM1659.jpg,3,C:\Users\한국전파진흥협회\Desktop\dataset\combined\images\scut_fbp5500\AM1659.jpg
scut_fbp5500,AM1660.jpg,4,C:\Users\한국전파진흥협회\Desktop\dataset\combined\images\scut_fbp5500\AM1660.jpg
scut_fbp5500,AM1661.jpg,4,C:\Users\한국전파진흥협회\Desktop\dataset\combined\images\scut_fbp5500\AM1661.jpg
scut_fbp5500,AM1662.jpg,4,C:\Users\한국전파진흥협회\Desktop\dataset\combined\images\scut_fbp5500\AM1662.jpg
scut_fbp5500,AM1663.jpg,2,C:\Users\한국전파진흥협회\Desktop\dataset\combined\images\scut_fbp5500\AM1663.jpg
scut_fbp5500,AM1664.jpg,4,C:\Users\한국전파진흥협회\Desktop\dataset\combined\images\scut_fbp5500\AM1664.jpg
scut_fbp5500,AM1665.jpg,3,C:\Users\한국전파진흥협회\Desktop\dataset\combined\images\scut_fbp5500\AM1665.jpg
scut_fbp5500,AM1666.jpg,4,C:\Users\한국전파진흥협회\Desktop\dataset\combined\images\scut_fbp5500\AM1666.jpg
scut_fbp5500,AM1667.jpg,4,C:\Users\한국전파진흥협회\Desktop\dataset\combined\images\scut_fbp5500\AM1667.jpg
scut_fbp5500,AM1668.jpg,3,C:\Users\한국전파진흥협회\Desktop\dataset\combined\images\scut_fbp5500\AM1668.jpg
scut_fbp5500,AM1669.jpg,3,C:\Users\한국전파진흥협회\Desktop\dataset\combined\images\scut_fbp5500\AM1669.jpg
scut_fbp5500,AM1670.jpg,3,C:\Users\한국전파진흥협회\Desktop\dataset\combined\images\scut_fbp5500\AM1670.jpg
scut_fbp5500,AM1671.jpg,4,C:\Users\한국전파진흥협회\Desktop\dataset\combined\images\scut_fbp5500\AM1671.jpg
scut_fbp5500,AM1672.jpg,3,C:\Users\한국전파진흥협회\Desktop\dataset\combined\images\scut_fbp5500\AM1672.jpg
scut_fbp5500,AM1673.jpg,4,C:\Users\한국전파진흥협회\Desktop\dataset\combined\images\scut_fbp5500\AM1673.jpg
scut_fbp5500,AM1674.jpg,4,C:\Users\한국전파진흥협회\Desktop\dataset\combined\images\scut_fbp5500\AM1674.jpg
scut_fbp5500,AM1675.jpg,4,C:\Users\한국전파진흥협회\Desktop\dataset\combined\images\scut_fbp5500\AM1675.jpg
scut_fbp5500,AM1676.jpg,3,C:\Users\한국전파진흥협회\Desktop\dataset\combined\images\scut_fbp5500\AM1676.jpg
scut_fbp5500,AM1677.jpg,4,C:\Users\한국전파진흥협회\Desktop\dataset\combined\images\scut_fbp5500\AM1677.jpg
scut_fbp5500,AM1678.jpg,4,C:\Users\한국전파진흥협회\Desktop\dataset\combined\images\scut_fbp5500\AM1678.jpg
scut_fbp5500,AM1679.jpg,4,C:\Users\한국전파진흥협회\Desktop\dataset\combined\images\scut_fbp5500\AM1679.jpg
scut_fbp5500,AM1680.jpg,3,C:\Users\한국전파진흥협회\Desktop\dataset\combined\images\scut_fbp5500\AM1680.jpg
scut_fbp5500,AM1681.jpg,4,C:\Users\한국전파진흥협회\Desktop\dataset\combined\images\scut_fbp5500\AM1681.jpg
scut_fbp5500,AM1682.jpg,4,C:\Users\한국전파진흥협회\Desktop\dataset\combined\images\scut_fbp5500\AM1682.jpg
scut_fbp5500,AM1683.jpg,3,C:\Users\한국전파진흥협회\Desktop\dataset\combined\images\scut_fbp5500\AM1683.jpg
scut_fbp5500,AM1684.jpg,4,C:\Users\한국전파진흥협회\Desktop\dataset\combined\images\scut_fbp5500\AM1684.jpg
scut_fbp5500,AM1685.jpg,4,C:\Users\한국전파진흥협회\Desktop\dataset\combined\images\scut_fbp5500\AM1685.jpg
scut_fbp5500,AM1686.jpg,4,C:\Users\한국전파진흥협회\Desktop\dataset\combined\images\scut_fbp5500\AM1686.jpg
scut_fbp5500,AM1687.jpg,4,C:\Users\한국전파진흥협회\Desktop\dataset\combined\images\scut_fbp5500\AM1687.jpg
scut_fbp5500,AM1688.jpg,4,C:\Users\한국전파진흥협회\Desktop\dataset\combined\images\scut_fbp5500\AM1688.jpg
scut_fbp5500,AM1689.jpg,4,C:\Users\한국전파진흥협회\Desktop\dataset\combined\images\scut_fbp5500\AM1689.jpg
scut_fbp5500,AM1690.jpg,4,C:\Users\한국전파진흥협회\Desktop\dataset\combined\images\scut_fbp5500\AM1690.jpg
scut_fbp5500,AM1691.jpg,4,C:\Users\한국전파진흥협회\Desktop\dataset\combined\images\scut_fbp5500\AM1691.jpg
scut_fbp5500,AM1692.jpg,5,C:\Users\한국전파진흥협회\Desktop\dataset\combined\images\scut_fbp5500\AM1692.jpg
scut_fbp5500,AM1693.jpg,4,C:\Users\한국전파진흥협회\Desktop\dataset\combined\images\scut_fbp5500\AM1693.jpg
scut_fbp5500,AM1694.jpg,3,C:\Users\한국전파진흥협회\Desktop\dataset\combined\images\scut_fbp5500\AM1694.jpg
scut_fbp5500,AM1695.jpg,3,C:\Users\한국전파진흥협회\Desktop\dataset\combined\images\scut_fbp5500\AM1695.jpg
scut_fbp5500,AM1696.jpg,4,C:\Users\한국전파진흥협회\Desktop\dataset\combined\images\scut_fbp5500\AM1696.jpg
scut_fbp5500,AM1697.jpg,4,C:\Users\한국전파진흥협회\Desktop\dataset\combined\images\scut_fbp5500\AM1697.jpg
scut_fbp5500,AM1698.jpg,4,C:\Users\한국전파진흥협회\Desktop\dataset\combined\images\scut_fbp5500\AM1698.jpg
scut_fbp5500,AM1699.jpg,5,C:\Users\한국전파진흥협회\Desktop\dataset\combined\images\scut_fbp5500\AM1699.jpg
scut_fbp5500,AM1700.jpg,4,C:\Users\한국전파진흥협회\Desktop\dataset\combined\images\scut_fbp5500\AM1700.jpg
scut_fbp5500,AM1701.jpg,4,C:\Users\한국전파진흥협회\Desktop\dataset\combined\images\scut_fbp5500\AM1701.jpg
scut_fbp5500,AM1702.jpg,4,C:\Users\한국전파진흥협회\Desktop\dataset\combined\images\scut_fbp5500\AM1702.jpg
scut_fbp5500,AM1703.jpg,4,C:\Users\한국전파진흥협회\Desktop\dataset\combined\images\scut_fbp5500\AM1703.jpg
scut_fbp5500,AM1704.jpg,4,C:\Users\한국전파진흥협회\Desktop\dataset\combined\images\scut_fbp5500\AM1704.jpg
scut_fbp5500,AM1705.jpg,3,C:\Users\한국전파진흥협회\Desktop\dataset\combined\images\scut_fbp5500\AM1705.jpg
scut_fbp5500,AM1706.jpg,3,C:\Users\한국전파진흥협회\Desktop\dataset\combined\images\scut_fbp5500\AM1706.jpg
scut_fbp5500,AM1707.jpg,4,C:\Users\한국전파진흥협회\Desktop\dataset\combined\images\scut_fbp5500\AM1707.jpg
scut_fbp5500,AM1708.jpg,4,C:\Users\한국전파진흥협회\Desktop\dataset\combined\images\scut_fbp5500\AM1708.jpg
scut_fbp5500,AM1709.jpg,3,C:\Users\한국전파진흥협회\Desktop\dataset\combined\images\scut_fbp5500\AM1709.jpg
scut_fbp5500,AM1710.jpg,4,C:\Users\한국전파진흥협회\Desktop\dataset\combined\images\scut_fbp5500\AM1710.jpg
scut_fbp5500,AM1711.jpg,3,C:\Users\한국전파진흥협회\Desktop\dataset\combined\images\scut_fbp5500\AM1711.jpg
scut_fbp5500,AM1712.jpg,4,C:\Users\한국전파진흥협회\Desktop\dataset\combined\images\scut_fbp5500\AM1712.jpg
scut_fbp5500,AM1713.jpg,3,C:\Users\한국전파진흥협회\Desktop\dataset\combined\images\scut_fbp5500\AM1713.jpg
scut_fbp5500,AM1714.jpg,3,C:\Users\한국전파진흥협회\Desktop\dataset\combined\images\scut_fbp5500\AM1714.jpg
scut_fbp5500,AM1715.jpg,3,C:\Users\한국전파진흥협회\Desktop\dataset\combined\images\scut_fbp5500\AM1715.jpg
scut_fbp5500,AM1716.jpg,4,C:\Users\한국전파진흥협회\Desktop\dataset\combined\images\scut_fbp5500\AM1716.jpg
scut_fbp5500,AM1717.jpg,4,C:\Users\한국전파진흥협회\Desktop\dataset\combined\images\scut_fbp5500\AM1717.jpg
scut_fbp5500,AM1718.jpg,4,C:\Users\한국전파진흥협회\Desktop\dataset\combined\images\scut_fbp5500\AM1718.jpg
scut_fbp5500,AM1719.jpg,4,C:\Users\한국전파진흥협회\Desktop\dataset\combined\images\scut_fbp5500\AM1719.jpg
scut_fbp5500,AM1720.jpg,4,C:\Users\한국전파진흥협회\Desktop\dataset\combined\images\scut_fbp5500\AM1720.jpg
scut_fbp5500,AM1721.jpg,4,C:\Users\한국전파진흥협회\Desktop\dataset\combined\images\scut_fbp5500\AM1721.jpg
scut_fbp5500,AM1722.jpg,3,C:\Users\한국전파진흥협회\Desktop\dataset\combined\images\scut_fbp5500\AM1722.jpg
scut_fbp5500,AM1723.jpg,4,C:\Users\한국전파진흥협회\Desktop\dataset\combined\images\scut_fbp5500\AM1723.jpg
scut_fbp5500,AM1724.jpg,4,C:\Users\한국전파진흥협회\Desktop\dataset\combined\images\scut_fbp5500\AM1724.jpg
scut_fbp5500,AM1725.jpg,3,C:\Users\한국전파진흥협회\Desktop\dataset\combined\images\scut_fbp5500\AM1725.jpg
scut_fbp5500,AM1726.jpg,4,C:\Users\한국전파진흥협회\Desktop\dataset\combined\images\scut_fbp5500\AM1726.jpg
scut_fbp5500,AM1727.jpg,3,C:\Users\한국전파진흥협회\Desktop\dataset\combined\images\scut_fbp5500\AM1727.jpg
scut_fbp5500,AM1728.jpg,4,C:\Users\한국전파진흥협회\Desktop\dataset\combined\images\scut_fbp5500\AM1728.jpg
scut_fbp5500,AM1729.jpg,4,C:\Users\한국전파진흥협회\Desktop\dataset\combined\images\scut_fbp5500\AM1729.jpg
scut_fbp5500,AM1730.jpg,3,C:\Users\한국전파진흥협회\Desktop\dataset\combined\images\scut_fbp5500\AM1730.jpg
scut_fbp5500,AM1731.jpg,4,C:\Users\한국전파진흥협회\Desktop\dataset\combined\images\scut_fbp5500\AM1731.jpg
scut_fbp5500,AM1732.jpg,4,C:\Users\한국전파진흥협회\Desktop\dataset\combined\images\scut_fbp5500\AM1732.jpg
scut_fbp5500,AM1733.jpg,4,C:\Users\한국전파진흥협회\Desktop\dataset\combined\images\scut_fbp5500\AM1733.jpg
scut_fbp5500,AM1734.jpg,4,C:\Users\한국전파진흥협회\Desktop\dataset\combined\images\scut_fbp5500\AM1734.jpg
scut_fbp5500,AM1735.jpg,3,C:\Users\한국전파진흥협회\Desktop\dataset\combined\images\scut_fbp5500\AM1735.jpg
scut_fbp5500,AM1736.jpg,4,C:\Users\한국전파진흥협회\Desktop\dataset\combined\images\scut_fbp5500\AM1736.jpg
scut_fbp5500,AM1737.jpg,4,C:\Users\한국전파진흥협회\Desktop\dataset\combined\images\scut_fbp5500\AM1737.jpg
scut_fbp5500,AM1738.jpg,4,C:\Users\한국전파진흥협회\Desktop\dataset\combined\images\scut_fbp5500\AM1738.jpg
scut_fbp5500,AM1739.jpg,3,C:\Users\한국전파진흥협회\Desktop\dataset\combined\images\scut_fbp5500\AM1739.jpg
scut_fbp5500,AM1740.jpg,4,C:\Users\한국전파진흥협회\Desktop\dataset\combined\images\scut_fbp5500\AM1740.jpg
scut_fbp5500,AM1741.jpg,4,C:\Users\한국전파진흥협회\Desktop\dataset\combined\images\scut_fbp5500\AM1741.jpg
scut_fbp5500,AM1742.jpg,4,C:\Users\한국전파진흥협회\Desktop\dataset\combined\images\scut_fbp5500\AM1742.jpg
scut_fbp5500,AM1743.jpg,3,C:\Users\한국전파진흥협회\Desktop\dataset\combined\images\scut_fbp5500\AM1743.jpg
scut_fbp5500,AM1744.jpg,3,C:\Users\한국전파진흥협회\Desktop\dataset\combined\images\scut_fbp5500\AM1744.jpg
scut_fbp5500,AM1745.jpg,3,C:\Users\한국전파진흥협회\Desktop\dataset\combined\images\scut_fbp5500\AM1745.jpg
scut_fbp5500,AM1746.jpg,4,C:\Users\한국전파진흥협회\Desktop\dataset\combined\images\scut_fbp5500\AM1746.jpg
scut_fbp5500,AM1747.jpg,3,C:\Users\한국전파진흥협회\Desktop\dataset\combined\images\scut_fbp5500\AM1747.jpg
scut_fbp5500,AM1748.jpg,3,C:\Users\한국전파진흥협회\Desktop\dataset\combined\images\scut_fbp5500\AM1748.jpg
scut_fbp5500,AM1749.jpg,3,C:\Users\한국전파진흥협회\Desktop\dataset\combined\images\scut_fbp5500\AM1749.jpg
scut_fbp5500,AM1750.jpg,4,C:\Users\한국전파진흥협회\Desktop\dataset\combined\images\scut_fbp5500\AM1750.jpg
scut_fbp5500,AM1751.jpg,4,C:\Users\한국전파진흥협회\Desktop\dataset\combined\images\scut_fbp5500\AM1751.jpg
scut_fbp5500,AM1752.jpg,4,C:\Users\한국전파진흥협회\Desktop\dataset\combined\images\scut_fbp5500\AM1752.jpg
scut_fbp5500,AM1753.jpg,3,C:\Users\한국전파진흥협회\Desktop\dataset\combined\images\scut_fbp5500\AM1753.jpg
scut_fbp5500,AM1754.jpg,4,C:\Users\한국전파진흥협회\Desktop\dataset\combined\images\scut_fbp5500\AM1754.jpg
scut_fbp5500,AM1755.jpg,3,C:\Users\한국전파진흥협회\Desktop\dataset\combined\images\scut_fbp5500\AM1755.jpg
scut_fbp5500,AM1756.jpg,4,C:\Users\한국전파진흥협회\Desktop\dataset\combined\images\scut_fbp5500\AM1756.jpg
scut_fbp5500,AM1757.jpg,4,C:\Users\한국전파진흥협회\Desktop\dataset\combined\images\scut_fbp5500\AM1757.jpg
scut_fbp5500,AM1758.jpg,4,C:\Users\한국전파진흥협회\Desktop\dataset\combined\images\scut_fbp5500\AM1758.jpg
scut_fbp5500,AM1759.jpg,4,C:\Users\한국전파진흥협회\Desktop\dataset\combined\images\scut_fbp5500\AM1759.jpg
scut_fbp5500,AM1760.jpg,4,C:\Users\한국전파진흥협회\Desktop\dataset\combined\images\scut_fbp5500\AM1760.jpg
scut_fbp5500,AM1761.jpg,4,C:\Users\한국전파진흥협회\Desktop\dataset\combined\images\scut_fbp5500\AM1761.jpg
scut_fbp5500,AM1762.jpg,2,C:\Users\한국전파진흥협회\Desktop\dataset\combined\images\scut_fbp5500\AM1762.jpg
scut_fbp5500,AM1763.jpg,4,C:\Users\한국전파진흥협회\Desktop\dataset\combined\images\scut_fbp5500\AM1763.jpg
scut_fbp5500,AM1764.jpg,3,C:\Users\한국전파진흥협회\Desktop\dataset\combined\images\scut_fbp5500\AM1764.jpg
scut_fbp5500,AM1765.jpg,4,C:\Users\한국전파진흥협회\Desktop\dataset\combined\images\scut_fbp5500\AM1765.jpg
scut_fbp5500,AM1766.jpg,4,C:\Users\한국전파진흥협회\Desktop\dataset\combined\images\scut_fbp5500\AM1766.jpg
scut_fbp5500,AM1767.jpg,2,C:\Users\한국전파진흥협회\Desktop\dataset\combined\images\scut_fbp5500\AM1767.jpg
scut_fbp5500,AM1768.jpg,3,C:\Users\한국전파진흥협회\Desktop\dataset\combined\images\scut_fbp5500\AM1768.jpg
scut_fbp5500,AM1769.jpg,4,C:\Users\한국전파진흥협회\Desktop\dataset\combined\images\scut_fbp5500\AM1769.jpg
scut_fbp5500,AM1770.jpg,3,C:\Users\한국전파진흥협회\Desktop\dataset\combined\images\scut_fbp5500\AM1770.jpg
scut_fbp5500,AM1771.jpg,4,C:\Users\한국전파진흥협회\Desktop\dataset\combined\images\scut_fbp5500\AM1771.jpg
scut_fbp5500,AM1772.jpg,3,C:\Users\한국전파진흥협회\Desktop\dataset\combined\images\scut_fbp5500\AM1772.jpg
scut_fbp5500,AM1773.jpg,4,C:\Users\한국전파진흥협회\Desktop\dataset\combined\images\scut_fbp5500\AM1773.jpg
scut_fbp5500,AM1774.jpg,4,C:\Users\한국전파진흥협회\Desktop\dataset\combined\images\scut_fbp5500\AM1774.jpg
scut_fbp5500,AM1775.jpg,4,C:\Users\한국전파진흥협회\Desktop\dataset\combined\images\scut_fbp5500\AM1775.jpg
scut_fbp5500,AM1776.jpg,4,C:\Users\한국전파진흥협회\Desktop\dataset\combined\images\scut_fbp5500\AM1776.jpg
scut_fbp5500,AM1777.jpg,4,C:\Users\한국전파진흥협회\Desktop\dataset\combined\images\scut_fbp5500\AM1777.jpg
scut_fbp5500,AM1778.jpg,2,C:\Users\한국전파진흥협회\Desktop\dataset\combined\images\scut_fbp5500\AM1778.jpg
scut_fbp5500,AM1779.jpg,4,C:\Users\한국전파진흥협회\Desktop\dataset\combined\images\scut_fbp5500\AM1779.jpg
scut_fbp5500,AM1780.jpg,3,C:\Users\한국전파진흥협회\Desktop\dataset\combined\images\scut_fbp5500\AM1780.jpg
scut_fbp5500,AM1781.jpg,3,C:\Users\한국전파진흥협회\Desktop\dataset\combined\images\scut_fbp5500\AM1781.jpg
scut_fbp5500,AM1782.jpg,3,C:\Users\한국전파진흥협회\Desktop\dataset\combined\images\scut_fbp5500\AM1782.jpg
scut_fbp5500,AM1783.jpg,3,C:\Users\한국전파진흥협회\Desktop\dataset\combined\images\scut_fbp5500\AM1783.jpg
scut_fbp5500,AM1784.jpg,4,C:\Users\한국전파진흥협회\Desktop\dataset\combined\images\scut_fbp5500\AM1784.jpg
scut_fbp5500,AM1785.jpg,3,C:\Users\한국전파진흥협회\Desktop\dataset\combined\images\scut_fbp5500\AM1785.jpg
scut_fbp5500,AM1786.jpg,4,C:\Users\한국전파진흥협회\Desktop\dataset\combined\images\scut_fbp5500\AM1786.jpg
scut_fbp5500,AM1787.jpg,3,C:\Users\한국전파진흥협회\Desktop\dataset\combined\images\scut_fbp5500\AM1787.jpg
scut_fbp5500,AM1788.jpg,2,C:\Users\한국전파진흥협회\Desktop\dataset\combined\images\scut_fbp5500\AM1788.jpg
scut_fbp5500,AM1789.jpg,3,C:\Users\한국전파진흥협회\Desktop\dataset\combined\images\scut_fbp5500\AM1789.jpg
scut_fbp5500,AM1790.jpg,4,C:\Users\한국전파진흥협회\Desktop\dataset\combined\images\scut_fbp5500\AM1790.jpg
scut_fbp5500,AM1791.jpg,2,C:\Users\한국전파진흥협회\Desktop\dataset\combined\images\scut_fbp5500\AM1791.jpg
scut_fbp5500,AM1792.jpg,3,C:\Users\한국전파진흥협회\Desktop\dataset\combined\images\scut_fbp5500\AM1792.jpg
scut_fbp5500,AM1793.jpg,3,C:\Users\한국전파진흥협회\Desktop\dataset\combined\images\scut_fbp5500\AM1793.jpg
scut_fbp5500,AM1794.jpg,3,C:\Users\한국전파진흥협회\Desktop\dataset\combined\images\scut_fbp5500\AM1794.jpg
scut_fbp5500,AM1795.jpg,4,C:\Users\한국전파진흥협회\Desktop\dataset\combined\images\scut_fbp5500\AM1795.jpg
scut_fbp5500,AM1796.jpg,4,C:\Users\한국전파진흥협회\Desktop\dataset\combined\images\scut_fbp5500\AM1796.jpg
scut_fbp5500,AM1797.jpg,3,C:\Users\한국전파진흥협회\Desktop\dataset\combined\images\scut_fbp5500\AM1797.jpg
scut_fbp5500,AM1798.jpg,3,C:\Users\한국전파진흥협회\Desktop\dataset\combined\images\scut_fbp5500\AM1798.jpg
scut_fbp5500,AM1799.jpg,3,C:\Users\한국전파진흥협회\Desktop\dataset\combined\images\scut_fbp5500\AM1799.jpg
scut_fbp5500,AM1800.jpg,4,C:\Users\한국전파진흥협회\Desktop\dataset\combined\images\scut_fbp5500\AM1800.jpg
scut_fbp5500,AM1801.jpg,4,C:\Users\한국전파진흥협회\Desktop\dataset\combined\images\scut_fbp5500\AM1801.jpg
scut_fbp5500,AM1802.jpg,4,C:\Users\한국전파진흥협회\Desktop\dataset\combined\images\scut_fbp5500\AM1802.jpg
scut_fbp5500,AM1803.jpg,3,C:\Users\한국전파진흥협회\Desktop\dataset\combined\images\scut_fbp5500\AM1803.jpg
scut_fbp5500,AM1804.jpg,3,C:\Users\한국전파진흥협회\Desktop\dataset\combined\images\scut_fbp5500\AM1804.jpg
scut_fbp5500,AM1805.jpg,4,C:\Users\한국전파진흥협회\Desktop\dataset\combined\images\scut_fbp5500\AM1805.jpg
scut_fbp5500,AM1806.jpg,3,C:\Users\한국전파진흥협회\Desktop\dataset\combined\images\scut_fbp5500\AM1806.jpg
scut_fbp5500,AM1807.jpg,4,C:\Users\한국전파진흥협회\Desktop\dataset\combined\images\scut_fbp5500\AM1807.jpg
scut_fbp5500,AM1808.jpg,4,C:\Users\한국전파진흥협회\Desktop\dataset\combined\images\scut_fbp5500\AM1808.jpg
scut_fbp5500,AM1809.jpg,3,C:\Users\한국전파진흥협회\Desktop\dataset\combined\images\scut_fbp5500\AM1809.jpg
scut_fbp5500,AM1810.jpg,3,C:\Users\한국전파진흥협회\Desktop\dataset\combined\images\scut_fbp5500\AM1810.jpg
scut_fbp5500,AM1811.jpg,3,C:\Users\한국전파진흥협회\Desktop\dataset\combined\images\scut_fbp5500\AM1811.jpg
scut_fbp5500,AM1812.jpg,3,C:\Users\한국전파진흥협회\Desktop\dataset\combined\images\scut_fbp5500\AM1812.jpg
scut_fbp5500,AM1813.jpg,4,C:\Users\한국전파진흥협회\Desktop\dataset\combined\images\scut_fbp5500\AM1813.jpg
scut_fbp5500,AM1814.jpg,2,C:\Users\한국전파진흥협회\Desktop\dataset\combined\images\scut_fbp5500\AM1814.jpg
scut_fbp5500,AM1815.jpg,3,C:\Users\한국전파진흥협회\Desktop\dataset\combined\images\scut_fbp5500\AM1815.jpg
scut_fbp5500,AM1816.jpg,3,C:\Users\한국전파진흥협회\Desktop\dataset\combined\images\scut_fbp5500\AM1816.jpg
scut_fbp5500,AM1817.jpg,3,C:\Users\한국전파진흥협회\Desktop\dataset\combined\images\scut_fbp5500\AM1817.jpg
scut_fbp5500,AM1818.jpg,2,C:\Users\한국전파진흥협회\Desktop\dataset\combined\images\scut_fbp5500\AM1818.jpg
scut_fbp5500,AM1819.jpg,3,C:\Users\한국전파진흥협회\Desktop\dataset\combined\images\scut_fbp5500\AM1819.jpg
scut_fbp5500,AM1820.jpg,2,C:\Users\한국전파진흥협회\Desktop\dataset\combined\images\scut_fbp5500\AM1820.jpg
scut_fbp5500,AM1821.jpg,3,C:\Users\한국전파진흥협회\Desktop\dataset\combined\images\scut_fbp5500\AM1821.jpg
scut_fbp5500,AM1822.jpg,4,C:\Users\한국전파진흥협회\Desktop\dataset\combined\images\scut_fbp5500\AM1822.jpg
scut_fbp5500,AM1823.jpg,3,C:\Users\한국전파진흥협회\Desktop\dataset\combined\images\scut_fbp5500\AM1823.jpg
scut_fbp5500,AM1824.jpg,3,C:\Users\한국전파진흥협회\Desktop\dataset\combined\images\scut_fbp5500\AM1824.jpg
scut_fbp5500,AM1825.jpg,2,C:\Users\한국전파진흥협회\Desktop\dataset\combined\images\scut_fbp5500\AM1825.jpg
scut_fbp5500,AM1826.jpg,3,C:\Users\한국전파진흥협회\Desktop\dataset\combined\images\scut_fbp5500\AM1826.jpg
scut_fbp5500,AM1827.jpg,3,C:\Users\한국전파진흥협회\Desktop\dataset\combined\images\scut_fbp5500\AM1827.jpg
scut_fbp5500,AM1828.jpg,3,C:\Users\한국전파진흥협회\Desktop\dataset\combined\images\scut_fbp5500\AM1828.jpg
scut_fbp5500,AM1829.jpg,3,C:\Users\한국전파진흥협회\Desktop\dataset\combined\images\scut_fbp5500\AM1829.jpg
scut_fbp5500,AM1830.jpg,3,C:\Users\한국전파진흥협회\Desktop\dataset\combined\images\scut_fbp5500\AM1830.jpg
scut_fbp5500,AM1831.jpg,4,C:\Users\한국전파진흥협회\Desktop\dataset\combined\images\scut_fbp5500\AM1831.jpg
scut_fbp5500,AM1832.jpg,4,C:\Users\한국전파진흥협회\Desktop\dataset\combined\images\scut_fbp5500\AM1832.jpg
scut_fbp5500,AM1833.jpg,4,C:\Users\한국전파진흥협회\Desktop\dataset\combined\images\scut_fbp5500\AM1833.jpg
scut_fbp5500,AM1834.jpg,4,C:\Users\한국전파진흥협회\Desktop\dataset\combined\images\scut_fbp5500\AM1834.jpg
scut_fbp5500,AM1835.jpg,4,C:\Users\한국전파진흥협회\Desktop\dataset\combined\images\scut_fbp5500\AM1835.jpg
scut_fbp5500,AM1836.jpg,4,C:\Users\한국전파진흥협회\Desktop\dataset\combined\images\scut_fbp5500\AM1836.jpg
scut_fbp5500,AM1837.jpg,5,C:\Users\한국전파진흥협회\Desktop\dataset\combined\images\scut_fbp5500\AM1837.jpg
scut_fbp5500,AM1838.jpg,5,C:\Users\한국전파진흥협회\Desktop\dataset\combined\images\scut_fbp5500\AM1838.jpg
scut_fbp5500,AM1839.jpg,3,C:\Users\한국전파진흥협회\Desktop\dataset\combined\images\scut_fbp5500\AM1839.jpg
scut_fbp5500,AM1840.jpg,3,C:\Users\한국전파진흥협회\Desktop\dataset\combined\images\scut_fbp5500\AM1840.jpg
scut_fbp5500,AM1841.jpg,2,C:\Users\한국전파진흥협회\Desktop\dataset\combined\images\scut_fbp5500\AM1841.jpg
scut_fbp5500,AM1842.jpg,4,C:\Users\한국전파진흥협회\Desktop\dataset\combined\images\scut_fbp5500\AM1842.jpg
scut_fbp5500,AM1843.jpg,3,C:\Users\한국전파진흥협회\Desktop\dataset\combined\images\scut_fbp5500\AM1843.jpg
scut_fbp5500,AM1844.jpg,3,C:\Users\한국전파진흥협회\Desktop\dataset\combined\images\scut_fbp5500\AM1844.jpg
scut_fbp5500,AM1845.jpg,4,C:\Users\한국전파진흥협회\Desktop\dataset\combined\images\scut_fbp5500\AM1845.jpg
scut_fbp5500,AM1846.jpg,2,C:\Users\한국전파진흥협회\Desktop\dataset\combined\images\scut_fbp5500\AM1846.jpg
scut_fbp5500,AM1847.jpg,4,C:\Users\한국전파진흥협회\Desktop\dataset\combined\images\scut_fbp5500\AM1847.jpg
scut_fbp5500,AM1848.jpg,2,C:\Users\한국전파진흥협회\Desktop\dataset\combined\images\scut_fbp5500\AM1848.jpg
scut_fbp5500,AM1849.jpg,3,C:\Users\한국전파진흥협회\Desktop\dataset\combined\images\scut_fbp5500\AM1849.jpg
scut_fbp5500,AM1850.jpg,2,C:\Users\한국전파진흥협회\Desktop\dataset\combined\images\scut_fbp5500\AM1850.jpg
scut_fbp5500,AM1851.jpg,4,C:\Users\한국전파진흥협회\Desktop\dataset\combined\images\scut_fbp5500\AM1851.jpg
scut_fbp5500,AM1852.jpg,4,C:\Users\한국전파진흥협회\Desktop\dataset\combined\images\scut_fbp5500\AM1852.jpg
scut_fbp5500,AM1853.jpg,4,C:\Users\한국전파진흥협회\Desktop\dataset\combined\images\scut_fbp5500\AM1853.jpg
scut_fbp5500,AM1854.jpg,4,C:\Users\한국전파진흥협회\Desktop\dataset\combined\images\scut_fbp5500\AM1854.jpg
scut_fbp5500,AM1855.jpg,3,C:\Users\한국전파진흥협회\Desktop\dataset\combined\images\scut_fbp5500\AM1855.jpg
scut_fbp5500,AM1856.jpg,4,C:\Users\한국전파진흥협회\Desktop\dataset\combined\images\scut_fbp5500\AM1856.jpg
scut_fbp5500,AM1857.jpg,4,C:\Users\한국전파진흥협회\Desktop\dataset\combined\images\scut_fbp5500\AM1857.jpg
scut_fbp5500,AM1858.jpg,4,C:\Users\한국전파진흥협회\Desktop\dataset\combined\images\scut_fbp5500\AM1858.jpg
scut_fbp5500,AM1859.jpg,3,C:\Users\한국전파진흥협회\Desktop\dataset\combined\images\scut_fbp5500\AM1859.jpg
scut_fbp5500,AM1860.jpg,2,C:\Users\한국전파진흥협회\Desktop\dataset\combined\images\scut_fbp5500\AM1860.jpg
scut_fbp5500,AM1861.jpg,3,C:\Users\한국전파진흥협회\Desktop\dataset\combined\images\scut_fbp5500\AM1861.jpg
scut_fbp5500,AM1862.jpg,4,C:\Users\한국전파진흥협회\Desktop\dataset\combined\images\scut_fbp5500\AM1862.jpg
scut_fbp5500,AM1863.jpg,4,C:\Users\한국전파진흥협회\Desktop\dataset\combined\images\scut_fbp5500\AM1863.jpg
scut_fbp5500,AM1864.jpg,4,C:\Users\한국전파진흥협회\Desktop\dataset\combined\images\scut_fbp5500\AM1864.jpg
scut_fbp5500,AM1865.jpg,3,C:\Users\한국전파진흥협회\Desktop\dataset\combined\images\scut_fbp5500\AM1865.jpg
scut_fbp5500,AM1866.jpg,3,C:\Users\한국전파진흥협회\Desktop\dataset\combined\images\scut_fbp5500\AM1866.jpg
scut_fbp5500,AM1867.jpg,4,C:\Users\한국전파진흥협회\Desktop\dataset\combined\images\scut_fbp5500\AM1867.jpg
scut_fbp5500,AM1868.jpg,4,C:\Users\한국전파진흥협회\Desktop\dataset\combined\images\scut_fbp5500\AM1868.jpg
scut_fbp5500,AM1869.jpg,3,C:\Users\한국전파진흥협회\Desktop\dataset\combined\images\scut_fbp5500\AM1869.jpg
scut_fbp5500,AM1870.jpg,3,C:\Users\한국전파진흥협회\Desktop\dataset\combined\images\scut_fbp5500\AM1870.jpg
scut_fbp5500,AM1871.jpg,3,C:\Users\한국전파진흥협회\Desktop\dataset\combined\images\scut_fbp5500\AM1871.jpg
scut_fbp5500,AM1872.jpg,3,C:\Users\한국전파진흥협회\Desktop\dataset\combined\images\scut_fbp5500\AM1872.jpg
scut_fbp5500,AM1873.jpg,3,C:\Users\한국전파진흥협회\Desktop\dataset\combined\images\scut_fbp5500\AM1873.jpg
scut_fbp5500,AM1874.jpg,2,C:\Users\한국전파진흥협회\Desktop\dataset\combined\images\scut_fbp5500\AM1874.jpg
scut_fbp5500,AM1875.jpg,3,C:\Users\한국전파진흥협회\Desktop\dataset\combined\images\scut_fbp5500\AM1875.jpg
scut_fbp5500,AM1876.jpg,3,C:\Users\한국전파진흥협회\Desktop\dataset\combined\images\scut_fbp5500\AM1876.jpg
scut_fbp5500,AM1877.jpg,4,C:\Users\한국전파진흥협회\Desktop\dataset\combined\images\scut_fbp5500\AM1877.jpg
scut_fbp5500,AM1878.jpg,4,C:\Users\한국전파진흥협회\Desktop\dataset\combined\images\scut_fbp5500\AM1878.jpg
scut_fbp5500,AM1879.jpg,4,C:\Users\한국전파진흥협회\Desktop\dataset\combined\images\scut_fbp5500\AM1879.jpg
scut_fbp5500,AM1880.jpg,3,C:\Users\한국전파진흥협회\Desktop\dataset\combined\images\scut_fbp5500\AM1880.jpg
scut_fbp5500,AM1881.jpg,4,C:\Users\한국전파진흥협회\Desktop\dataset\combined\images\scut_fbp5500\AM1881.jpg
scut_fbp5500,AM1882.jpg,3,C:\Users\한국전파진흥협회\Desktop\dataset\combined\images\scut_fbp5500\AM1882.jpg
scut_fbp5500,AM1883.jpg,4,C:\Users\한국전파진흥협회\Desktop\dataset\combined\images\scut_fbp5500\AM1883.jpg
scut_fbp5500,AM1884.jpg,4,C:\Users\한국전파진흥협회\Desktop\dataset\combined\images\scut_fbp5500\AM1884.jpg
scut_fbp5500,AM1885.jpg,4,C:\Users\한국전파진흥협회\Desktop\dataset\combined\images\scut_fbp5500\AM1885.jpg
scut_fbp5500,AM1886.jpg,3,C:\Users\한국전파진흥협회\Desktop\dataset\combined\images\scut_fbp5500\AM1886.jpg
scut_fbp5500,AM1887.jpg,4,C:\Users\한국전파진흥협회\Desktop\dataset\combined\images\scut_fbp5500\AM1887.jpg
scut_fbp5500,AM1888.jpg,3,C:\Users\한국전파진흥협회\Desktop\dataset\combined\images\scut_fbp5500\AM1888.jpg
scut_fbp5500,AM1889.jpg,4,C:\Users\한국전파진흥협회\Desktop\dataset\combined\images\scut_fbp5500\AM1889.jpg
scut_fbp5500,AM1890.jpg,3,C:\Users\한국전파진흥협회\Desktop\dataset\combined\images\scut_fbp5500\AM1890.jpg
scut_fbp5500,AM1891.jpg,4,C:\Users\한국전파진흥협회\Desktop\dataset\combined\images\scut_fbp5500\AM1891.jpg
scut_fbp5500,AM1892.jpg,4,C:\Users\한국전파진흥협회\Desktop\dataset\combined\images\scut_fbp5500\AM1892.jpg
scut_fbp5500,AM1893.jpg,4,C:\Users\한국전파진흥협회\Desktop\dataset\combined\images\scut_fbp5500\AM1893.jpg
scut_fbp5500,AM1894.jpg,4,C:\Users\한국전파진흥협회\Desktop\dataset\combined\images\scut_fbp5500\AM1894.jpg
scut_fbp5500,AM1895.jpg,4,C:\Users\한국전파진흥협회\Desktop\dataset\combined\images\scut_fbp5500\AM1895.jpg
scut_fbp5500,AM1896.jpg,3,C:\Users\한국전파진흥협회\Desktop\dataset\combined\images\scut_fbp5500\AM1896.jpg
scut_fbp5500,AM1897.jpg,4,C:\Users\한국전파진흥협회\Desktop\dataset\combined\images\scut_fbp5500\AM1897.jpg
scut_fbp5500,AM1898.jpg,3,C:\Users\한국전파진흥협회\Desktop\dataset\combined\images\scut_fbp5500\AM1898.jpg
scut_fbp5500,AM1899.jpg,3,C:\Users\한국전파진흥협회\Desktop\dataset\combined\images\scut_fbp5500\AM1899.jpg
scut_fbp5500,AM1900.jpg,3,C:\Users\한국전파진흥협회\Desktop\dataset\combined\images\scut_fbp5500\AM1900.jpg
scut_fbp5500,AM1901.jpg,3,C:\Users\한국전파진흥협회\Desktop\dataset\combined\images\scut_fbp5500\AM1901.jpg
scut_fbp5500,AM1902.jpg,3,C:\Users\한국전파진흥협회\Desktop\dataset\combined\images\scut_fbp5500\AM1902.jpg
scut_fbp5500,AM1903.jpg,3,C:\Users\한국전파진흥협회\Desktop\dataset\combined\images\scut_fbp5500\AM1903.jpg
scut_fbp5500,AM1904.jpg,2,C:\Users\한국전파진흥협회\Desktop\dataset\combined\images\scut_fbp5500\AM1904.jpg
scut_fbp5500,AM1905.jpg,3,C:\Users\한국전파진흥협회\Desktop\dataset\combined\images\scut_fbp5500\AM1905.jpg
scut_fbp5500,AM1906.jpg,3,C:\Users\한국전파진흥협회\Desktop\dataset\combined\images\scut_fbp5500\AM1906.jpg
scut_fbp5500,AM1907.jpg,3,C:\Users\한국전파진흥협회\Desktop\dataset\combined\images\scut_fbp5500\AM1907.jpg
scut_fbp5500,AM1908.jpg,2,C:\Users\한국전파진흥협회\Desktop\dataset\combined\images\scut_fbp5500\AM1908.jpg
scut_fbp5500,AM1909.jpg,3,C:\Users\한국전파진흥협회\Desktop\dataset\combined\images\scut_fbp5500\AM1909.jpg
scut_fbp5500,AM1910.jpg,3,C:\Users\한국전파진흥협회\Desktop\dataset\combined\images\scut_fbp5500\AM1910.jpg
scut_fbp5500,AM1911.jpg,3,C:\Users\한국전파진흥협회\Desktop\dataset\combined\images\scut_fbp5500\AM1911.jpg
scut_fbp5500,AM1912.jpg,3,C:\Users\한국전파진흥협회\Desktop\dataset\combined\images\scut_fbp5500\AM1912.jpg
scut_fbp5500,AM1913.jpg,3,C:\Users\한국전파진흥협회\Desktop\dataset\combined\images\scut_fbp5500\AM1913.jpg
scut_fbp5500,AM1914.jpg,3,C:\Users\한국전파진흥협회\Desktop\dataset\combined\images\scut_fbp5500\AM1914.jpg
scut_fbp5500,AM1915.jpg,3,C:\Users\한국전파진흥협회\Desktop\dataset\combined\images\scut_fbp5500\AM1915.jpg
scut_fbp5500,AM1916.jpg,3,C:\Users\한국전파진흥협회\Desktop\dataset\combined\images\scut_fbp5500\AM1916.jpg
scut_fbp5500,AM1917.jpg,2,C:\Users\한국전파진흥협회\Desktop\dataset\combined\images\scut_fbp5500\AM1917.jpg
scut_fbp5500,AM1918.jpg,3,C:\Users\한국전파진흥협회\Desktop\dataset\combined\images\scut_fbp5500\AM1918.jpg
scut_fbp5500,AM1919.jpg,3,C:\Users\한국전파진흥협회\Desktop\dataset\combined\images\scut_fbp5500\AM1919.jpg
scut_fbp5500,AM1920.jpg,3,C:\Users\한국전파진흥협회\Desktop\dataset\combined\images\scut_fbp5500\AM1920.jpg
scut_fbp5500,AM1921.jpg,3,C:\Users\한국전파진흥협회\Desktop\dataset\combined\images\scut_fbp5500\AM1921.jpg
scut_fbp5500,AM1922.jpg,2,C:\Users\한국전파진흥협회\Desktop\dataset\combined\images\scut_fbp5500\AM1922.jpg
scut_fbp5500,AM1923.jpg,2,C:\Users\한국전파진흥협회\Desktop\dataset\combined\images\scut_fbp5500\AM1923.jpg
scut_fbp5500,AM1924.jpg,3,C:\Users\한국전파진흥협회\Desktop\dataset\combined\images\scut_fbp5500\AM1924.jpg
scut_fbp5500,AM1925.jpg,4,C:\Users\한국전파진흥협회\Desktop\dataset\combined\images\scut_fbp5500\AM1925.jpg
scut_fbp5500,AM1926.jpg,4,C:\Users\한국전파진흥협회\Desktop\dataset\combined\images\scut_fbp5500\AM1926.jpg
scut_fbp5500,AM1927.jpg,4,C:\Users\한국전파진흥협회\Desktop\dataset\combined\images\scut_fbp5500\AM1927.jpg
scut_fbp5500,AM1928.jpg,3,C:\Users\한국전파진흥협회\Desktop\dataset\combined\images\scut_fbp5500\AM1928.jpg
scut_fbp5500,AM1929.jpg,4,C:\Users\한국전파진흥협회\Desktop\dataset\combined\images\scut_fbp5500\AM1929.jpg
scut_fbp5500,AM1930.jpg,4,C:\Users\한국전파진흥협회\Desktop\dataset\combined\images\scut_fbp5500\AM1930.jpg
scut_fbp5500,AM1931.jpg,4,C:\Users\한국전파진흥협회\Desktop\dataset\combined\images\scut_fbp5500\AM1931.jpg
scut_fbp5500,AM1932.jpg,3,C:\Users\한국전파진흥협회\Desktop\dataset\combined\images\scut_fbp5500\AM1932.jpg
scut_fbp5500,AM1933.jpg,4,C:\Users\한국전파진흥협회\Desktop\dataset\combined\images\scut_fbp5500\AM1933.jpg
scut_fbp5500,AM1934.jpg,4,C:\Users\한국전파진흥협회\Desktop\dataset\combined\images\scut_fbp5500\AM1934.jpg
scut_fbp5500,AM1935.jpg,4,C:\Users\한국전파진흥협회\Desktop\dataset\combined\images\scut_fbp5500\AM1935.jpg
scut_fbp5500,AM1936.jpg,5,C:\Users\한국전파진흥협회\Desktop\dataset\combined\images\scut_fbp5500\AM1936.jpg
scut_fbp5500,AM1937.jpg,4,C:\Users\한국전파진흥협회\Desktop\dataset\combined\images\scut_fbp5500\AM1937.jpg
scut_fbp5500,AM1938.jpg,4,C:\Users\한국전파진흥협회\Desktop\dataset\combined\images\scut_fbp5500\AM1938.jpg
scut_fbp5500,AM1939.jpg,4,C:\Users\한국전파진흥협회\Desktop\dataset\combined\images\scut_fbp5500\AM1939.jpg
scut_fbp5500,AM1940.jpg,4,C:\Users\한국전파진흥협회\Desktop\dataset\combined\images\scut_fbp5500\AM1940.jpg
scut_fbp5500,AM1941.jpg,4,C:\Users\한국전파진흥협회\Desktop\dataset\combined\images\scut_fbp5500\AM1941.jpg
scut_fbp5500,AM1942.jpg,3,C:\Users\한국전파진흥협회\Desktop\dataset\combined\images\scut_fbp5500\AM1942.jpg
scut_fbp5500,AM1943.jpg,3,C:\Users\한국전파진흥협회\Desktop\dataset\combined\images\scut_fbp5500\AM1943.jpg
scut_fbp5500,AM1944.jpg,4,C:\Users\한국전파진흥협회\Desktop\dataset\combined\images\scut_fbp5500\AM1944.jpg
scut_fbp5500,AM1945.jpg,3,C:\Users\한국전파진흥협회\Desktop\dataset\combined\images\scut_fbp5500\AM1945.jpg
scut_fbp5500,AM1946.jpg,3,C:\Users\한국전파진흥협회\Desktop\dataset\combined\images\scut_fbp5500\AM1946.jpg
scut_fbp5500,AM1947.jpg,3,C:\Users\한국전파진흥협회\Desktop\dataset\combined\images\scut_fbp5500\AM1947.jpg
scut_fbp5500,AM1948.jpg,3,C:\Users\한국전파진흥협회\Desktop\dataset\combined\images\scut_fbp5500\AM1948.jpg
scut_fbp5500,AM1949.jpg,3,C:\Users\한국전파진흥협회\Desktop\dataset\combined\images\scut_fbp5500\AM1949.jpg
scut_fbp5500,AM1950.jpg,3,C:\Users\한국전파진흥협회\Desktop\dataset\combined\images\scut_fbp5500\AM1950.jpg
scut_fbp5500,AM1951.jpg,3,C:\Users\한국전파진흥협회\Desktop\dataset\combined\images\scut_fbp5500\AM1951.jpg
scut_fbp5500,AM1952.jpg,4,C:\Users\한국전파진흥협회\Desktop\dataset\combined\images\scut_fbp5500\AM1952.jpg
scut_fbp5500,AM1953.jpg,4,C:\Users\한국전파진흥협회\Desktop\dataset\combined\images\scut_fbp5500\AM1953.jpg
scut_fbp5500,AM1954.jpg,4,C:\Users\한국전파진흥협회\Desktop\dataset\combined\images\scut_fbp5500\AM1954.jpg
scut_fbp5500,AM1955.jpg,3,C:\Users\한국전파진흥협회\Desktop\dataset\combined\images\scut_fbp5500\AM1955.jpg
scut_fbp5500,AM1956.jpg,4,C:\Users\한국전파진흥협회\Desktop\dataset\combined\images\scut_fbp5500\AM1956.jpg
scut_fbp5500,AM1957.jpg,4,C:\Users\한국전파진흥협회\Desktop\dataset\combined\images\scut_fbp5500\AM1957.jpg
scut_fbp5500,AM1958.jpg,2,C:\Users\한국전파진흥협회\Desktop\dataset\combined\images\scut_fbp5500\AM1958.jpg
scut_fbp5500,AM1959.jpg,4,C:\Users\한국전파진흥협회\Desktop\dataset\combined\images\scut_fbp5500\AM1959.jpg
scut_fbp5500,AM1960.jpg,3,C:\Users\한국전파진흥협회\Desktop\dataset\combined\images\scut_fbp5500\AM1960.jpg
scut_fbp5500,AM1961.jpg,4,C:\Users\한국전파진흥협회\Desktop\dataset\combined\images\scut_fbp5500\AM1961.jpg
scut_fbp5500,AM1962.jpg,4,C:\Users\한국전파진흥협회\Desktop\dataset\combined\images\scut_fbp5500\AM1962.jpg
scut_fbp5500,AM1963.jpg,4,C:\Users\한국전파진흥협회\Desktop\dataset\combined\images\scut_fbp5500\AM1963.jpg
scut_fbp5500,AM1964.jpg,4,C:\Users\한국전파진흥협회\Desktop\dataset\combined\images\scut_fbp5500\AM1964.jpg
scut_fbp5500,AM1965.jpg,3,C:\Users\한국전파진흥협회\Desktop\dataset\combined\images\scut_fbp5500\AM1965.jpg
scut_fbp5500,AM1966.jpg,4,C:\Users\한국전파진흥협회\Desktop\dataset\combined\images\scut_fbp5500\AM1966.jpg
scut_fbp5500,AM1967.jpg,3,C:\Users\한국전파진흥협회\Desktop\dataset\combined\images\scut_fbp5500\AM1967.jpg
scut_fbp5500,AM1968.jpg,4,C:\Users\한국전파진흥협회\Desktop\dataset\combined\images\scut_fbp5500\AM1968.jpg
scut_fbp5500,AM1969.jpg,4,C:\Users\한국전파진흥협회\Desktop\dataset\combined\images\scut_fbp5500\AM1969.jpg
scut_fbp5500,AM1970.jpg,4,C:\Users\한국전파진흥협회\Desktop\dataset\combined\images\scut_fbp5500\AM1970.jpg
scut_fbp5500,AM1971.jpg,4,C:\Users\한국전파진흥협회\Desktop\dataset\combined\images\scut_fbp5500\AM1971.jpg
scut_fbp5500,AM1972.jpg,4,C:\Users\한국전파진흥협회\Desktop\dataset\combined\images\scut_fbp5500\AM1972.jpg
scut_fbp5500,AM1973.jpg,4,C:\Users\한국전파진흥협회\Desktop\dataset\combined\images\scut_fbp5500\AM1973.jpg
scut_fbp5500,AM1974.jpg,4,C:\Users\한국전파진흥협회\Desktop\dataset\combined\images\scut_fbp5500\AM1974.jpg
scut_fbp5500,AM1975.jpg,4,C:\Users\한국전파진흥협회\Desktop\dataset\combined\images\scut_fbp5500\AM1975.jpg
scut_fbp5500,AM1976.jpg,3,C:\Users\한국전파진흥협회\Desktop\dataset\combined\images\scut_fbp5500\AM1976.jpg
scut_fbp5500,AM1977.jpg,4,C:\Users\한국전파진흥협회\Desktop\dataset\combined\images\scut_fbp5500\AM1977.jpg
scut_fbp5500,AM1978.jpg,3,C:\Users\한국전파진흥협회\Desktop\dataset\combined\images\scut_fbp5500\AM1978.jpg
scut_fbp5500,AM1979.jpg,3,C:\Users\한국전파진흥협회\Desktop\dataset\combined\images\scut_fbp5500\AM1979.jpg
scut_fbp5500,AM1980.jpg,4,C:\Users\한국전파진흥협회\Desktop\dataset\combined\images\scut_fbp5500\AM1980.jpg
scut_fbp5500,AM1981.jpg,4,C:\Users\한국전파진흥협회\Desktop\dataset\combined\images\scut_fbp5500\AM1981.jpg
scut_fbp5500,AM1982.jpg,3,C:\Users\한국전파진흥협회\Desktop\dataset\combined\images\scut_fbp5500\AM1982.jpg
scut_fbp5500,AM1983.jpg,4,C:\Users\한국전파진흥협회\Desktop\dataset\combined\images\scut_fbp5500\AM1983.jpg
scut_fbp5500,AM1984.jpg,4,C:\Users\한국전파진흥협회\Desktop\dataset\combined\images\scut_fbp5500\AM1984.jpg
scut_fbp5500,AM1985.jpg,2,C:\Users\한국전파진흥협회\Desktop\dataset\combined\images\scut_fbp5500\AM1985.jpg
scut_fbp5500,AM1986.jpg,3,C:\Users\한국전파진흥협회\Desktop\dataset\combined\images\scut_fbp5500\AM1986.jpg
scut_fbp5500,AM1987.jpg,4,C:\Users\한국전파진흥협회\Desktop\dataset\combined\images\scut_fbp5500\AM1987.jpg
scut_fbp5500,AM1988.jpg,4,C:\Users\한국전파진흥협회\Desktop\dataset\combined\images\scut_fbp5500\AM1988.jpg
scut_fbp5500,AM1989.jpg,4,C:\Users\한국전파진흥협회\Desktop\dataset\combined\images\scut_fbp5500\AM1989.jpg
scut_fbp5500,AM1990.jpg,4,C:\Users\한국전파진흥협회\Desktop\dataset\combined\images\scut_fbp5500\AM1990.jpg
scut_fbp5500,AM1991.jpg,4,C:\Users\한국전파진흥협회\Desktop\dataset\combined\images\scut_fbp5500\AM1991.jpg
scut_fbp5500,AM1992.jpg,4,C:\Users\한국전파진흥협회\Desktop\dataset\combined\images\scut_fbp5500\AM1992.jpg
scut_fbp5500,AM1993.jpg,3,C:\Users\한국전파진흥협회\Desktop\dataset\combined\images\scut_fbp5500\AM1993.jpg
scut_fbp5500,AM1994.jpg,4,C:\Users\한국전파진흥협회\Desktop\dataset\combined\images\scut_fbp5500\AM1994.jpg
scut_fbp5500,AM1995.jpg,4,C:\Users\한국전파진흥협회\Desktop\dataset\combined\images\scut_fbp5500\AM1995.jpg
scut_fbp5500,AM1996.jpg,4,C:\Users\한국전파진흥협회\Desktop\dataset\combined\images\scut_fbp5500\AM1996.jpg
scut_fbp5500,AM1997.jpg,4,C:\Users\한국전파진흥협회\Desktop\dataset\combined\images\scut_fbp5500\AM1997.jpg
scut_fbp5500,AM1998.jpg,3,C:\Users\한국전파진흥협회\Desktop\dataset\combined\images\scut_fbp5500\AM1998.jpg
scut_fbp5500,AM1999.jpg,3,C:\Users\한국전파진흥협회\Desktop\dataset\combined\images\scut_fbp5500\AM1999.jpg
scut_fbp5500,AM2000.jpg,3,C:\Users\한국전파진흥협회\Desktop\dataset\combined\images\scut_fbp5500\AM2000.jpg
남자연예인,118433_145313_0359_1.jpg,4,C:\Users\한국전파진흥협회\Desktop\dataset\combined\images\남자연예인\118433_145313_0359_1.jpg
남자연예인,219b7687d28b30287778eb24ab240c9c_1.jpg,4,C:\Users\한국전파진흥협회\Desktop\dataset\combined\images\남자연예인\219b7687d28b30287778eb24ab240c9c_1.jpg
남자연예인,28daa92b3538913e5ad7188f46813c5e_4.jpg,4,C:\Users\한국전파진흥협회\Desktop\dataset\combined\images\남자연예인\28daa92b3538913e5ad7188f46813c5e_4.jpg
남자연예인,3a884ae23bcf60298eec0a269f090bef_1.jpg,4,C:\Users\한국전파진흥협회\Desktop\dataset\combined\images\남자연예인\3a884ae23bcf60298eec0a269f090bef_1.jpg
남자연예인,401156_52722_3232_1.jpg,4,C:\Users\한국전파진흥협회\Desktop\dataset\combined\images\남자연예인\401156_52722_3232_1.jpg
남자연예인,413_584_458_3.jpg,5,C:\Users\한국전파진흥협회\Desktop\dataset\combined\images\남자연예인\413_584_458_3.jpg
남자연예인,598248_136896_427_2.jpg,5,C:\Users\한국전파진흥협회\Desktop\dataset\combined\images\남자연예인\598248_136896_427_2.jpg
남자연예인,VbAiWgYY0AooS-k_9qkgRbcJoXbxKEOeu25NGF5e_vdaUxFjjU-h_7oOQaWOYrrfMcNkHUNAewtW9dqJBV1UnA_2.jpg,4,C:\Users\한국전파진흥협회\Desktop\dataset\combined\images\남자연예인\VbAiWgYY0AooS-k_9qkgRbcJoXbxKEOeu25NGF5e_vdaUxFjjU-h_7oOQaWOYrrfMcNkHUNAewtW9dqJBV1UnA_2.jpg
남자연예인,download_1.jpg,4,C:\Users\한국전파진흥협회\Desktop\dataset\combined\images\남자연예인\download_1.jpg
남자연예인,ee8df50e-a26f-40ef-b341-ccf7d7ffc2b4_1.jpg,5,C:\Users\한국전파진흥협회\Desktop\dataset\combined\images\남자연예인\ee8df50e-a26f-40ef-b341-ccf7d7ffc2b4_1.jpg
남자연예인,file_1760682817307_32119199_8jaymx_1.jpg,5,C:\Users\한국전파진흥협회\Desktop\dataset\combined\images\남자연예인\file_1760682817307_32119199_8jaymx_1.jpg
남자연예인,images (1)_2.jpg,4,C:\Users\한국전파진흥협회\Desktop\dataset\combined\images\남자연예인\images (1)_2.jpg
남자연예인,images (10)_2.jpg,4,C:\Users\한국전파진흥협회\Desktop\dataset\combined\images\남자연예인\images (10)_2.jpg
남자연예인,images (3)_1.jpg,5,C:\Users\한국전파진흥협회\Desktop\dataset\combined\images\남자연예인\images (3)_1.jpg
남자연예인,images (4)_2.jpg,5,C:\Users\한국전파진흥협회\Desktop\dataset\combined\images\남자연예인\images (4)_2.jpg
남자연예인,images (5)_1.jpg,5,C:\Users\한국전파진흥협회\Desktop\dataset\combined\images\남자연예인\images (5)_1.jpg
남자연예인,images (6)_3.jpg,4,C:\Users\한국전파진흥협회\Desktop\dataset\combined\images\남자연예인\images (6)_3.jpg
남자연예인,images (7)_1.jpg,4,C:\Users\한국전파진흥협회\Desktop\dataset\combined\images\남자연예인\images (7)_1.jpg
남자연예인,images (8)_2.jpg,5,C:\Users\한국전파진흥협회\Desktop\dataset\combined\images\남자연예인\images (8)_2.jpg
남자연예인,images (9)_2.jpg,5,C:\Users\한국전파진흥협회\Desktop\dataset\combined\images\남자연예인\images (9)_2.jpg
남자연예인,images_4.jpg,5,C:\Users\한국전파진흥협회\Desktop\dataset\combined\images\남자연예인\images_4.jpg
남자연예인,jhYPSuBOUlGnYqH8nPNBimRwdIHz16epjy4sGMftdpKt_c3lyAwGfoR_POa_JcNf1QaLjlxbhFDFXHMM32UTTw_1.jpg,4,C:\Users\한국전파진흥협회\Desktop\dataset\combined\images\남자연예인\jhYPSuBOUlGnYqH8nPNBimRwdIHz16epjy4sGMftdpKt_c3lyAwGfoR_POa_JcNf1QaLjlxbhFDFXHMM32UTTw_1.jpg
남자연예인,rk1JFmz7Js0dXtCRzdSruUdvUp2PrqZRhSClXQ9-lqxpusT2pEyBW8RqAzDUwqxYIR2cpZCcJtg-4N9zlaxYdQ_1.jpg,5,C:\Users\한국전파진흥협회\Desktop\dataset\combined\images\남자연예인\rk1JFmz7Js0dXtCRzdSruUdvUp2PrqZRhSClXQ9-lqxpusT2pEyBW8RqAzDUwqxYIR2cpZCcJtg-4N9zlaxYdQ_1.jpg
남자연예인,ygxdTz1X2MiETuIPzFSTsMCz6Egew8waa6jOB3SQyIasIKBhKjA2nj_nQfCTN8RtAwiS2mWXD2ddRlbOYum2NQ_1.jpg,4,C:\Users\한국전파진흥협회\Desktop\dataset\combined\images\남자연예인\ygxdTz1X2MiETuIPzFSTsMCz6Egew8waa6jOB3SQyIasIKBhKjA2nj_nQfCTN8RtAwiS2mWXD2ddRlbOYum2NQ_1.jpg
남자연예인,zcxzc_3.jpg,4,C:\Users\한국전파진흥협회\Desktop\dataset\combined\images\남자연예인\zcxzc_3.jpg
남자연예인,다운로드 (1)_1.jpg,3,C:\Users\한국전파진흥협회\Desktop\dataset\combined\images\남자연예인\다운로드 (1)_1.jpg
남자연예인,다운로드_2.jpg,3,C:\Users\한국전파진흥협회\Desktop\dataset\combined\images\남자연예인\다운로드_2.jpg
남자연예인,레오제이_1.jpg,4,C:\Users\한국전파진흥협회\Desktop\dataset\combined\images\남자연예인\레오제이_1.jpg
남자연예인,권상우_1.jpg,4,C:\Users\한국전파진흥협회\Desktop\dataset\combined\images\남자연예인\권상우_1.jpg
남자연예인,김상경_1.jpg,3,C:\Users\한국전파진흥협회\Desktop\dataset\combined\images\남자연예인\김상경_1.jpg
남자연예인,김상중_2.jpg,3,C:\Users\한국전파진흥협회\Desktop\dataset\combined\images\남자연예인\김상중_2.jpg
남자연예인,김성균_1.jpg,3,C:\Users\한국전파진흥협회\Desktop\dataset\combined\images\남자연예인\김성균_1.jpg
남자연예인,김수현_2.jpg,5,C:\Users\한국전파진흥협회\Desktop\dataset\combined\images\남자연예인\김수현_2.jpg
남자연예인,김우빈_1.jpg,4,C:\Users\한국전파진흥협회\Desktop\dataset\combined\images\남자연예인\김우빈_1.jpg
남자연예인,남궁민_1.jpg,4,C:\Users\한국전파진흥협회\Desktop\dataset\combined\images\남자연예인\남궁민_1.jpg
남자연예인,류준열_1.jpg,3,C:\Users\한국전파진흥협회\Desktop\dataset\combined\images\남자연예인\류준열_1.jpg
남자연예인,박보검_1.jpg,5,C:\Users\한국전파진흥협회\Desktop\dataset\combined\images\남자연예인\박보검_1.jpg
남자연예인,방탄_뷔.jpg,5,C:\Users\한국전파진흥협회\Desktop\dataset\combined\images\남자연예인\방탄_뷔.jpg
남자연예인,방탄_슈가.jpg,4,C:\Users\한국전파진흥협회\Desktop\dataset\combined\images\남자연예인\방탄_슈가.jpg
남자연예인,방탄_정국.jpg,5,C:\Users\한국전파진흥협회\Desktop\dataset\combined\images\남자연예인\방탄_정국.jpg
남자연예인,방탄_제이홉.jpg,4,C:\Users\한국전파진흥협회\Desktop\dataset\combined\images\남자연예인\방탄_제이홉.jpg
남자연예인,방탄_지민.jpg,4,C:\Users\한국전파진흥협회\Desktop\dataset\combined\images\남자연예인\방탄_지민.jpg
남자연예인,방탄_진.jpg,4,C:\Users\한국전파진흥협회\Desktop\dataset\combined\images\남자연예인\방탄_진.jpg
남자연예인,블락비_지코.jpg,3,C:\Users\한국전파진흥협회\Desktop\dataset\combined\images\남자연예인\블락비_지코.jpg
남자연예인,빅뱅_GD.jpg,4,C:\Users\한국전파진흥협회\Desktop\dataset\combined\images\남자연예인\빅뱅_GD.jpg
남자연예인,빅뱅_대성.jpg,3,C:\Users\한국전파진흥협회\Desktop\dataset\combined\images\남자연예인\빅뱅_대성.jpg
남자연예인,빈지노.jpg,4,C:\Users\한국전파진흥협회\Desktop\dataset\combined\images\남자연예인\빈지노.jpg
남자연예인,세븐틴_민규.jpg,4,C:\Users\한국전파진흥협회\Desktop\dataset\combined\images\남자연예인\세븐틴_민규.jpg
남자연예인,세븐틴_우지.jpg,4,C:\Users\한국전파진흥협회\Desktop\dataset\combined\images\남자연예인\세븐틴_우지.jpg
남자연예인,세븐틴_준.jpg,5,C:\Users\한국전파진흥협회\Desktop\dataset\combined\images\남자연예인\세븐틴_준.jpg
남자연예인,소지섭_1.jpg,4,C:\Users\한국전파진흥협회\Desktop\dataset\combined\images\남자연예인\소지섭_1.jpg
남자연예인,손석구_1.jpg,3,C:\Users\한국전파진흥협회\Desktop\dataset\combined\images\남자연예인\손석구_1.jpg
남자연예인,손현주_2.jpg,3,C:\Users\한국전파진흥협회\Desktop\dataset\combined\images\남자연예인\손현주_2.jpg
남자연예인,송강호_1.jpg,3,C:\Users\한국전파진흥협회\Desktop\dataset\combined\images\남자연예인\송강호_1.jpg
남자연예인,스트레이키즈_한.jpg,4,C:\Users\한국전파진흥협회\Desktop\dataset\combined\images\남자연예인\스트레이키즈_한.jpg
남자연예인,스트레이키즈_현진.jpg,4,C:\Users\한국전파진흥협회\Desktop\dataset\combined\images\남자연예인\스트레이키즈_현진.jpg
남자연예인,신하균_1.jpg,3,C:\Users\한국전파진흥협회\Desktop\dataset\combined\images\남자연예인\신하균_1.jpg
남자연예인,실리카겔_김한주.jpg,3,C:\Users\한국전파진흥협회\Desktop\dataset\combined\images\남자연예인\실리카겔_김한주.jpg
남자연예인,악뮤_찬혁.jpg,3,C:\Users\한국전파진흥협회\Desktop\dataset\combined\images\남자연예인\악뮤_찬혁.jpg
남자연예인,에이티즈_산.jpg,4,C:\Users\한국전파진흥협회\Desktop\dataset\combined\images\남자연예인\에이티즈_산.jpg
남자연예인,에이티즈_우영.jpg,4,C:\Users\한국전파진흥협회\Desktop\dataset\combined\images\남자연예인\에이티즈_우영.jpg
남자연예인,엔시티_도영.jpg,4,C:\Users\한국전파진흥협회\Desktop\dataset\combined\images\남자연예인\엔시티_도영.jpg
남자연예인,엔시티_마크.jpg,4,C:\Users\한국전파진흥협회\Desktop\dataset\combined\images\남자연예인\엔시티_마크.jpg
남자연예인,엔시티_재현.jpg,5,C:\Users\한국전파진흥협회\Desktop\dataset\combined\images\남자연예인\엔시티_재현.jpg
남자연예인,엔하이픈_성훈.jpg,5,C:\Users\한국전파진흥협회\Desktop\dataset\combined\images\남자연예인\엔하이픈_성훈.jpg
남자연예인,원빈_1.jpg,5,C:\Users\한국전파진흥협회\Desktop\dataset\combined\images\남자연예인\원빈_1.jpg
남자연예인,유해진_2.jpg,3,C:\Users\한국전파진흥협회\Desktop\dataset\combined\images\남자연예인\유해진_2.jpg
남자연예인,이민호_1.jpg,4,C:\Users\한국전파진흥협회\Desktop\dataset\combined\images\남자연예인\이민호_1.jpg
남자연예인,이범수_1.jpg,3,C:\Users\한국전파진흥협회\Desktop\dataset\combined\images\남자연예인\이범수_1.jpg
남자연예인,이병헌_1.jpg,4,C:\Users\한국전파진흥협회\Desktop\dataset\combined\images\남자연예인\이병헌_1.jpg
남자연예인,이서진_1.jpg,4,C:\Users\한국전파진흥협회\Desktop\dataset\combined\images\남자연예인\이서진_1.jpg
남자연예인,이정재_2.jpg,4,C:\Users\한국전파진흥협회\Desktop\dataset\combined\images\남자연예인\이정재_2.jpg
남자연예인,이제훈_1.jpg,4,C:\Users\한국전파진흥협회\Desktop\dataset\combined\images\남자연예인\이제훈_1.jpg
남자연예인,장동건_1.jpg,4,C:\Users\한국전파진흥협회\Desktop\dataset\combined\images\남자연예인\장동건_1.jpg
남자연예인,정우성_1.jpg,4,C:\Users\한국전파진흥협회\Desktop\dataset\combined\images\남자연예인\정우성_1.jpg
남자연예인,정준호_2.jpg,4,C:\Users\한국전파진흥협회\Desktop\dataset\combined\images\남자연예인\정준호_2.jpg
남자연예인,제국의아이들_김동준.jpg,4,C:\Users\한국전파진흥협회\Desktop\dataset\combined\images\남자연예인\제국의아이들_김동준.jpg
남자연예인,제국의아이들_임시완.jpg,4,C:\Users\한국전파진흥협회\Desktop\dataset\combined\images\남자연예인\제국의아이들_임시완.jpg
남자연예인,조승우_1.jpg,4,C:\Users\한국전파진흥협회\Desktop\dataset\combined\images\남자연예인\조승우_1.jpg
남자연예인,주지훈_1.jpg,4,C:\Users\한국전파진흥협회\Desktop\dataset\combined\images\남자연예인\주지훈_1.jpg
남자연예인,지성_2.jpg,4,C:\Users\한국전파진흥협회\Desktop\dataset\combined\images\남자연예인\지성_2.jpg
남자연예인,차승원_1.jpg,4,C:\Users\한국전파진흥협회\Desktop\dataset\combined\images\남자연예인\차승원_1.jpg
남자연예인,차은우.jpg,5,C:\Users\한국전파진흥협회\Desktop\dataset\combined\images\남자연예인\차은우.jpg
남자연예인,코르티스_제임스.jpg,4,C:\Users\한국전파진흥협회\Desktop\dataset\combined\images\남자연예인\코르티스_제임스.jpg
남자연예인,코르티스_주훈.jpg,4,C:\Users\한국전파진흥협회\Desktop\dataset\combined\images\남자연예인\코르티스_주훈.jpg
남자연예인,투바투_연준.jpg,4,C:\Users\한국전파진흥협회\Desktop\dataset\combined\images\남자연예인\투바투_연준.jpg
남자연예인,한석규_1.jpg,3,C:\Users\한국전파진흥협회\Desktop\dataset\combined\images\남자연예인\한석규_1.jpg
남자연예인,한해.jpg,3,C:\Users\한국전파진흥협회\Desktop\dataset\combined\images\남자연예인\한해.jpg
남자연예인,현빈_1.jpg,4,C:\Users\한국전파진흥협회\Desktop\dataset\combined\images\남자연예인\현빈_1.jpg
여자연예인,i10_face2.jpg,4,C:\Users\한국전파진흥협회\Desktop\dataset\combined\images\여자연예인\i10_face2.jpg
여자연예인,i11_face1.jpg,5,C:\Users\한국전파진흥협회\Desktop\dataset\combined\images\여자연예인\i11_face1.jpg
여자연예인,i12_face1.jpg,5,C:\Users\한국전파진흥협회\Desktop\dataset\combined\images\여자연예인\i12_face1.jpg
여자연예인,i13_face5.jpg,5,C:\Users\한국전파진흥협회\Desktop\dataset\combined\images\여자연예인\i13_face5.jpg
여자연예인,i14_face1.jpg,4,C:\Users\한국전파진흥협회\Desktop\dataset\combined\images\여자연예인\i14_face1.jpg
여자연예인,i15_face1.jpg,5,C:\Users\한국전파진흥협회\Desktop\dataset\combined\images\여자연예인\i15_face1.jpg
여자연예인,i16_face1.jpg,5,C:\Users\한국전파진흥협회\Desktop\dataset\combined\images\여자연예인\i16_face1.jpg
여자연예인,i17_face1.jpg,4,C:\Users\한국전파진흥협회\Desktop\dataset\combined\images\여자연예인\i17_face1.jpg
여자연예인,i18_face3.jpg,4,C:\Users\한국전파진흥협회\Desktop\dataset\combined\images\여자연예인\i18_face3.jpg
여자연예인,i19_face4.jpg,4,C:\Users\한국전파진흥협회\Desktop\dataset\combined\images\여자연예인\i19_face4.jpg
여자연예인,i1_face1.jpg,4,C:\Users\한국전파진흥협회\Desktop\dataset\combined\images\여자연예인\i1_face1.jpg
여자연예인,i20_face1.jpg,4,C:\Users\한국전파진흥협회\Desktop\dataset\combined\images\여자연예인\i20_face1.jpg
여자연예인,i21_face1.jpg,4,C:\Users\한국전파진흥협회\Desktop\dataset\combined\images\여자연예인\i21_face1.jpg
여자연예인,i22_face2.jpg,5,C:\Users\한국전파진흥협회\Desktop\dataset\combined\images\여자연예인\i22_face2.jpg
여자연예인,i23_face1.jpg,4,C:\Users\한국전파진흥협회\Desktop\dataset\combined\images\여자연예인\i23_face1.jpg
여자연예인,i25_face2.jpg,5,C:\Users\한국전파진흥협회\Desktop\dataset\combined\images\여자연예인\i25_face2.jpg
여자연예인,i26_face1.jpg,5,C:\Users\한국전파진흥협회\Desktop\dataset\combined\images\여자연예인\i26_face1.jpg
여자연예인,i28_face1.jpg,4,C:\Users\한국전파진흥협회\Desktop\dataset\combined\images\여자연예인\i28_face1.jpg
여자연예인,i29_face1.jpg,4,C:\Users\한국전파진흥협회\Desktop\dataset\combined\images\여자연예인\i29_face1.jpg
여자연예인,i4_face2.jpg,4,C:\Users\한국전파진흥협회\Desktop\dataset\combined\images\여자연예인\i4_face2.jpg
여자연예인,i5_face1.jpg,4,C:\Users\한국전파진흥협회\Desktop\dataset\combined\images\여자연예인\i5_face1.jpg
여자연예인,i7_face1.jpg,4,C:\Users\한국전파진흥협회\Desktop\dataset\combined\images\여자연예인\i7_face1.jpg
여자연예인,i8_face1.jpg,5,C:\Users\한국전파진흥협회\Desktop\dataset\combined\images\여자연예인\i8_face1.jpg
여자연예인,고민시_2.jpg,5,C:\Users\한국전파진흥협회\Desktop\dataset\combined\images\여자연예인\고민시_2.jpg
여자연예인,고민시_6.jpg,4,C:\Users\한국전파진흥협회\Desktop\dataset\combined\images\여자연예인\고민시_6.jpg
여자연예인,고민시_8.jpg,4,C:\Users\한국전파진흥협회\Desktop\dataset\combined\images\여자연예인\고민시_8.jpg
여자연예인,고민시_9.jpg,4,C:\Users\한국전파진흥협회\Desktop\dataset\combined\images\여자연예인\고민시_9.jpg
여자연예인,고아성_10.jpg,5,C:\Users\한국전파진흥협회\Desktop\dataset\combined\images\여자연예인\고아성_10.jpg
여자연예인,고아성_4.jpg,4,C:\Users\한국전파진흥협회\Desktop\dataset\combined\images\여자연예인\고아성_4.jpg
여자연예인,고아성_7.jpg,4,C:\Users\한국전파진흥협회\Desktop\dataset\combined\images\여자연예인\고아성_7.jpg
여자연예인,고아성_8.jpg,4,C:\Users\한국전파진흥협회\Desktop\dataset\combined\images\여자연예인\고아성_8.jpg
여자연예인,고아성_9.jpg,4,C:\Users\한국전파진흥협회\Desktop\dataset\combined\images\여자연예인\고아성_9.jpg
여자연예인,김고은_1.jpg,4,C:\Users\한국전파진흥협회\Desktop\dataset\combined\images\여자연예인\김고은_1.jpg
여자연예인,김고은_10.jpg,4,C:\Users\한국전파진흥협회\Desktop\dataset\combined\images\여자연예인\김고은_10.jpg
여자연예인,김고은_2.jpg,4,C:\Users\한국전파진흥협회\Desktop\dataset\combined\images\여자연예인\김고은_2.jpg
여자연예인,김고은_3.jpg,4,C:\Users\한국전파진흥협회\Desktop\dataset\combined\images\여자연예인\김고은_3.jpg
여자연예인,김다미_1.jpg,3,C:\Users\한국전파진흥협회\Desktop\dataset\combined\images\여자연예인\김다미_1.jpg
여자연예인,김다미_2.jpg,3,C:\Users\한국전파진흥협회\Desktop\dataset\combined\images\여자연예인\김다미_2.jpg
여자연예인,김다미_3.jpg,4,C:\Users\한국전파진흥협회\Desktop\dataset\combined\images\여자연예인\김다미_3.jpg
여자연예인,김다미_6.jpg,4,C:\Users\한국전파진흥협회\Desktop\dataset\combined\images\여자연예인\김다미_6.jpg
여자연예인,김다미_7.jpg,4,C:\Users\한국전파진흥협회\Desktop\dataset\combined\images\여자연예인\김다미_7.jpg
여자연예인,김유정_1.jpg,5,C:\Users\한국전파진흥협회\Desktop\dataset\combined\images\여자연예인\김유정_1.jpg
여자연예인,김유정_2.jpg,5,C:\Users\한국전파진흥협회\Desktop\dataset\combined\images\여자연예인\김유정_2.jpg
여자연예인,김유정_5.jpg,5,C:\Users\한국전파진흥협회\Desktop\dataset\combined\images\여자연예인\김유정_5.jpg
여자연예인,김유정_7.jpg,5,C:\Users\한국전파진흥협회\Desktop\dataset\combined\images\여자연예인\김유정_7.jpg
여자연예인,김태리_1.jpg,4,C:\Users\한국전파진흥협회\Desktop\dataset\combined\images\여자연예인\김태리_1.jpg
여자연예인,김태리_4.jpg,3,C:\Users\한국전파진흥협회\Desktop\dataset\combined\images\여자연예인\김태리_4.jpg
여자연예인,김태리_5.jpg,5,C:\Users\한국전파진흥협회\Desktop\dataset\combined\images\여자연예인\김태리_5.jpg
여자연예인,김태리_7.jpg,4,C:\Users\한국전파진흥협회\Desktop\dataset\combined\images\여자연예인\김태리_7.jpg
여자연예인,김태리_9.jpg,5,C:\Users\한국전파진흥협회\Desktop\dataset\combined\images\여자연예인\김태리_9.jpg
여자연예인,김희애_10.jpg,3,C:\Users\한국전파진흥협회\Desktop\dataset\combined\images\여자연예인\김희애_10.jpg
여자연예인,김희애_2.jpg,3,C:\Users\한국전파진흥협회\Desktop\dataset\combined\images\여자연예인\김희애_2.jpg
여자연예인,김희애_3.jpg,4,C:\Users\한국전파진흥협회\Desktop\dataset\combined\images\여자연예인\김희애_3.jpg
여자연예인,김희애_4.jpg,3,C:\Users\한국전파진흥협회\Desktop\dataset\combined\images\여자연예인\김희애_4.jpg
여자연예인,김희애_7.jpg,2,C:\Users\한국전파진흥협회\Desktop\dataset\combined\images\여자연예인\김희애_7.jpg
여자연예인,문근영_2.jpg,3,C:\Users\한국전파진흥협회\Desktop\dataset\combined\images\여자연예인\문근영_2.jpg
여자연예인,문근영_3.jpg,4,C:\Users\한국전파진흥협회\Desktop\dataset\combined\images\여자연예인\문근영_3.jpg
여자연예인,문근영_6.jpg,3,C:\Users\한국전파진흥협회\Desktop\dataset\combined\images\여자연예인\문근영_6.jpg
여자연예인,문근영_7.jpg,4,C:\Users\한국전파진흥협회\Desktop\dataset\combined\images\여자연예인\문근영_7.jpg
여자연예인,문근영_9.jpg,5,C:\Users\한국전파진흥협회\Desktop\dataset\combined\images\여자연예인\문근영_9.jpg
여자연예인,박보영_1.jpg,5,C:\Users\한국전파진흥협회\Desktop\dataset\combined\images\여자연예인\박보영_1.jpg
여자연예인,박보영_12.jpg,4,C:\Users\한국전파진흥협회\Desktop\dataset\combined\images\여자연예인\박보영_12.jpg
여자연예인,박보영_13.jpg,5,C:\Users\한국전파진흥협회\Desktop\dataset\combined\images\여자연예인\박보영_13.jpg
여자연예인,박보영_5.jpg,5,C:\Users\한국전파진흥협회\Desktop\dataset\combined\images\여자연예인\박보영_5.jpg
여자연예인,박보영_9.jpg,5,C:\Users\한국전파진흥협회\Desktop\dataset\combined\images\여자연예인\박보영_9.jpg
여자연예인,박신혜_1.jpg,4,C:\Users\한국전파진흥협회\Desktop\dataset\combined\images\여자연예인\박신혜_1.jpg
여자연예인,박신혜_12.jpg,4,C:\Users\한국전파진흥협회\Desktop\dataset\combined\images\여자연예인\박신혜_12.jpg
여자연예인,박신혜_14.jpg,5,C:\Users\한국전파진흥협회\Desktop\dataset\combined\images\여자연예인\박신혜_14.jpg
여자연예인,박신혜_16.jpg,5,C:\Users\한국전파진흥협회\Desktop\dataset\combined\images\여자연예인\박신혜_16.jpg
여자연예인,박은빈_10.jpg,5,C:\Users\한국전파진흥협회\Desktop\dataset\combined\images\여자연예인\박은빈_10.jpg
여자연예인,박은빈_2.jpg,5,C:\Users\한국전파진흥협회\Desktop\dataset\combined\images\여자연예인\박은빈_2.jpg
여자연예인,박은빈_5.jpg,5,C:\Users\한국전파진흥협회\Desktop\dataset\combined\images\여자연예인\박은빈_5.jpg
여자연예인,박은빈_6.jpg,5,C:\Users\한국전파진흥협회\Desktop\dataset\combined\images\여자연예인\박은빈_6.jpg
여자연예인,서예지_1.jpg,4,C:\Users\한국전파진흥협회\Desktop\dataset\combined\images\여자연예인\서예지_1.jpg
여자연예인,서예지_2.jpg,4,C:\Users\한국전파진흥협회\Desktop\dataset\combined\images\여자연예인\서예지_2.jpg
여자연예인,서예지_3.jpg,5,C:\Users\한국전파진흥협회\Desktop\dataset\combined\images\여자연예인\서예지_3.jpg
여자연예인,서예지_5.jpg,1,C:\Users\한국전파진흥협회\Desktop\dataset\combined\images\여자연예인\서예지_5.jpg
여자연예인,서예지_6.jpg,4,C:\Users\한국전파진흥협회\Desktop\dataset\combined\images\여자연예인\서예지_6.jpg
여자연예인,손예진_11.jpg,4,C:\Users\한국전파진흥협회\Desktop\dataset\combined\images\여자연예인\손예진_11.jpg
여자연예인,손예진_12.jpg,5,C:\Users\한국전파진흥협회\Desktop\dataset\combined\images\여자연예인\손예진_12.jpg
여자연예인,손예진_13.jpg,5,C:\Users\한국전파진흥협회\Desktop\dataset\combined\images\여자연예인\손예진_13.jpg
여자연예인,손예진_5.jpg,4,C:\Users\한국전파진흥협회\Desktop\dataset\combined\images\여자연예인\손예진_5.jpg
여자연예인,손예진_8.jpg,4,C:\Users\한국전파진흥협회\Desktop\dataset\combined\images\여자연예인\손예진_8.jpg
여자연예인,수지_2.jpg,5,C:\Users\한국전파진흥협회\Desktop\dataset\combined\images\여자연예인\수지_2.jpg
여자연예인,수지_3.jpg,5,C:\Users\한국전파진흥협회\Desktop\dataset\combined\images\여자연예인\수지_3.jpg
여자연예인,수지_5.jpg,5,C:\Users\한국전파진흥협회\Desktop\dataset\combined\images\여자연예인\수지_5.jpg
여자연예인,수지_7.jpg,5,C:\Users\한국전파진흥협회\Desktop\dataset\combined\images\여자연예인\수지_7.jpg
여자연예인,신민아_1.jpg,5,C:\Users\한국전파진흥협회\Desktop\dataset\combined\images\여자연예인\신민아_1.jpg
여자연예인,신민아_3.jpg,5,C:\Users\한국전파진흥협회\Desktop\dataset\combined\images\여자연예인\신민아_3.jpg
여자연예인,신민아_4.jpg,5,C:\Users\한국전파진흥협회\Desktop\dataset\combined\images\여자연예인\신민아_4.jpg
여자연예인,신민아_5.jpg,5,C:\Users\한국전파진흥협회\Desktop\dataset\combined\images\여자연예인\신민아_5.jpg
여자연예인,신민아_6.jpg,5,C:\Users\한국전파진흥협회\Desktop\dataset\combined\images\여자연예인\신민아_6.jpg
여자연예인,염정아_11.jpg,4,C:\Users\한국전파진흥협회\Desktop\dataset\combined\images\여자연예인\염정아_11.jpg
여자연예인,염정아_12.jpg,2,C:\Users\한국전파진흥협회\Desktop\dataset\combined\images\여자연예인\염정아_12.jpg
여자연예인,염정아_3.jpg,3,C:\Users\한국전파진흥협회\Desktop\dataset\combined\images\여자연예인\염정아_3.jpg
여자연예인,염정아_6.jpg,2,C:\Users\한국전파진흥협회\Desktop\dataset\combined\images\여자연예인\염정아_6.jpg
여자연예인,염정아_9.jpg,2,C:\Users\한국전파진흥협회\Desktop\dataset\combined\images\여자연예인\염정아_9.jpg
여자연예인,윤여정_1.jpg,1,C:\Users\한국전파진흥협회\Desktop\dataset\combined\images\여자연예인\윤여정_1.jpg
여자연예인,윤여정_2.jpg,1,C:\Users\한국전파진흥협회\Desktop\dataset\combined\images\여자연예인\윤여정_2.jpg
여자연예인,윤여정_3.jpg,1,C:\Users\한국전파진흥협회\Desktop\dataset\combined\images\여자연예인\윤여정_3.jpg
여자연예인,윤여정_4.jpg,1,C:\Users\한국전파진흥협회\Desktop\dataset\combined\images\여자연예인\윤여정_4.jpg
여자연예인,윤여정_6.jpg,1,C:\Users\한국전파진흥협회\Desktop\dataset\combined\images\여자연예인\윤여정_6.jpg
여자연예인,이나영_10.jpg,4,C:\Users\한국전파진흥협회\Desktop\dataset\combined\images\여자연예인\이나영_10.jpg
여자연예인,이나영_12.jpg,4,C:\Users\한국전파진흥협회\Desktop\dataset\combined\images\여자연예인\이나영_12.jpg
여자연예인,이나영_14.jpg,5,C:\Users\한국전파진흥협회\Desktop\dataset\combined\images\여자연예인\이나영_14.jpg
여자연예인,이나영_2.jpg,4,C:\Users\한국전파진흥협회\Desktop\dataset\combined\images\여자연예인\이나영_2.jpg
여자연예인,이나영_8.jpg,5,C:\Users\한국전파진흥협회\Desktop\dataset\combined\images\여자연예인\이나영_8.jpg
여자연예인,이엘_1.jpg,3,C:\Users\한국전파진흥협회\Desktop\dataset\combined\images\여자연예인\이엘_1.jpg
여자연예인,이엘_2.jpg,3,C:\Users\한국전파진흥협회\Desktop\dataset\combined\images\여자연예인\이엘_2.jpg
여자연예인,이엘_5.jpg,3,C:\Users\한국전파진흥협회\Desktop\dataset\combined\images\여자연예인\이엘_5.jpg
여자연예인,이엘_6.jpg,3,C:\Users\한국전파진흥협회\Desktop\dataset\combined\images\여자연예인\이엘_6.jpg
여자연예인,이엘_8.jpg,3,C:\Users\한국전파진흥협회\Desktop\dataset\combined\images\여자연예인\이엘_8.jpg
여자연예인,이유미_10.jpg,4,C:\Users\한국전파진흥협회\Desktop\dataset\combined\images\여자연예인\이유미_10.jpg
여자연예인,이유미_14.jpg,3,C:\Users\한국전파진흥협회\Desktop\dataset\combined\images\여자연예인\이유미_14.jpg
여자연예인,이유미_5.jpg,3,C:\Users\한국전파진흥협회\Desktop\dataset\combined\images\여자연예인\이유미_5.jpg
여자연예인,이유미_8.jpg,4,C:\Users\한국전파진흥협회\Desktop\dataset\combined\images\여자연예인\이유미_8.jpg
여자연예인,이유미_9.jpg,5,C:\Users\한국전파진흥협회\Desktop\dataset\combined\images\여자연예인\이유미_9.jpg
여자연예인,이유영_1.jpg,4,C:\Users\한국전파진흥협회\Desktop\dataset\combined\images\여자연예인\이유영_1.jpg
여자연예인,이유영_2.jpg,4,C:\Users\한국전파진흥협회\Desktop\dataset\combined\images\여자연예인\이유영_2.jpg
여자연예인,이유영_3.jpg,3,C:\Users\한국전파진흥협회\Desktop\dataset\combined\images\여자연예인\이유영_3.jpg
여자연예인,이유영_6.jpg,5,C:\Users\한국전파진흥협회\Desktop\dataset\combined\images\여자연예인\이유영_6.jpg
여자연예인,이유영_9.jpg,4,C:\Users\한국전파진흥협회\Desktop\dataset\combined\images\여자연예인\이유영_9.jpg
여자연예인,이정현_13.jpg,3,C:\Users\한국전파진흥협회\Desktop\dataset\combined\images\여자연예인\이정현_13.jpg
여자연예인,이정현_17.jpg,4,C:\Users\한국전파진흥협회\Desktop\dataset\combined\images\여자연예인\이정현_17.jpg
여자연예인,이정현_2.jpg,4,C:\Users\한국전파진흥협회\Desktop\dataset\combined\images\여자연예인\이정현_2.jpg
여자연예인,이정현_5.jpg,4,C:\Users\한국전파진흥협회\Desktop\dataset\combined\images\여자연예인\이정현_5.jpg
여자연예인,이지은_2.jpg,5,C:\Users\한국전파진흥협회\Desktop\dataset\combined\images\여자연예인\이지은_2.jpg
여자연예인,이지은_4.jpg,5,C:\Users\한국전파진흥협회\Desktop\dataset\combined\images\여자연예인\이지은_4.jpg
여자연예인,이지은_5.jpg,5,C:\Users\한국전파진흥협회\Desktop\dataset\combined\images\여자연예인\이지은_5.jpg
여자연예인,임지연_11.jpg,5,C:\Users\한국전파진흥협회\Desktop\dataset\combined\images\여자연예인\임지연_11.jpg
여자연예인,임지연_2.jpg,5,C:\Users\한국전파진흥협회\Desktop\dataset\combined\images\여자연예인\임지연_2.jpg
여자연예인,임지연_5.jpg,5,C:\Users\한국전파진흥협회\Desktop\dataset\combined\images\여자연예인\임지연_5.jpg
여자연예인,임지연_7.jpg,4,C:\Users\한국전파진흥협회\Desktop\dataset\combined\images\여자연예인\임지연_7.jpg
여자연예인,임지연_9.jpg,4,C:\Users\한국전파진흥협회\Desktop\dataset\combined\images\여자연예인\임지연_9.jpg
여자연예인,전종서_1.jpg,4,C:\Users\한국전파진흥협회\Desktop\dataset\combined\images\여자연예인\전종서_1.jpg
여자연예인,전종서_2.jpg,4,C:\Users\한국전파진흥협회\Desktop\dataset\combined\images\여자연예인\전종서_2.jpg
여자연예인,전종서_5.jpg,4,C:\Users\한국전파진흥협회\Desktop\dataset\combined\images\여자연예인\전종서_5.jpg
여자연예인,전종서_6.jpg,4,C:\Users\한국전파진흥협회\Desktop\dataset\combined\images\여자연예인\전종서_6.jpg
여자연예인,전종서_7.jpg,3,C:\Users\한국전파진흥협회\Desktop\dataset\combined\images\여자연예인\전종서_7.jpg
여자연예인,전지현_11.jpg,5,C:\Users\한국전파진흥협회\Desktop\dataset\combined\images\여자연예인\전지현_11.jpg
여자연예인,전지현_12.jpg,5,C:\Users\한국전파진흥협회\Desktop\dataset\combined\images\여자연예인\전지현_12.jpg
여자연예인,전지현_3.jpg,5,C:\Users\한국전파진흥협회\Desktop\dataset\combined\images\여자연예인\전지현_3.jpg
여자연예인,전지현_7.jpg,5,C:\Users\한국전파진흥협회\Desktop\dataset\combined\images\여자연예인\전지현_7.jpg
여자연예인,전지현_9.jpg,5,C:\Users\한국전파진흥협회\Desktop\dataset\combined\images\여자연예인\전지현_9.jpg
여자연예인,정유미_1.jpg,4,C:\Users\한국전파진흥협회\Desktop\dataset\combined\images\여자연예인\정유미_1.jpg
여자연예인,정유미_2.jpg,5,C:\Users\한국전파진흥협회\Desktop\dataset\combined\images\여자연예인\정유미_2.jpg
여자연예인,정유미_5.jpg,4,C:\Users\한국전파진흥협회\Desktop\dataset\combined\images\여자연예인\정유미_5.jpg
여자연예인,정유미_8.jpg,4,C:\Users\한국전파진흥협회\Desktop\dataset\combined\images\여자연예인\정유미_8.jpg
여자연예인,채수빈_1.jpg,4,C:\Users\한국전파진흥협회\Desktop\dataset\combined\images\여자연예인\채수빈_1.jpg
여자연예인,채수빈_3.jpg,4,C:\Users\한국전파진흥협회\Desktop\dataset\combined\images\여자연예인\채수빈_3.jpg
여자연예인,채수빈_6.jpg,4,C:\Users\한국전파진흥협회\Desktop\dataset\combined\images\여자연예인\채수빈_6.jpg
여자연예인,채수빈_7.jpg,5,C:\Users\한국전파진흥협회\Desktop\dataset\combined\images\여자연예인\채수빈_7.jpg
여자연예인,한소희_1.jpg,5,C:\Users\한국전파진흥협회\Desktop\dataset\combined\images\여자연예인\한소희_1.jpg
여자연예인,한소희_10.jpg,5,C:\Users\한국전파진흥협회\Desktop\dataset\combined\images\여자연예인\한소희_10.jpg
여자연예인,한소희_14.jpg,5,C:\Users\한국전파진흥협회\Desktop\dataset\combined\images\여자연예인\한소희_14.jpg
여자연예인,한소희_5.jpg,5,C:\Users\한국전파진흥협회\Desktop\dataset\combined\images\여자연예인\한소희_5.jpg
여자연예인,한소희_6.jpg,5,C:\Users\한국전파진흥협회\Desktop\dataset\combined\images\여자연예인\한소희_6.jpg
여자연예인,한소희_8.jpg,4,C:\Users\한국전파진흥협회\Desktop\dataset\combined\images\여자연예인\한소희_8.jpg
여자연예인,한지민_10.jpg,4,C:\Users\한국전파진흥협회\Desktop\dataset\combined\images\여자연예인\한지민_10.jpg
여자연예인,한지민_14.jpg,5,C:\Users\한국전파진흥협회\Desktop\dataset\combined\images\여자연예인\한지민_14.jpg
여자연예인,한지민_2.jpg,5,C:\Users\한국전파진흥협회\Desktop\dataset\combined\images\여자연예인\한지민_2.jpg
여자연예인,한지민_6.jpg,5,C:\Users\한국전파진흥협회\Desktop\dataset\combined\images\여자연예인\한지민_6.jpg
여자연예인,한지민_7.jpg,5,C:\Users\한국전파진흥협회\Desktop\dataset\combined\images\여자연예인\한지민_7.jpg
